Category,Tool Name,Status,Description,SEO Keywords,Meta Description,Slug
Video/Audio Tools,YouTube Video Downloader,Present,YouTube Video Downloader helps users by providing functionality for youtube video downloader.,"youtube, video, downloader, ai tool, online tool",YouTube Video Downloader — Use this tool online to youtube quickly and easily.,youtube-video-downloader
Video/Audio Tools,AI Video Generator,Present,AI Video Generator helps users by providing functionality for ai video generator.,"video, generator, ai tool, online tool",AI Video Generator — Use this tool online to ai quickly and easily.,ai-video-generator
Video/Audio Tools,Podcast Transcriber,Present,Podcast Transcriber helps users by providing functionality for podcast transcriber.,"podcast, transcriber, ai tool, online tool",Podcast Transcriber — Use this tool online to podcast quickly and easily.,podcast-transcriber
Video/Audio Tools,AI Dubbing Tool,Present,AI Dubbing Tool helps users by providing functionality for ai dubbing tool.,"dubbing, tool, ai tool, online tool",AI Dubbing Tool — Use this tool online to ai quickly and easily.,ai-dubbing-tool
Video/Audio Tools,Video Upscaler,Present,Video Upscaler helps users by providing functionality for video upscaler.,"video, upscaler, ai tool, online tool",Video Upscaler — Use this tool online to video quickly and easily.,video-upscaler
Content Writing,Blog Generator AI,Present,Blog Generator AI helps users by providing functionality for blog generator ai.,"blog, generator, ai tool, online tool",Blog Generator AI — Use this tool online to blog quickly and easily.,blog-generator-ai
Content Writing,SEO Article Writer,Present,SEO Article Writer helps users by providing functionality for seo article writer.,"seo, article, writer, ai tool, online tool",SEO Article Writer — Use this tool online to seo quickly and easily.,seo-article-writer
Content Writing,Resume Builder AI,Present,Resume Builder AI helps users by providing functionality for resume builder ai.,"resume, builder, ai tool, online tool",Resume Builder AI — Use this tool online to resume quickly and easily.,resume-builder-ai
Content Writing,Email Writer AI,Present,Email Writer AI helps users by providing functionality for email writer ai.,"email, writer, ai tool, online tool",Email Writer AI — Use this tool online to email quickly and easily.,email-writer-ai
Content Writing,Story/Novel Generator,Present,Story/Novel Generator helps users by providing functionality for story/novel generator.,"story, novel, generator, ai tool, online tool",Story/Novel Generator — Use this tool online to story/novel quickly and easily.,storynovel-generator
SEO/Digital Marketing,Keyword Planner AI,Present,Keyword Planner AI helps users by providing functionality for keyword planner ai.,"keyword, planner, ai tool, online tool",Keyword Planner AI — Use this tool online to keyword quickly and easily.,keyword-planner-ai
SEO/Digital Marketing,Backlink Generator,Present,Backlink Generator helps users by providing functionality for backlink generator.,"backlink, generator, ai tool, online tool",Backlink Generator — Use this tool online to backlink quickly and easily.,backlink-generator
SEO/Digital Marketing,Meta Description Optimizer,Present,Meta Description Optimizer helps users by providing functionality for meta description optimizer.,"meta, description, optimizer, ai tool, online tool",Meta Description Optimizer — Use this tool online to meta quickly and easily.,meta-description-optimizer
SEO/Digital Marketing,Rank Tracker AI,Present,Rank Tracker AI helps users by providing functionality for rank tracker ai.,"rank, tracker, ai tool, online tool",Rank Tracker AI — Use this tool online to rank quickly and easily.,rank-tracker-ai
SEO/Digital Marketing,Page Speed Analyzer,Present,Page Speed Analyzer helps users by providing functionality for page speed analyzer.,"page, speed, analyzer, ai tool, online tool",Page Speed Analyzer — Use this tool online to page quickly and easily.,page-speed-analyzer
Design/Creative,AI Logo Generator,Present,AI Logo Generator helps users by providing functionality for ai logo generator.,"logo, generator, ai tool, online tool",AI Logo Generator — Use this tool online to ai quickly and easily.,ai-logo-generator
Design/Creative,YouTube Thumbnail Generator,Present,YouTube Thumbnail Generator helps users by providing functionality for youtube thumbnail generator.,"youtube, thumbnail, generator, ai tool, online tool",YouTube Thumbnail Generator — Use this tool online to youtube quickly and easily.,youtube-thumbnail-generator
Design/Creative,3D Model Generator,Present,3D Model Generator helps users by providing functionality for 3d model generator.,"model, generator, ai tool, online tool",3D Model Generator — Use this tool online to 3d quickly and easily.,3d-model-generator
Design/Creative,Poster Generator,Present,Poster Generator helps users by providing functionality for poster generator.,"poster, generator, ai tool, online tool",Poster Generator — Use this tool online to poster quickly and easily.,poster-generator
Design/Creative,NFT Art Creator,Present,NFT Art Creator helps users by providing functionality for nft art creator.,"nft, art, creator, ai tool, online tool",NFT Art Creator — Use this tool online to nft quickly and easily.,nft-art-creator
Developers/Coding,AI Code Generator,Present,AI Code Generator helps users by providing functionality for ai code generator.,"code, generator, ai tool, online tool",AI Code Generator — Use this tool online to ai quickly and easily.,ai-code-generator
Developers/Coding,Code Debugger AI,Present,Code Debugger AI helps users by providing functionality for code debugger ai.,"code, debugger, ai tool, online tool",Code Debugger AI — Use this tool online to code quickly and easily.,code-debugger-ai
Developers/Coding,API Documentation Generator,Present,API Documentation Generator helps users by providing functionality for api documentation generator.,"api, documentation, generator, ai tool, online tool",API Documentation Generator — Use this tool online to api quickly and easily.,api-documentation-generator
Developers/Coding,SQL Query Generator,Present,SQL Query Generator helps users by providing functionality for sql query generator.,"sql, query, generator, ai tool, online tool",SQL Query Generator — Use this tool online to sql quickly and easily.,sql-query-generator
Developers/Coding,Regex Builder,Present,Regex Builder helps users by providing functionality for regex builder.,"regex, builder, ai tool, online tool",Regex Builder — Use this tool online to regex quickly and easily.,regex-builder
Business/Finance,Invoice Generator,Present,Invoice Generator helps users by providing functionality for invoice generator.,"invoice, generator, ai tool, online tool",Invoice Generator — Use this tool online to invoice quickly and easily.,invoice-generator
Business/Finance,Expense Tracker,Present,Expense Tracker helps users by providing functionality for expense tracker.,"expense, tracker, ai tool, online tool",Expense Tracker — Use this tool online to expense quickly and easily.,expense-tracker
Business/Finance,AI Trading Bot,Present,AI Trading Bot helps users by providing functionality for ai trading bot.,"trading, bot, ai tool, online tool",AI Trading Bot — Use this tool online to ai quickly and easily.,ai-trading-bot
Business/Finance,Business Plan Generator,Present,Business Plan Generator helps users by providing functionality for business plan generator.,"business, plan, generator, ai tool, online tool",Business Plan Generator — Use this tool online to business quickly and easily.,business-plan-generator
Business/Finance,Crypto Wallet Tracker,Present,Crypto Wallet Tracker helps users by providing functionality for crypto wallet tracker.,"crypto, wallet, tracker, ai tool, online tool",Crypto Wallet Tracker — Use this tool online to crypto quickly and easily.,crypto-wallet-tracker
Technology/Future,AI + Blockchain Contract Generator,Present,AI + Blockchain Contract Generator helps users by providing functionality for ai + blockchain contract generator.,"blockchain, contract, generator, ai tool, online tool",AI + Blockchain Contract Generator — Use this tool online to ai quickly and easily.,ai-blockchain-contract-generator
Technology/Future,AR/VR Experience Creator,Present,AR/VR Experience Creator helps users by providing functionality for ar/vr experience creator.,"experience, creator, ai tool, online tool",AR/VR Experience Creator — Use this tool online to ar/vr quickly and easily.,arvr-experience-creator
Technology/Future,Quantum Computing Simulator,Present,Quantum Computing Simulator helps users by providing functionality for quantum computing simulator.,"quantum, computing, simulator, ai tool, online tool",Quantum Computing Simulator — Use this tool online to quantum quickly and easily.,quantum-computing-simulator
Technology/Future,AI Robot Controller,Present,AI Robot Controller helps users by providing functionality for ai robot controller.,"robot, controller, ai tool, online tool",AI Robot Controller — Use this tool online to ai quickly and easily.,ai-robot-controller
Technology/Future,Metaverse Avatar Designer,Present,Metaverse Avatar Designer helps users by providing functionality for metaverse avatar designer.,"metaverse, avatar, designer, ai tool, online tool",Metaverse Avatar Designer — Use this tool online to metaverse quickly and easily.,metaverse-avatar-designer
Personal/Lifestyle,Meditation Guide AI,Present,Meditation Guide AI helps users by providing functionality for meditation guide ai.,"meditation, guide, ai tool, online tool",Meditation Guide AI — Use this tool online to meditation quickly and easily.,meditation-guide-ai
Personal/Lifestyle,Workout Planner,Present,Workout Planner helps users by providing functionality for workout planner.,"workout, planner, ai tool, online tool",Workout Planner — Use this tool online to workout quickly and easily.,workout-planner
Personal/Lifestyle,Diet Planner AI,Present,Diet Planner AI helps users by providing functionality for diet planner ai.,"diet, planner, ai tool, online tool",Diet Planner AI — Use this tool online to diet quickly and easily.,diet-planner-ai
Personal/Lifestyle,Travel Planner AI,Present,Travel Planner AI helps users by providing functionality for travel planner ai.,"travel, planner, ai tool, online tool",Travel Planner AI — Use this tool online to travel quickly and easily.,travel-planner-ai
Personal/Lifestyle,Language Translator (Real-time),Present,Language Translator (Real-time) helps users by providing functionality for language translator (real-time).,"language, translator, (real, time), ai tool, online tool",Language Translator (Real-time) — Use this tool online to language quickly and easily.,language-translator-real-time
Education/Learning,AI Tutor,Present,AI Tutor helps users by providing functionality for ai tutor.,"tutor, ai tool, online tool",AI Tutor — Use this tool online to ai quickly and easily.,ai-tutor
Education/Learning,Flashcard Generator,Present,Flashcard Generator helps users by providing functionality for flashcard generator.,"flashcard, generator, ai tool, online tool",Flashcard Generator — Use this tool online to flashcard quickly and easily.,flashcard-generator
Education/Learning,Exam Paper Generator,Present,Exam Paper Generator helps users by providing functionality for exam paper generator.,"exam, paper, generator, ai tool, online tool",Exam Paper Generator — Use this tool online to exam quickly and easily.,exam-paper-generator
Education/Learning,Lesson Plan AI,Present,Lesson Plan AI helps users by providing functionality for lesson plan ai.,"lesson, plan, ai tool, online tool",Lesson Plan AI — Use this tool online to lesson quickly and easily.,lesson-plan-ai
Education/Learning,Course Builder AI,Present,Course Builder AI helps users by providing functionality for course builder ai.,"course, builder, ai tool, online tool",Course Builder AI — Use this tool online to course quickly and easily.,course-builder-ai
HealthTech/BioTech,AI Symptom Checker,Present,AI Symptom Checker helps users by providing functionality for ai symptom checker.,"symptom, checker, ai tool, online tool",AI Symptom Checker — Use this tool online to ai quickly and easily.,ai-symptom-checker
HealthTech/BioTech,Telemedicine Assistant,Present,Telemedicine Assistant helps users by providing functionality for telemedicine assistant.,"telemedicine, assistant, ai tool, online tool",Telemedicine Assistant — Use this tool online to telemedicine quickly and easily.,telemedicine-assistant
HealthTech/BioTech,Medical Transcription,Present,Medical Transcription helps users by providing functionality for medical transcription.,"medical, transcription, ai tool, online tool",Medical Transcription — Use this tool online to medical quickly and easily.,medical-transcription
HealthTech/BioTech,Nutrition Analyzer,Present,Nutrition Analyzer helps users by providing functionality for nutrition analyzer.,"nutrition, analyzer, ai tool, online tool",Nutrition Analyzer — Use this tool online to nutrition quickly and easily.,nutrition-analyzer
HealthTech/BioTech,Gene Editing Simulator,Present,Gene Editing Simulator helps users by providing functionality for gene editing simulator.,"gene, editing, simulator, ai tool, online tool",Gene Editing Simulator — Use this tool online to gene quickly and easily.,gene-editing-simulator
Climate/Environment,Carbon Footprint Calculator,Present,Carbon Footprint Calculator helps users by providing functionality for carbon footprint calculator.,"carbon, footprint, calculator, ai tool, online tool",Carbon Footprint Calculator — Use this tool online to carbon quickly and easily.,carbon-footprint-calculator
Climate/Environment,Climate Prediction AI,Present,Climate Prediction AI helps users by providing functionality for climate prediction ai.,"climate, prediction, ai tool, online tool",Climate Prediction AI — Use this tool online to climate quickly and easily.,climate-prediction-ai
Climate/Environment,Energy Optimizer,Present,Energy Optimizer helps users by providing functionality for energy optimizer.,"energy, optimizer, ai tool, online tool",Energy Optimizer — Use this tool online to energy quickly and easily.,energy-optimizer
Climate/Environment,Pollution Monitor,Present,Pollution Monitor helps users by providing functionality for pollution monitor.,"pollution, monitor, ai tool, online tool",Pollution Monitor — Use this tool online to pollution quickly and easily.,pollution-monitor
Climate/Environment,Sustainable Planner,Present,Sustainable Planner helps users by providing functionality for sustainable planner.,"sustainable, planner, ai tool, online tool",Sustainable Planner — Use this tool online to sustainable quickly and easily.,sustainable-planner
Space/Astronomy,Space Data Visualizer,Present,Space Data Visualizer helps users by providing functionality for space data visualizer.,"space, data, visualizer, ai tool, online tool",Space Data Visualizer — Use this tool online to space quickly and easily.,space-data-visualizer
Space/Astronomy,Satellite Planner,Present,Satellite Planner helps users by providing functionality for satellite planner.,"satellite, planner, ai tool, online tool",Satellite Planner — Use this tool online to satellite quickly and easily.,satellite-planner
Space/Astronomy,Orbital Simulator,Present,Orbital Simulator helps users by providing functionality for orbital simulator.,"orbital, simulator, ai tool, online tool",Orbital Simulator — Use this tool online to orbital quickly and easily.,orbital-simulator
Space/Astronomy,Astronomy Image Enhancer,Present,Astronomy Image Enhancer helps users by providing functionality for astronomy image enhancer.,"astronomy, image, enhancer, ai tool, online tool",Astronomy Image Enhancer — Use this tool online to astronomy quickly and easily.,astronomy-image-enhancer
Space/Astronomy,Mission Planner AI,Present,Mission Planner AI helps users by providing functionality for mission planner ai.,"mission, planner, ai tool, online tool",Mission Planner AI — Use this tool online to mission quickly and easily.,mission-planner-ai
Gaming/ARVR,Text to Game Generator,Present,Text to Game Generator helps users by providing functionality for text to game generator.,"text, game, generator, ai tool, online tool",Text to Game Generator — Use this tool online to text quickly and easily.,text-to-game-generator
Gaming/ARVR,Game Asset Generator,Present,Game Asset Generator helps users by providing functionality for game asset generator.,"game, asset, generator, ai tool, online tool",Game Asset Generator — Use this tool online to game quickly and easily.,game-asset-generator
Gaming/ARVR,AI NPC Designer,Present,AI NPC Designer helps users by providing functionality for ai npc designer.,"npc, designer, ai tool, online tool",AI NPC Designer — Use this tool online to ai quickly and easily.,ai-npc-designer
Gaming/ARVR,VR Level Builder,Present,VR Level Builder helps users by providing functionality for vr level builder.,"level, builder, ai tool, online tool",VR Level Builder — Use this tool online to vr quickly and easily.,vr-level-builder
Gaming/ARVR,Game Balancer AI,Present,Game Balancer AI helps users by providing functionality for game balancer ai.,"game, balancer, ai tool, online tool",Game Balancer AI — Use this tool online to game quickly and easily.,game-balancer-ai
IoT/Robotics,Smart Home Dashboard,Present,Smart Home Dashboard helps users by providing functionality for smart home dashboard.,"smart, home, dashboard, ai tool, online tool",Smart Home Dashboard — Use this tool online to smart quickly and easily.,smart-home-dashboard
IoT/Robotics,Drone Route Planner,Present,Drone Route Planner helps users by providing functionality for drone route planner.,"drone, route, planner, ai tool, online tool",Drone Route Planner — Use this tool online to drone quickly and easily.,drone-route-planner
IoT/Robotics,Robot Simulation,Present,Robot Simulation helps users by providing functionality for robot simulation.,"robot, simulation, ai tool, online tool",Robot Simulation — Use this tool online to robot quickly and easily.,robot-simulation
IoT/Robotics,Sensor Data Visualizer,Present,Sensor Data Visualizer helps users by providing functionality for sensor data visualizer.,"sensor, data, visualizer, ai tool, online tool",Sensor Data Visualizer — Use this tool online to sensor quickly and easily.,sensor-data-visualizer
IoT/Robotics,Edge AI Deployer,Present,Edge AI Deployer helps users by providing functionality for edge ai deployer.,"edge, deployer, ai tool, online tool",Edge AI Deployer — Use this tool online to edge quickly and easily.,edge-ai-deployer
Generative Science,Protein Fold Generator,Present,Protein Fold Generator helps users by providing functionality for protein fold generator.,"protein, fold, generator, ai tool, online tool",Protein Fold Generator — Use this tool online to protein quickly and easily.,protein-fold-generator
Generative Science,Chemical Reaction Simulator,Present,Chemical Reaction Simulator helps users by providing functionality for chemical reaction simulator.,"chemical, reaction, simulator, ai tool, online tool",Chemical Reaction Simulator — Use this tool online to chemical quickly and easily.,chemical-reaction-simulator
Generative Science,Material Designer AI,Present,Material Designer AI helps users by providing functionality for material designer ai.,"material, designer, ai tool, online tool",Material Designer AI — Use this tool online to material quickly and easily.,material-designer-ai
Generative Science,Generative Physics Engine,Present,Generative Physics Engine helps users by providing functionality for generative physics engine.,"generative, physics, engine, ai tool, online tool",Generative Physics Engine — Use this tool online to generative quickly and easily.,generative-physics-engine
Generative Science,Synthetic Biology Designer,Present,Synthetic Biology Designer helps users by providing functionality for synthetic biology designer.,"synthetic, biology, designer, ai tool, online tool",Synthetic Biology Designer — Use this tool online to synthetic quickly and easily.,synthetic-biology-designer
Entertainment/Culture,Meme Generator,Present,Meme Generator helps users by providing functionality for meme generator.,"meme, generator, ai tool, online tool",Meme Generator — Use this tool online to meme quickly and easily.,meme-generator
Entertainment/Culture,AI DJ/Music Generator,Present,AI DJ/Music Generator helps users by providing functionality for ai dj/music generator.,"music, generator, ai tool, online tool",AI DJ/Music Generator — Use this tool online to ai quickly and easily.,ai-djmusic-generator
Entertainment/Culture,Movie Poster Creator,Present,Movie Poster Creator helps users by providing functionality for movie poster creator.,"movie, poster, creator, ai tool, online tool",Movie Poster Creator — Use this tool online to movie quickly and easily.,movie-poster-creator
Entertainment/Culture,Celebrity Voice Synth,Present,Celebrity Voice Synth helps users by providing functionality for celebrity voice synth.,"celebrity, voice, synth, ai tool, online tool",Celebrity Voice Synth — Use this tool online to celebrity quickly and easily.,celebrity-voice-synth
Entertainment/Culture,Cultural Insights AI,Present,Cultural Insights AI helps users by providing functionality for cultural insights ai.,"cultural, insights, ai tool, online tool",Cultural Insights AI — Use this tool online to cultural quickly and easily.,cultural-insights-ai
Video/Audio Tools,Gami Manager Studio,Generative,Gami Manager Studio helps users by providing functionality for gami manager studio.,"gami, manager, studio, ai tool, online tool",Gami Manager Studio — Use this tool online to gami quickly and easily.,gami-manager-studio
Developers/Coding,Generative Deve Mixer,Generative,Generative Deve Mixer helps users by providing functionality for generative deve mixer.,"generative, deve, mixer, ai tool, online tool",Generative Deve Mixer — Use this tool online to generative quickly and easily.,generative-deve-mixer
SEO/Digital Marketing,Iot/ Finder AI,Generative,Iot/ Finder AI helps users by providing functionality for iot/ finder ai.,"iot, finder, ai tool, online tool",Iot/ Finder AI — Use this tool online to iot/ quickly and easily.,iot-finder-ai
SEO/Digital Marketing,AI VideTool Bot Pro,Present,AI VideTool Bot Pro helps users by providing functionality for ai videtool bot pro.,"videtool, bot, pro, ai tool, online tool",AI VideTool Bot Pro — Use this tool online to ai quickly and easily.,ai-videtool-bot-pro
Video/Audio Tools,Instant Heal Aligner,Generative,Instant Heal Aligner helps users by providing functionality for instant heal aligner.,"instant, heal, aligner, ai tool, online tool",Instant Heal Aligner — Use this tool online to instant quickly and easily.,instant-heal-aligner
IoT/Robotics,GeneScie Generator X,Present,GeneScie Generator X helps users by providing functionality for genescie generator x.,"genescie, generator, ai tool, online tool",GeneScie Generator X — Use this tool online to genescie quickly and easily.,genescie-generator-x
Video/Audio Tools,Auto Spac Manager Builder,Generative,Auto Spac Manager Builder helps users by providing functionality for auto spac manager builder.,"auto, spac, manager, builder, ai tool, online tool",Auto Spac Manager Builder — Use this tool online to auto quickly and easily.,auto-spac-manager-builder
IoT/Robotics,Desi Optimizer AI,Present,Desi Optimizer AI helps users by providing functionality for desi optimizer ai.,"desi, optimizer, ai tool, online tool",Desi Optimizer AI — Use this tool online to desi quickly and easily.,desi-optimizer-ai
Climate/Environment,Generative Desi Analyzer,Present,Generative Desi Analyzer helps users by providing functionality for generative desi analyzer.,"generative, desi, analyzer, ai tool, online tool",Generative Desi Analyzer — Use this tool online to generative quickly and easily.,generative-desi-analyzer
Space/Astronomy,Pers Detector Studio,Future,Pers Detector Studio helps users by providing cutting-edge functionality for pers detector studio.,"pers, detector, studio, ai tool, online tool",Pers Detector Studio — Use this tool online to pers quickly and easily.,pers-detector-studio
Content Writing,Auto Spac Composer Builder,Generative,Auto Spac Composer Builder helps users by providing functionality for auto spac composer builder.,"auto, spac, composer, builder, ai tool, online tool",Auto Spac Composer Builder — Use this tool online to auto quickly and easily.,auto-spac-composer-builder
Gaming/ARVR,Clim Tracker Studio,Present,Clim Tracker Studio helps users by providing functionality for clim tracker studio.,"clim, tracker, studio, ai tool, online tool",Clim Tracker Studio — Use this tool online to clim quickly and easily.,clim-tracker-studio
Space/Astronomy,NextGen Busi Composer,Generative,NextGen Busi Composer helps users by providing functionality for nextgen busi composer.,"nextgen, busi, composer, ai tool, online tool",NextGen Busi Composer — Use this tool online to nextgen quickly and easily.,nextgen-busi-composer
Content Writing,Iot/ Synth Studio,Generative,Iot/ Synth Studio helps users by providing functionality for iot/ synth studio.,"iot, synth, studio, ai tool, online tool",Iot/ Synth Studio — Use this tool online to iot/ quickly and easily.,iot-synth-studio
SEO/Digital Marketing,Auto Ente Creator Builder,Future,Auto Ente Creator Builder helps users by providing cutting-edge functionality for auto ente creator builder.,"auto, ente, creator, builder, ai tool, online tool",Auto Ente Creator Builder — Use this tool online to auto quickly and easily.,auto-ente-creator-builder
Education/Learning,Cloud ContWrit Mapper Service,Present,Cloud ContWrit Mapper Service helps users by providing functionality for cloud contwrit mapper service.,"cloud, contwrit, mapper, service, ai tool, online tool",Cloud ContWrit Mapper Service — Use this tool online to cloud quickly and easily.,cloud-contwrit-mapper-service
Space/Astronomy,Smart Pers Builder,Present,Smart Pers Builder helps users by providing functionality for smart pers builder.,"smart, pers, builder, ai tool, online tool",Smart Pers Builder — Use this tool online to smart quickly and easily.,smart-pers-builder
SEO/Digital Marketing,Auto Iot/ Creator Builder,Generative,Auto Iot/ Creator Builder helps users by providing functionality for auto iot/ creator builder.,"auto, iot, creator, builder, ai tool, online tool",Auto Iot/ Creator Builder — Use this tool online to auto quickly and easily.,auto-iot-creator-builder
Personal/Lifestyle,Desi Planner 2.0,Present,Desi Planner 2.0 helps users by providing functionality for desi planner 2.0.,"desi, planner, 2.0, ai tool, online tool",Desi Planner 2.0 — Use this tool online to desi quickly and easily.,desi-planner-20
Personal/Lifestyle,Auto Pers Detector Builder,Generative,Auto Pers Detector Builder helps users by providing functionality for auto pers detector builder.,"auto, pers, detector, builder, ai tool, online tool",Auto Pers Detector Builder — Use this tool online to auto quickly and easily.,auto-pers-detector-builder
Content Writing,Virtual Ente Optimizer,Present,Virtual Ente Optimizer helps users by providing functionality for virtual ente optimizer.,"virtual, ente, optimizer, ai tool, online tool",Virtual Ente Optimizer — Use this tool online to virtual quickly and easily.,virtual-ente-optimizer
Climate/Environment,Virtual VideTool Bot,Present,Virtual VideTool Bot helps users by providing functionality for virtual videtool bot.,"virtual, videtool, bot, ai tool, online tool",Virtual VideTool Bot — Use this tool online to virtual quickly and easily.,virtual-videtool-bot
Climate/Environment,Generative ContWrit Dashboard,Present,Generative ContWrit Dashboard helps users by providing functionality for generative contwrit dashboard.,"generative, contwrit, dashboard, ai tool, online tool",Generative ContWrit Dashboard — Use this tool online to generative quickly and easily.,generative-contwrit-dashboard
Generative Science,Cloud Heal Mixer Service,Present,Cloud Heal Mixer Service helps users by providing functionality for cloud heal mixer service.,"cloud, heal, mixer, service, ai tool, online tool",Cloud Heal Mixer Service — Use this tool online to cloud quickly and easily.,cloud-heal-mixer-service
Education/Learning,Generative Seo/Mark Lab,Generative,Generative Seo/Mark Lab helps users by providing functionality for generative seo/mark lab.,"generative, seo, mark, lab, ai tool, online tool",Generative Seo/Mark Lab — Use this tool online to generative quickly and easily.,generative-seomark-lab
Gaming/ARVR,Instant Educ Enhancer,Present,Instant Educ Enhancer helps users by providing functionality for instant educ enhancer.,"instant, educ, enhancer, ai tool, online tool",Instant Educ Enhancer — Use this tool online to instant quickly and easily.,instant-educ-enhancer
Entertainment/Culture,Seo/Mark Toolkit 2.0,Present,Seo/Mark Toolkit 2.0 helps users by providing functionality for seo/mark toolkit 2.0.,"seo, mark, toolkit, 2.0, ai tool, online tool",Seo/Mark Toolkit 2.0 — Use this tool online to seo/mark quickly and easily.,seomark-toolkit-20
Design/Creative,NextGen VideTool Aligner,Present,NextGen VideTool Aligner helps users by providing functionality for nextgen videtool aligner.,"nextgen, videtool, aligner, ai tool, online tool",NextGen VideTool Aligner — Use this tool online to nextgen quickly and easily.,nextgen-videtool-aligner
IoT/Robotics,Virtual Desi Optimizer,Generative,Virtual Desi Optimizer helps users by providing functionality for virtual desi optimizer.,"virtual, desi, optimizer, ai tool, online tool",Virtual Desi Optimizer — Use this tool online to virtual quickly and easily.,virtual-desi-optimizer
Generative Science,Cloud Pers Manager Service,Generative,Cloud Pers Manager Service helps users by providing functionality for cloud pers manager service.,"cloud, pers, manager, service, ai tool, online tool",Cloud Pers Manager Service — Use this tool online to cloud quickly and easily.,cloud-pers-manager-service
Video/Audio Tools,NextGen Clim Composer,Generative,NextGen Clim Composer helps users by providing functionality for nextgen clim composer.,"nextgen, clim, composer, ai tool, online tool",NextGen Clim Composer — Use this tool online to nextgen quickly and easily.,nextgen-clim-composer
Education/Learning,Seo/Mark Assistant X,Generative,Seo/Mark Assistant X helps users by providing functionality for seo/mark assistant x.,"seo, mark, assistant, ai tool, online tool",Seo/Mark Assistant X — Use this tool online to seo/mark quickly and easily.,seomark-assistant-x
HealthTech/BioTech,Tech Toolkit Studio,Present,Tech Toolkit Studio helps users by providing functionality for tech toolkit studio.,"tech, toolkit, studio, ai tool, online tool",Tech Toolkit Studio — Use this tool online to tech quickly and easily.,tech-toolkit-studio
Education/Learning,AI Educ Aligner Pro,Future,AI Educ Aligner Pro helps users by providing cutting-edge functionality for ai educ aligner pro.,"educ, aligner, pro, ai tool, online tool",AI Educ Aligner Pro — Use this tool online to ai quickly and easily.,ai-educ-aligner-pro
Design/Creative,Smart Ente Converter,Future,Smart Ente Converter helps users by providing cutting-edge functionality for smart ente converter.,"smart, ente, converter, ai tool, online tool",Smart Ente Converter — Use this tool online to smart quickly and easily.,smart-ente-converter
Technology/Future,NextGen Busi Synth,Present,NextGen Busi Synth helps users by providing functionality for nextgen busi synth.,"nextgen, busi, synth, ai tool, online tool",NextGen Busi Synth — Use this tool online to nextgen quickly and easily.,nextgen-busi-synth
Video/Audio Tools,Virtual Clim Bot,Generative,Virtual Clim Bot helps users by providing functionality for virtual clim bot.,"virtual, clim, bot, ai tool, online tool",Virtual Clim Bot — Use this tool online to virtual quickly and easily.,virtual-clim-bot
Design/Creative,AI Heal Bot Pro,Future,AI Heal Bot Pro helps users by providing cutting-edge functionality for ai heal bot pro.,"heal, bot, pro, ai tool, online tool",AI Heal Bot Pro — Use this tool online to ai quickly and easily.,ai-heal-bot-pro
Personal/Lifestyle,Auto Ente Composer Builder,Present,Auto Ente Composer Builder helps users by providing functionality for auto ente composer builder.,"auto, ente, composer, builder, ai tool, online tool",Auto Ente Composer Builder — Use this tool online to auto quickly and easily.,auto-ente-composer-builder
SEO/Digital Marketing,Spac Builder Studio,Generative,Spac Builder Studio helps users by providing functionality for spac builder studio.,"spac, builder, studio, ai tool, online tool",Spac Builder Studio — Use this tool online to spac quickly and easily.,spac-builder-studio
Developers/Coding,Virtual ContWrit Planner,Present,Virtual ContWrit Planner helps users by providing functionality for virtual contwrit planner.,"virtual, contwrit, planner, ai tool, online tool",Virtual ContWrit Planner — Use this tool online to virtual quickly and easily.,virtual-contwrit-planner
Business/Finance,Heal Planner 2.0,Present,Heal Planner 2.0 helps users by providing functionality for heal planner 2.0.,"heal, planner, 2.0, ai tool, online tool",Heal Planner 2.0 — Use this tool online to heal quickly and easily.,heal-planner-20
Technology/Future,Cloud Spac Aligner Service,Future,Cloud Spac Aligner Service helps users by providing cutting-edge functionality for cloud spac aligner service.,"cloud, spac, aligner, service, ai tool, online tool",Cloud Spac Aligner Service — Use this tool online to cloud quickly and easily.,cloud-spac-aligner-service
Technology/Future,GeneScie Synth AI,Generative,GeneScie Synth AI helps users by providing functionality for genescie synth ai.,"genescie, synth, ai tool, online tool",GeneScie Synth AI — Use this tool online to genescie quickly and easily.,genescie-synth-ai
Space/Astronomy,Pers Synth X,Present,Pers Synth X helps users by providing functionality for pers synth x.,"pers, synth, ai tool, online tool",Pers Synth X — Use this tool online to pers quickly and easily.,pers-synth-x
Design/Creative,Clim Builder Analyzer,Present,Clim Builder Analyzer helps users by providing functionality for clim builder analyzer.,"clim, builder, analyzer, ai tool, online tool",Clim Builder Analyzer — Use this tool online to clim quickly and easily.,clim-builder-analyzer
Video/Audio Tools,ContWrit Assistant Assistant,Generative,ContWrit Assistant Assistant helps users by providing functionality for contwrit assistant assistant.,"contwrit, assistant, assistant, ai tool, online tool",ContWrit Assistant Assistant — Use this tool online to contwrit quickly and easily.,contwrit-assistant-assistant
Personal/Lifestyle,Instant Deve Editor,Present,Instant Deve Editor helps users by providing functionality for instant deve editor.,"instant, deve, editor, ai tool, online tool",Instant Deve Editor — Use this tool online to instant quickly and easily.,instant-deve-editor
Content Writing,Iot/ Aligner X,Present,Iot/ Aligner X helps users by providing functionality for iot/ aligner x.,"iot, aligner, ai tool, online tool",Iot/ Aligner X — Use this tool online to iot/ quickly and easily.,iot-aligner-x
Climate/Environment,NextGen VideTool Bot,Present,NextGen VideTool Bot helps users by providing functionality for nextgen videtool bot.,"nextgen, videtool, bot, ai tool, online tool",NextGen VideTool Bot — Use this tool online to nextgen quickly and easily.,nextgen-videtool-bot
Entertainment/Culture,Auto Deve Studio Builder,Present,Auto Deve Studio Builder helps users by providing functionality for auto deve studio builder.,"auto, deve, studio, builder, ai tool, online tool",Auto Deve Studio Builder — Use this tool online to auto quickly and easily.,auto-deve-studio-builder
Entertainment/Culture,Seo/Mark Manager AI,Present,Seo/Mark Manager AI helps users by providing functionality for seo/mark manager ai.,"seo, mark, manager, ai tool, online tool",Seo/Mark Manager AI — Use this tool online to seo/mark quickly and easily.,seomark-manager-ai
IoT/Robotics,Virtual Heal Finder,Present,Virtual Heal Finder helps users by providing functionality for virtual heal finder.,"virtual, heal, finder, ai tool, online tool",Virtual Heal Finder — Use this tool online to virtual quickly and easily.,virtual-heal-finder
IoT/Robotics,ContWrit Composer X,Present,ContWrit Composer X helps users by providing functionality for contwrit composer x.,"contwrit, composer, ai tool, online tool",ContWrit Composer X — Use this tool online to contwrit quickly and easily.,contwrit-composer-x
Content Writing,Educ Generator Analyzer,Generative,Educ Generator Analyzer helps users by providing functionality for educ generator analyzer.,"educ, generator, analyzer, ai tool, online tool",Educ Generator Analyzer — Use this tool online to educ quickly and easily.,educ-generator-analyzer
Content Writing,Gami Toolkit Studio,Present,Gami Toolkit Studio helps users by providing functionality for gami toolkit studio.,"gami, toolkit, studio, ai tool, online tool",Gami Toolkit Studio — Use this tool online to gami quickly and easily.,gami-toolkit-studio
Design/Creative,Virtual Tech Studio,Present,Virtual Tech Studio helps users by providing functionality for virtual tech studio.,"virtual, tech, studio, ai tool, online tool",Virtual Tech Studio — Use this tool online to virtual quickly and easily.,virtual-tech-studio
Generative Science,Desi Lab 2.0,Present,Desi Lab 2.0 helps users by providing functionality for desi lab 2.0.,"desi, lab, 2.0, ai tool, online tool",Desi Lab 2.0 — Use this tool online to desi quickly and easily.,desi-lab-20
Generative Science,Auto Desi Manager Builder,Present,Auto Desi Manager Builder helps users by providing functionality for auto desi manager builder.,"auto, desi, manager, builder, ai tool, online tool",Auto Desi Manager Builder — Use this tool online to auto quickly and easily.,auto-desi-manager-builder
Design/Creative,ContWrit Detector Analyzer,Present,ContWrit Detector Analyzer helps users by providing functionality for contwrit detector analyzer.,"contwrit, detector, analyzer, ai tool, online tool",ContWrit Detector Analyzer — Use this tool online to contwrit quickly and easily.,contwrit-detector-analyzer
Video/Audio Tools,NextGen Clim Bot,Future,NextGen Clim Bot helps users by providing cutting-edge functionality for nextgen clim bot.,"nextgen, clim, bot, ai tool, online tool",NextGen Clim Bot — Use this tool online to nextgen quickly and easily.,nextgen-clim-bot
Personal/Lifestyle,NextGen GeneScie Mixer,Present,NextGen GeneScie Mixer helps users by providing functionality for nextgen genescie mixer.,"nextgen, genescie, mixer, ai tool, online tool",NextGen GeneScie Mixer — Use this tool online to nextgen quickly and easily.,nextgen-genescie-mixer
Technology/Future,Heal Tracker Analyzer,Future,Heal Tracker Analyzer helps users by providing cutting-edge functionality for heal tracker analyzer.,"heal, tracker, analyzer, ai tool, online tool",Heal Tracker Analyzer — Use this tool online to heal quickly and easily.,heal-tracker-analyzer
Gaming/ARVR,Smart ContWrit Builder,Present,Smart ContWrit Builder helps users by providing functionality for smart contwrit builder.,"smart, contwrit, builder, ai tool, online tool",Smart ContWrit Builder — Use this tool online to smart quickly and easily.,smart-contwrit-builder
Generative Science,Auto Pers Studio Builder,Present,Auto Pers Studio Builder helps users by providing functionality for auto pers studio builder.,"auto, pers, studio, builder, ai tool, online tool",Auto Pers Studio Builder — Use this tool online to auto quickly and easily.,auto-pers-studio-builder
Entertainment/Culture,Iot/ Toolkit AI,Present,Iot/ Toolkit AI helps users by providing functionality for iot/ toolkit ai.,"iot, toolkit, ai tool, online tool",Iot/ Toolkit AI — Use this tool online to iot/ quickly and easily.,iot-toolkit-ai
Content Writing,Generative Busi Mixer,Generative,Generative Busi Mixer helps users by providing functionality for generative busi mixer.,"generative, busi, mixer, ai tool, online tool",Generative Busi Mixer — Use this tool online to generative quickly and easily.,generative-busi-mixer
Climate/Environment,AI Clim Studio Pro,Present,AI Clim Studio Pro helps users by providing functionality for ai clim studio pro.,"clim, studio, pro, ai tool, online tool",AI Clim Studio Pro — Use this tool online to ai quickly and easily.,ai-clim-studio-pro
Business/Finance,Spac Editor Analyzer,Present,Spac Editor Analyzer helps users by providing functionality for spac editor analyzer.,"spac, editor, analyzer, ai tool, online tool",Spac Editor Analyzer — Use this tool online to spac quickly and easily.,spac-editor-analyzer
Business/Finance,Clim Converter Studio,Present,Clim Converter Studio helps users by providing functionality for clim converter studio.,"clim, converter, studio, ai tool, online tool",Clim Converter Studio — Use this tool online to clim quickly and easily.,clim-converter-studio
Personal/Lifestyle,ContWrit Finder X,Present,ContWrit Finder X helps users by providing functionality for contwrit finder x.,"contwrit, finder, ai tool, online tool",ContWrit Finder X — Use this tool online to contwrit quickly and easily.,contwrit-finder-x
Content Writing,Generative Spac Creator,Generative,Generative Spac Creator helps users by providing functionality for generative spac creator.,"generative, spac, creator, ai tool, online tool",Generative Spac Creator — Use this tool online to generative quickly and easily.,generative-spac-creator
Climate/Environment,Educ Assistant X,Future,Educ Assistant X helps users by providing cutting-edge functionality for educ assistant x.,"educ, assistant, ai tool, online tool",Educ Assistant X — Use this tool online to educ quickly and easily.,educ-assistant-x
Climate/Environment,Deve Converter X,Present,Deve Converter X helps users by providing functionality for deve converter x.,"deve, converter, ai tool, online tool",Deve Converter X — Use this tool online to deve quickly and easily.,deve-converter-x
HealthTech/BioTech,Smart Pers Composer,Present,Smart Pers Composer helps users by providing functionality for smart pers composer.,"smart, pers, composer, ai tool, online tool",Smart Pers Composer — Use this tool online to smart quickly and easily.,smart-pers-composer
Video/Audio Tools,GeneScie Composer Studio,Present,GeneScie Composer Studio helps users by providing functionality for genescie composer studio.,"genescie, composer, studio, ai tool, online tool",GeneScie Composer Studio — Use this tool online to genescie quickly and easily.,genescie-composer-studio
SEO/Digital Marketing,Spac Generator Studio,Generative,Spac Generator Studio helps users by providing functionality for spac generator studio.,"spac, generator, studio, ai tool, online tool",Spac Generator Studio — Use this tool online to spac quickly and easily.,spac-generator-studio
Developers/Coding,Auto Heal Mapper Builder,Future,Auto Heal Mapper Builder helps users by providing cutting-edge functionality for auto heal mapper builder.,"auto, heal, mapper, builder, ai tool, online tool",Auto Heal Mapper Builder — Use this tool online to auto quickly and easily.,auto-heal-mapper-builder
Space/Astronomy,Generative ContWrit Planner,Present,Generative ContWrit Planner helps users by providing functionality for generative contwrit planner.,"generative, contwrit, planner, ai tool, online tool",Generative ContWrit Planner — Use this tool online to generative quickly and easily.,generative-contwrit-planner
HealthTech/BioTech,NextGen Educ Bot,Generative,NextGen Educ Bot helps users by providing functionality for nextgen educ bot.,"nextgen, educ, bot, ai tool, online tool",NextGen Educ Bot — Use this tool online to nextgen quickly and easily.,nextgen-educ-bot
Video/Audio Tools,Ente Composer X,Generative,Ente Composer X helps users by providing functionality for ente composer x.,"ente, composer, ai tool, online tool",Ente Composer X — Use this tool online to ente quickly and easily.,ente-composer-x
Design/Creative,Auto Clim Composer Builder,Future,Auto Clim Composer Builder helps users by providing cutting-edge functionality for auto clim composer builder.,"auto, clim, composer, builder, ai tool, online tool",Auto Clim Composer Builder — Use this tool online to auto quickly and easily.,auto-clim-composer-builder
Design/Creative,Auto Seo/Mark Bot Builder,Future,Auto Seo/Mark Bot Builder helps users by providing cutting-edge functionality for auto seo/mark bot builder.,"auto, seo, mark, bot, builder, ai tool, online tool",Auto Seo/Mark Bot Builder — Use this tool online to auto quickly and easily.,auto-seomark-bot-builder
Developers/Coding,GeneScie Bot 2.0,Present,GeneScie Bot 2.0 helps users by providing functionality for genescie bot 2.0.,"genescie, bot, 2.0, ai tool, online tool",GeneScie Bot 2.0 — Use this tool online to genescie quickly and easily.,genescie-bot-20
Climate/Environment,Generative Spac Composer,Present,Generative Spac Composer helps users by providing functionality for generative spac composer.,"generative, spac, composer, ai tool, online tool",Generative Spac Composer — Use this tool online to generative quickly and easily.,generative-spac-composer
Education/Learning,NextGen Gami Detector,Generative,NextGen Gami Detector helps users by providing functionality for nextgen gami detector.,"nextgen, gami, detector, ai tool, online tool",NextGen Gami Detector — Use this tool online to nextgen quickly and easily.,nextgen-gami-detector
Content Writing,NextGen Deve Aligner,Present,NextGen Deve Aligner helps users by providing functionality for nextgen deve aligner.,"nextgen, deve, aligner, ai tool, online tool",NextGen Deve Aligner — Use this tool online to nextgen quickly and easily.,nextgen-deve-aligner
Education/Learning,NextGen Educ Finder,Present,NextGen Educ Finder helps users by providing functionality for nextgen educ finder.,"nextgen, educ, finder, ai tool, online tool",NextGen Educ Finder — Use this tool online to nextgen quickly and easily.,nextgen-educ-finder
Developers/Coding,Virtual Tech Tracker,Generative,Virtual Tech Tracker helps users by providing functionality for virtual tech tracker.,"virtual, tech, tracker, ai tool, online tool",Virtual Tech Tracker — Use this tool online to virtual quickly and easily.,virtual-tech-tracker
Generative Science,Smart Busi Builder,Generative,Smart Busi Builder helps users by providing functionality for smart busi builder.,"smart, busi, builder, ai tool, online tool",Smart Busi Builder — Use this tool online to smart quickly and easily.,smart-busi-builder
Video/Audio Tools,Educ Simulator 2.0,Present,Educ Simulator 2.0 helps users by providing functionality for educ simulator 2.0.,"educ, simulator, 2.0, ai tool, online tool",Educ Simulator 2.0 — Use this tool online to educ quickly and easily.,educ-simulator-20
Content Writing,Smart Iot/ Manager,Future,Smart Iot/ Manager helps users by providing cutting-edge functionality for smart iot/ manager.,"smart, iot, manager, ai tool, online tool",Smart Iot/ Manager — Use this tool online to smart quickly and easily.,smart-iot-manager
Developers/Coding,Spac Detector 2.0,Present,Spac Detector 2.0 helps users by providing functionality for spac detector 2.0.,"spac, detector, 2.0, ai tool, online tool",Spac Detector 2.0 — Use this tool online to spac quickly and easily.,spac-detector-20
Space/Astronomy,Auto VideTool Mixer Builder,Future,Auto VideTool Mixer Builder helps users by providing cutting-edge functionality for auto videtool mixer builder.,"auto, videtool, mixer, builder, ai tool, online tool",Auto VideTool Mixer Builder — Use this tool online to auto quickly and easily.,auto-videtool-mixer-builder
Content Writing,NextGen Ente Studio,Future,NextGen Ente Studio helps users by providing cutting-edge functionality for nextgen ente studio.,"nextgen, ente, studio, ai tool, online tool",NextGen Ente Studio — Use this tool online to nextgen quickly and easily.,nextgen-ente-studio
Personal/Lifestyle,Deve Optimizer X,Generative,Deve Optimizer X helps users by providing functionality for deve optimizer x.,"deve, optimizer, ai tool, online tool",Deve Optimizer X — Use this tool online to deve quickly and easily.,deve-optimizer-x
IoT/Robotics,Virtual Tech Mapper,Future,Virtual Tech Mapper helps users by providing cutting-edge functionality for virtual tech mapper.,"virtual, tech, mapper, ai tool, online tool",Virtual Tech Mapper — Use this tool online to virtual quickly and easily.,virtual-tech-mapper
Personal/Lifestyle,Smart GeneScie Lab,Future,Smart GeneScie Lab helps users by providing cutting-edge functionality for smart genescie lab.,"smart, genescie, lab, ai tool, online tool",Smart GeneScie Lab — Use this tool online to smart quickly and easily.,smart-genescie-lab
Business/Finance,Virtual Ente Lab,Future,Virtual Ente Lab helps users by providing cutting-edge functionality for virtual ente lab.,"virtual, ente, lab, ai tool, online tool",Virtual Ente Lab — Use this tool online to virtual quickly and easily.,virtual-ente-lab
Climate/Environment,Smart VideTool Detector,Generative,Smart VideTool Detector helps users by providing functionality for smart videtool detector.,"smart, videtool, detector, ai tool, online tool",Smart VideTool Detector — Use this tool online to smart quickly and easily.,smart-videtool-detector
Personal/Lifestyle,Virtual Educ Generator,Present,Virtual Educ Generator helps users by providing functionality for virtual educ generator.,"virtual, educ, generator, ai tool, online tool",Virtual Educ Generator — Use this tool online to virtual quickly and easily.,virtual-educ-generator
Design/Creative,Ente Editor AI,Present,Ente Editor AI helps users by providing functionality for ente editor ai.,"ente, editor, ai tool, online tool",Ente Editor AI — Use this tool online to ente quickly and easily.,ente-editor-ai
Entertainment/Culture,NextGen VideTool Lab,Present,NextGen VideTool Lab helps users by providing functionality for nextgen videtool lab.,"nextgen, videtool, lab, ai tool, online tool",NextGen VideTool Lab — Use this tool online to nextgen quickly and easily.,nextgen-videtool-lab
HealthTech/BioTech,Heal Analyzer Assistant,Future,Heal Analyzer Assistant helps users by providing cutting-edge functionality for heal analyzer assistant.,"heal, analyzer, assistant, ai tool, online tool",Heal Analyzer Assistant — Use this tool online to heal quickly and easily.,heal-analyzer-assistant
Video/Audio Tools,Generative Deve Detector,Generative,Generative Deve Detector helps users by providing functionality for generative deve detector.,"generative, deve, detector, ai tool, online tool",Generative Deve Detector — Use this tool online to generative quickly and easily.,generative-deve-detector
Education/Learning,Pers Synth Assistant,Future,Pers Synth Assistant helps users by providing cutting-edge functionality for pers synth assistant.,"pers, synth, assistant, ai tool, online tool",Pers Synth Assistant — Use this tool online to pers quickly and easily.,pers-synth-assistant
Gaming/ARVR,Tech Composer X,Generative,Tech Composer X helps users by providing functionality for tech composer x.,"tech, composer, ai tool, online tool",Tech Composer X — Use this tool online to tech quickly and easily.,tech-composer-x
Video/Audio Tools,Clim Tracker Assistant,Present,Clim Tracker Assistant helps users by providing functionality for clim tracker assistant.,"clim, tracker, assistant, ai tool, online tool",Clim Tracker Assistant — Use this tool online to clim quickly and easily.,clim-tracker-assistant
Education/Learning,Smart Busi Optimizer,Present,Smart Busi Optimizer helps users by providing functionality for smart busi optimizer.,"smart, busi, optimizer, ai tool, online tool",Smart Busi Optimizer — Use this tool online to smart quickly and easily.,smart-busi-optimizer
Space/Astronomy,Cloud Spac Lab Service,Generative,Cloud Spac Lab Service helps users by providing functionality for cloud spac lab service.,"cloud, spac, lab, service, ai tool, online tool",Cloud Spac Lab Service — Use this tool online to cloud quickly and easily.,cloud-spac-lab-service
Design/Creative,Cloud Tech Builder Service,Present,Cloud Tech Builder Service helps users by providing functionality for cloud tech builder service.,"cloud, tech, builder, service, ai tool, online tool",Cloud Tech Builder Service — Use this tool online to cloud quickly and easily.,cloud-tech-builder-service
Education/Learning,Generative Spac Planner,Present,Generative Spac Planner helps users by providing functionality for generative spac planner.,"generative, spac, planner, ai tool, online tool",Generative Spac Planner — Use this tool online to generative quickly and easily.,generative-spac-planner
Technology/Future,AI Educ Manager Pro,Present,AI Educ Manager Pro helps users by providing functionality for ai educ manager pro.,"educ, manager, pro, ai tool, online tool",AI Educ Manager Pro — Use this tool online to ai quickly and easily.,ai-educ-manager-pro
Climate/Environment,ContWrit Planner X,Generative,ContWrit Planner X helps users by providing functionality for contwrit planner x.,"contwrit, planner, ai tool, online tool",ContWrit Planner X — Use this tool online to contwrit quickly and easily.,contwrit-planner-x
Design/Creative,NextGen Iot/ Analyzer,Generative,NextGen Iot/ Analyzer helps users by providing functionality for nextgen iot/ analyzer.,"nextgen, iot, analyzer, ai tool, online tool",NextGen Iot/ Analyzer — Use this tool online to nextgen quickly and easily.,nextgen-iot-analyzer
HealthTech/BioTech,Busi Composer 2.0,Generative,Busi Composer 2.0 helps users by providing functionality for busi composer 2.0.,"busi, composer, 2.0, ai tool, online tool",Busi Composer 2.0 — Use this tool online to busi quickly and easily.,busi-composer-20
HealthTech/BioTech,Cloud Tech Enhancer Service,Generative,Cloud Tech Enhancer Service helps users by providing functionality for cloud tech enhancer service.,"cloud, tech, enhancer, service, ai tool, online tool",Cloud Tech Enhancer Service — Use this tool online to cloud quickly and easily.,cloud-tech-enhancer-service
Gaming/ARVR,Cloud Desi Composer Service,Generative,Cloud Desi Composer Service helps users by providing functionality for cloud desi composer service.,"cloud, desi, composer, service, ai tool, online tool",Cloud Desi Composer Service — Use this tool online to cloud quickly and easily.,cloud-desi-composer-service
HealthTech/BioTech,Instant Desi Enhancer,Present,Instant Desi Enhancer helps users by providing functionality for instant desi enhancer.,"instant, desi, enhancer, ai tool, online tool",Instant Desi Enhancer — Use this tool online to instant quickly and easily.,instant-desi-enhancer
HealthTech/BioTech,Auto VideTool Converter Builder,Present,Auto VideTool Converter Builder helps users by providing functionality for auto videtool converter builder.,"auto, videtool, converter, builder, ai tool, online tool",Auto VideTool Converter Builder — Use this tool online to auto quickly and easily.,auto-videtool-converter-builder
Climate/Environment,Instant Ente Detector,Present,Instant Ente Detector helps users by providing functionality for instant ente detector.,"instant, ente, detector, ai tool, online tool",Instant Ente Detector — Use this tool online to instant quickly and easily.,instant-ente-detector
Technology/Future,Educ Toolkit X,Generative,Educ Toolkit X helps users by providing functionality for educ toolkit x.,"educ, toolkit, ai tool, online tool",Educ Toolkit X — Use this tool online to educ quickly and easily.,educ-toolkit-x
Business/Finance,Virtual Ente Bot,Generative,Virtual Ente Bot helps users by providing functionality for virtual ente bot.,"virtual, ente, bot, ai tool, online tool",Virtual Ente Bot — Use this tool online to virtual quickly and easily.,virtual-ente-bot
Climate/Environment,Busi Manager 2.0,Present,Busi Manager 2.0 helps users by providing functionality for busi manager 2.0.,"busi, manager, 2.0, ai tool, online tool",Busi Manager 2.0 — Use this tool online to busi quickly and easily.,busi-manager-20
HealthTech/BioTech,Generative GeneScie Composer,Present,Generative GeneScie Composer helps users by providing functionality for generative genescie composer.,"generative, genescie, composer, ai tool, online tool",Generative GeneScie Composer — Use this tool online to generative quickly and easily.,generative-genescie-composer
Video/Audio Tools,Smart Desi Composer,Present,Smart Desi Composer helps users by providing functionality for smart desi composer.,"smart, desi, composer, ai tool, online tool",Smart Desi Composer — Use this tool online to smart quickly and easily.,smart-desi-composer
SEO/Digital Marketing,Instant Heal Planner,Present,Instant Heal Planner helps users by providing functionality for instant heal planner.,"instant, heal, planner, ai tool, online tool",Instant Heal Planner — Use this tool online to instant quickly and easily.,instant-heal-planner
Technology/Future,Instant Gami Simulator,Generative,Instant Gami Simulator helps users by providing functionality for instant gami simulator.,"instant, gami, simulator, ai tool, online tool",Instant Gami Simulator — Use this tool online to instant quickly and easily.,instant-gami-simulator
Gaming/ARVR,Pers Tracker Analyzer,Present,Pers Tracker Analyzer helps users by providing functionality for pers tracker analyzer.,"pers, tracker, analyzer, ai tool, online tool",Pers Tracker Analyzer — Use this tool online to pers quickly and easily.,pers-tracker-analyzer
Video/Audio Tools,Gami Composer AI,Future,Gami Composer AI helps users by providing cutting-edge functionality for gami composer ai.,"gami, composer, ai tool, online tool",Gami Composer AI — Use this tool online to gami quickly and easily.,gami-composer-ai
IoT/Robotics,Ente Builder Studio,Present,Ente Builder Studio helps users by providing functionality for ente builder studio.,"ente, builder, studio, ai tool, online tool",Ente Builder Studio — Use this tool online to ente quickly and easily.,ente-builder-studio
Generative Science,Ente Mixer AI,Present,Ente Mixer AI helps users by providing functionality for ente mixer ai.,"ente, mixer, ai tool, online tool",Ente Mixer AI — Use this tool online to ente quickly and easily.,ente-mixer-ai
Design/Creative,NextGen Deve Composer,Present,NextGen Deve Composer helps users by providing functionality for nextgen deve composer.,"nextgen, deve, composer, ai tool, online tool",NextGen Deve Composer — Use this tool online to nextgen quickly and easily.,nextgen-deve-composer
Climate/Environment,Ente Composer Analyzer,Future,Ente Composer Analyzer helps users by providing cutting-edge functionality for ente composer analyzer.,"ente, composer, analyzer, ai tool, online tool",Ente Composer Analyzer — Use this tool online to ente quickly and easily.,ente-composer-analyzer
IoT/Robotics,Instant Educ Toolkit,Future,Instant Educ Toolkit helps users by providing cutting-edge functionality for instant educ toolkit.,"instant, educ, toolkit, ai tool, online tool",Instant Educ Toolkit — Use this tool online to instant quickly and easily.,instant-educ-toolkit
Business/Finance,Clim Composer Analyzer,Generative,Clim Composer Analyzer helps users by providing functionality for clim composer analyzer.,"clim, composer, analyzer, ai tool, online tool",Clim Composer Analyzer — Use this tool online to clim quickly and easily.,clim-composer-analyzer
Education/Learning,Heal Planner Analyzer,Generative,Heal Planner Analyzer helps users by providing functionality for heal planner analyzer.,"heal, planner, analyzer, ai tool, online tool",Heal Planner Analyzer — Use this tool online to heal quickly and easily.,heal-planner-analyzer
Entertainment/Culture,Auto Gami Tracker Builder,Generative,Auto Gami Tracker Builder helps users by providing functionality for auto gami tracker builder.,"auto, gami, tracker, builder, ai tool, online tool",Auto Gami Tracker Builder — Use this tool online to auto quickly and easily.,auto-gami-tracker-builder
SEO/Digital Marketing,Busi Simulator Analyzer,Generative,Busi Simulator Analyzer helps users by providing functionality for busi simulator analyzer.,"busi, simulator, analyzer, ai tool, online tool",Busi Simulator Analyzer — Use this tool online to busi quickly and easily.,busi-simulator-analyzer
Climate/Environment,Auto Deve Bot Builder,Present,Auto Deve Bot Builder helps users by providing functionality for auto deve bot builder.,"auto, deve, bot, builder, ai tool, online tool",Auto Deve Bot Builder — Use this tool online to auto quickly and easily.,auto-deve-bot-builder
Developers/Coding,Clim Bot Studio,Present,Clim Bot Studio helps users by providing functionality for clim bot studio.,"clim, bot, studio, ai tool, online tool",Clim Bot Studio — Use this tool online to clim quickly and easily.,clim-bot-studio
Developers/Coding,Pers Tracker AI,Generative,Pers Tracker AI helps users by providing functionality for pers tracker ai.,"pers, tracker, ai tool, online tool",Pers Tracker AI — Use this tool online to pers quickly and easily.,pers-tracker-ai
IoT/Robotics,Cloud ContWrit Assistant Service,Present,Cloud ContWrit Assistant Service helps users by providing functionality for cloud contwrit assistant service.,"cloud, contwrit, assistant, service, ai tool, online tool",Cloud ContWrit Assistant Service — Use this tool online to cloud quickly and easily.,cloud-contwrit-assistant-service
Content Writing,Cloud Heal Builder Service,Present,Cloud Heal Builder Service helps users by providing functionality for cloud heal builder service.,"cloud, heal, builder, service, ai tool, online tool",Cloud Heal Builder Service — Use this tool online to cloud quickly and easily.,cloud-heal-builder-service
Video/Audio Tools,Cloud Educ Dashboard Service,Future,Cloud Educ Dashboard Service helps users by providing cutting-edge functionality for cloud educ dashboard service.,"cloud, educ, dashboard, service, ai tool, online tool",Cloud Educ Dashboard Service — Use this tool online to cloud quickly and easily.,cloud-educ-dashboard-service
Gaming/ARVR,Instant Ente Analyzer,Present,Instant Ente Analyzer helps users by providing functionality for instant ente analyzer.,"instant, ente, analyzer, ai tool, online tool",Instant Ente Analyzer — Use this tool online to instant quickly and easily.,instant-ente-analyzer
Gaming/ARVR,Auto Tech Aligner Builder,Future,Auto Tech Aligner Builder helps users by providing cutting-edge functionality for auto tech aligner builder.,"auto, tech, aligner, builder, ai tool, online tool",Auto Tech Aligner Builder — Use this tool online to auto quickly and easily.,auto-tech-aligner-builder
Personal/Lifestyle,Educ Assistant 2.0,Present,Educ Assistant 2.0 helps users by providing functionality for educ assistant 2.0.,"educ, assistant, 2.0, ai tool, online tool",Educ Assistant 2.0 — Use this tool online to educ quickly and easily.,educ-assistant-20
Entertainment/Culture,Cloud Busi Planner Service,Present,Cloud Busi Planner Service helps users by providing functionality for cloud busi planner service.,"cloud, busi, planner, service, ai tool, online tool",Cloud Busi Planner Service — Use this tool online to cloud quickly and easily.,cloud-busi-planner-service
Gaming/ARVR,Tech Bot X,Generative,Tech Bot X helps users by providing functionality for tech bot x.,"tech, bot, ai tool, online tool",Tech Bot X — Use this tool online to tech quickly and easily.,tech-bot-x
Video/Audio Tools,Smart Heal Creator,Future,Smart Heal Creator helps users by providing cutting-edge functionality for smart heal creator.,"smart, heal, creator, ai tool, online tool",Smart Heal Creator — Use this tool online to smart quickly and easily.,smart-heal-creator
Video/Audio Tools,Instant Spac Studio,Present,Instant Spac Studio helps users by providing functionality for instant spac studio.,"instant, spac, studio, ai tool, online tool",Instant Spac Studio — Use this tool online to instant quickly and easily.,instant-spac-studio
Generative Science,Smart Educ Enhancer,Present,Smart Educ Enhancer helps users by providing functionality for smart educ enhancer.,"smart, educ, enhancer, ai tool, online tool",Smart Educ Enhancer — Use this tool online to smart quickly and easily.,smart-educ-enhancer
Climate/Environment,Cloud Busi Optimizer Service,Present,Cloud Busi Optimizer Service helps users by providing functionality for cloud busi optimizer service.,"cloud, busi, optimizer, service, ai tool, online tool",Cloud Busi Optimizer Service — Use this tool online to cloud quickly and easily.,cloud-busi-optimizer-service
Gaming/ARVR,Tech Enhancer Assistant,Present,Tech Enhancer Assistant helps users by providing functionality for tech enhancer assistant.,"tech, enhancer, assistant, ai tool, online tool",Tech Enhancer Assistant — Use this tool online to tech quickly and easily.,tech-enhancer-assistant
SEO/Digital Marketing,Auto Educ Dashboard Builder,Present,Auto Educ Dashboard Builder helps users by providing functionality for auto educ dashboard builder.,"auto, educ, dashboard, builder, ai tool, online tool",Auto Educ Dashboard Builder — Use this tool online to auto quickly and easily.,auto-educ-dashboard-builder
Content Writing,GeneScie Lab 2.0,Future,GeneScie Lab 2.0 helps users by providing cutting-edge functionality for genescie lab 2.0.,"genescie, lab, 2.0, ai tool, online tool",GeneScie Lab 2.0 — Use this tool online to genescie quickly and easily.,genescie-lab-20
SEO/Digital Marketing,Generative Tech Composer,Generative,Generative Tech Composer helps users by providing functionality for generative tech composer.,"generative, tech, composer, ai tool, online tool",Generative Tech Composer — Use this tool online to generative quickly and easily.,generative-tech-composer
Video/Audio Tools,AI Gami Mixer Pro,Future,AI Gami Mixer Pro helps users by providing cutting-edge functionality for ai gami mixer pro.,"gami, mixer, pro, ai tool, online tool",AI Gami Mixer Pro — Use this tool online to ai quickly and easily.,ai-gami-mixer-pro
Video/Audio Tools,NextGen Desi Aligner,Generative,NextGen Desi Aligner helps users by providing functionality for nextgen desi aligner.,"nextgen, desi, aligner, ai tool, online tool",NextGen Desi Aligner — Use this tool online to nextgen quickly and easily.,nextgen-desi-aligner
Entertainment/Culture,Smart Deve Toolkit,Generative,Smart Deve Toolkit helps users by providing functionality for smart deve toolkit.,"smart, deve, toolkit, ai tool, online tool",Smart Deve Toolkit — Use this tool online to smart quickly and easily.,smart-deve-toolkit
Generative Science,Generative Spac Generator,Generative,Generative Spac Generator helps users by providing functionality for generative spac generator.,"generative, spac, generator, ai tool, online tool",Generative Spac Generator — Use this tool online to generative quickly and easily.,generative-spac-generator
Business/Finance,Ente Generator Assistant,Generative,Ente Generator Assistant helps users by providing functionality for ente generator assistant.,"ente, generator, assistant, ai tool, online tool",Ente Generator Assistant — Use this tool online to ente quickly and easily.,ente-generator-assistant
Design/Creative,GeneScie Toolkit AI,Generative,GeneScie Toolkit AI helps users by providing functionality for genescie toolkit ai.,"genescie, toolkit, ai tool, online tool",GeneScie Toolkit AI — Use this tool online to genescie quickly and easily.,genescie-toolkit-ai
Design/Creative,Auto Desi Creator Builder,Generative,Auto Desi Creator Builder helps users by providing functionality for auto desi creator builder.,"auto, desi, creator, builder, ai tool, online tool",Auto Desi Creator Builder — Use this tool online to auto quickly and easily.,auto-desi-creator-builder
Gaming/ARVR,Instant Tech Optimizer,Present,Instant Tech Optimizer helps users by providing functionality for instant tech optimizer.,"instant, tech, optimizer, ai tool, online tool",Instant Tech Optimizer — Use this tool online to instant quickly and easily.,instant-tech-optimizer
SEO/Digital Marketing,Generative GeneScie Generator,Generative,Generative GeneScie Generator helps users by providing functionality for generative genescie generator.,"generative, genescie, generator, ai tool, online tool",Generative GeneScie Generator — Use this tool online to generative quickly and easily.,generative-genescie-generator
Design/Creative,Generative Gami Planner,Generative,Generative Gami Planner helps users by providing functionality for generative gami planner.,"generative, gami, planner, ai tool, online tool",Generative Gami Planner — Use this tool online to generative quickly and easily.,generative-gami-planner
Design/Creative,NextGen Busi Aligner,Generative,NextGen Busi Aligner helps users by providing functionality for nextgen busi aligner.,"nextgen, busi, aligner, ai tool, online tool",NextGen Busi Aligner — Use this tool online to nextgen quickly and easily.,nextgen-busi-aligner
Content Writing,Virtual Spac Optimizer,Present,Virtual Spac Optimizer helps users by providing functionality for virtual spac optimizer.,"virtual, spac, optimizer, ai tool, online tool",Virtual Spac Optimizer — Use this tool online to virtual quickly and easily.,virtual-spac-optimizer
Space/Astronomy,Educ Enhancer X,Present,Educ Enhancer X helps users by providing functionality for educ enhancer x.,"educ, enhancer, ai tool, online tool",Educ Enhancer X — Use this tool online to educ quickly and easily.,educ-enhancer-x
Video/Audio Tools,Gami Lab Assistant,Future,Gami Lab Assistant helps users by providing cutting-edge functionality for gami lab assistant.,"gami, lab, assistant, ai tool, online tool",Gami Lab Assistant — Use this tool online to gami quickly and easily.,gami-lab-assistant
IoT/Robotics,Heal Bot Studio,Future,Heal Bot Studio helps users by providing cutting-edge functionality for heal bot studio.,"heal, bot, studio, ai tool, online tool",Heal Bot Studio — Use this tool online to heal quickly and easily.,heal-bot-studio
Generative Science,NextGen Gami Editor,Generative,NextGen Gami Editor helps users by providing functionality for nextgen gami editor.,"nextgen, gami, editor, ai tool, online tool",NextGen Gami Editor — Use this tool online to nextgen quickly and easily.,nextgen-gami-editor
Education/Learning,Smart Educ Tracker,Generative,Smart Educ Tracker helps users by providing functionality for smart educ tracker.,"smart, educ, tracker, ai tool, online tool",Smart Educ Tracker — Use this tool online to smart quickly and easily.,smart-educ-tracker
Entertainment/Culture,Virtual Clim Manager,Present,Virtual Clim Manager helps users by providing functionality for virtual clim manager.,"virtual, clim, manager, ai tool, online tool",Virtual Clim Manager — Use this tool online to virtual quickly and easily.,virtual-clim-manager
Education/Learning,Instant GeneScie Simulator,Present,Instant GeneScie Simulator helps users by providing functionality for instant genescie simulator.,"instant, genescie, simulator, ai tool, online tool",Instant GeneScie Simulator — Use this tool online to instant quickly and easily.,instant-genescie-simulator
SEO/Digital Marketing,NextGen Deve Mixer,Present,NextGen Deve Mixer helps users by providing functionality for nextgen deve mixer.,"nextgen, deve, mixer, ai tool, online tool",NextGen Deve Mixer — Use this tool online to nextgen quickly and easily.,nextgen-deve-mixer
Generative Science,Generative Educ Synth,Generative,Generative Educ Synth helps users by providing functionality for generative educ synth.,"generative, educ, synth, ai tool, online tool",Generative Educ Synth — Use this tool online to generative quickly and easily.,generative-educ-synth
Climate/Environment,Cloud Iot/ Builder Service,Present,Cloud Iot/ Builder Service helps users by providing functionality for cloud iot/ builder service.,"cloud, iot, builder, service, ai tool, online tool",Cloud Iot/ Builder Service — Use this tool online to cloud quickly and easily.,cloud-iot-builder-service
Entertainment/Culture,Smart Tech Simulator,Present,Smart Tech Simulator helps users by providing functionality for smart tech simulator.,"smart, tech, simulator, ai tool, online tool",Smart Tech Simulator — Use this tool online to smart quickly and easily.,smart-tech-simulator
Climate/Environment,Auto Ente Toolkit Builder,Present,Auto Ente Toolkit Builder helps users by providing functionality for auto ente toolkit builder.,"auto, ente, toolkit, builder, ai tool, online tool",Auto Ente Toolkit Builder — Use this tool online to auto quickly and easily.,auto-ente-toolkit-builder
Education/Learning,Spac Lab AI,Generative,Spac Lab AI helps users by providing functionality for spac lab ai.,"spac, lab, ai tool, online tool",Spac Lab AI — Use this tool online to spac quickly and easily.,spac-lab-ai
SEO/Digital Marketing,Generative Clim Builder,Present,Generative Clim Builder helps users by providing functionality for generative clim builder.,"generative, clim, builder, ai tool, online tool",Generative Clim Builder — Use this tool online to generative quickly and easily.,generative-clim-builder
Personal/Lifestyle,Educ Converter Analyzer,Generative,Educ Converter Analyzer helps users by providing functionality for educ converter analyzer.,"educ, converter, analyzer, ai tool, online tool",Educ Converter Analyzer — Use this tool online to educ quickly and easily.,educ-converter-analyzer
Entertainment/Culture,Gami Toolkit AI,Present,Gami Toolkit AI helps users by providing functionality for gami toolkit ai.,"gami, toolkit, ai tool, online tool",Gami Toolkit AI — Use this tool online to gami quickly and easily.,gami-toolkit-ai
HealthTech/BioTech,VideTool Finder Studio,Present,VideTool Finder Studio helps users by providing functionality for videtool finder studio.,"videtool, finder, studio, ai tool, online tool",VideTool Finder Studio — Use this tool online to videtool quickly and easily.,videtool-finder-studio
HealthTech/BioTech,Generative Iot/ Bot,Generative,Generative Iot/ Bot helps users by providing functionality for generative iot/ bot.,"generative, iot, bot, ai tool, online tool",Generative Iot/ Bot — Use this tool online to generative quickly and easily.,generative-iot-bot
Space/Astronomy,Pers Assistant Analyzer,Present,Pers Assistant Analyzer helps users by providing functionality for pers assistant analyzer.,"pers, assistant, analyzer, ai tool, online tool",Pers Assistant Analyzer — Use this tool online to pers quickly and easily.,pers-assistant-analyzer
Climate/Environment,GeneScie Studio 2.0,Present,GeneScie Studio 2.0 helps users by providing functionality for genescie studio 2.0.,"genescie, studio, 2.0, ai tool, online tool",GeneScie Studio 2.0 — Use this tool online to genescie quickly and easily.,genescie-studio-20
HealthTech/BioTech,Auto Educ Aligner Builder,Present,Auto Educ Aligner Builder helps users by providing functionality for auto educ aligner builder.,"auto, educ, aligner, builder, ai tool, online tool",Auto Educ Aligner Builder — Use this tool online to auto quickly and easily.,auto-educ-aligner-builder
Technology/Future,Seo/Mark Planner AI,Present,Seo/Mark Planner AI helps users by providing functionality for seo/mark planner ai.,"seo, mark, planner, ai tool, online tool",Seo/Mark Planner AI — Use this tool online to seo/mark quickly and easily.,seomark-planner-ai
Business/Finance,Ente Converter AI,Present,Ente Converter AI helps users by providing functionality for ente converter ai.,"ente, converter, ai tool, online tool",Ente Converter AI — Use this tool online to ente quickly and easily.,ente-converter-ai
Education/Learning,GeneScie Tracker Analyzer,Generative,GeneScie Tracker Analyzer helps users by providing functionality for genescie tracker analyzer.,"genescie, tracker, analyzer, ai tool, online tool",GeneScie Tracker Analyzer — Use this tool online to genescie quickly and easily.,genescie-tracker-analyzer
HealthTech/BioTech,GeneScie Mapper 2.0,Future,GeneScie Mapper 2.0 helps users by providing cutting-edge functionality for genescie mapper 2.0.,"genescie, mapper, 2.0, ai tool, online tool",GeneScie Mapper 2.0 — Use this tool online to genescie quickly and easily.,genescie-mapper-20
Personal/Lifestyle,Auto Desi Mixer Builder,Present,Auto Desi Mixer Builder helps users by providing functionality for auto desi mixer builder.,"auto, desi, mixer, builder, ai tool, online tool",Auto Desi Mixer Builder — Use this tool online to auto quickly and easily.,auto-desi-mixer-builder
Developers/Coding,AI Busi Aligner Pro,Present,AI Busi Aligner Pro helps users by providing functionality for ai busi aligner pro.,"busi, aligner, pro, ai tool, online tool",AI Busi Aligner Pro — Use this tool online to ai quickly and easily.,ai-busi-aligner-pro
HealthTech/BioTech,ContWrit Analyzer 2.0,Generative,ContWrit Analyzer 2.0 helps users by providing functionality for contwrit analyzer 2.0.,"contwrit, analyzer, 2.0, ai tool, online tool",ContWrit Analyzer 2.0 — Use this tool online to contwrit quickly and easily.,contwrit-analyzer-20
Entertainment/Culture,Seo/Mark Detector X,Present,Seo/Mark Detector X helps users by providing functionality for seo/mark detector x.,"seo, mark, detector, ai tool, online tool",Seo/Mark Detector X — Use this tool online to seo/mark quickly and easily.,seomark-detector-x
HealthTech/BioTech,Instant VideTool Assistant,Present,Instant VideTool Assistant helps users by providing functionality for instant videtool assistant.,"instant, videtool, assistant, ai tool, online tool",Instant VideTool Assistant — Use this tool online to instant quickly and easily.,instant-videtool-assistant
Business/Finance,Educ Studio Assistant,Future,Educ Studio Assistant helps users by providing cutting-edge functionality for educ studio assistant.,"educ, studio, assistant, ai tool, online tool",Educ Studio Assistant — Use this tool online to educ quickly and easily.,educ-studio-assistant
Entertainment/Culture,NextGen Deve Mapper,Present,NextGen Deve Mapper helps users by providing functionality for nextgen deve mapper.,"nextgen, deve, mapper, ai tool, online tool",NextGen Deve Mapper — Use this tool online to nextgen quickly and easily.,nextgen-deve-mapper
Entertainment/Culture,Cloud ContWrit Dashboard Service,Present,Cloud ContWrit Dashboard Service helps users by providing functionality for cloud contwrit dashboard service.,"cloud, contwrit, dashboard, service, ai tool, online tool",Cloud ContWrit Dashboard Service — Use this tool online to cloud quickly and easily.,cloud-contwrit-dashboard-service
Content Writing,Gami Simulator X,Present,Gami Simulator X helps users by providing functionality for gami simulator x.,"gami, simulator, ai tool, online tool",Gami Simulator X — Use this tool online to gami quickly and easily.,gami-simulator-x
HealthTech/BioTech,Instant Ente Mapper,Present,Instant Ente Mapper helps users by providing functionality for instant ente mapper.,"instant, ente, mapper, ai tool, online tool",Instant Ente Mapper — Use this tool online to instant quickly and easily.,instant-ente-mapper
IoT/Robotics,Deve Composer Studio,Generative,Deve Composer Studio helps users by providing functionality for deve composer studio.,"deve, composer, studio, ai tool, online tool",Deve Composer Studio — Use this tool online to deve quickly and easily.,deve-composer-studio
Personal/Lifestyle,Instant Ente Tracker,Generative,Instant Ente Tracker helps users by providing functionality for instant ente tracker.,"instant, ente, tracker, ai tool, online tool",Instant Ente Tracker — Use this tool online to instant quickly and easily.,instant-ente-tracker
Generative Science,Pers Detector Analyzer,Present,Pers Detector Analyzer helps users by providing functionality for pers detector analyzer.,"pers, detector, analyzer, ai tool, online tool",Pers Detector Analyzer — Use this tool online to pers quickly and easily.,pers-detector-analyzer
HealthTech/BioTech,Cloud Spac Manager Service,Generative,Cloud Spac Manager Service helps users by providing functionality for cloud spac manager service.,"cloud, spac, manager, service, ai tool, online tool",Cloud Spac Manager Service — Use this tool online to cloud quickly and easily.,cloud-spac-manager-service
Design/Creative,Instant ContWrit Builder,Future,Instant ContWrit Builder helps users by providing cutting-edge functionality for instant contwrit builder.,"instant, contwrit, builder, ai tool, online tool",Instant ContWrit Builder — Use this tool online to instant quickly and easily.,instant-contwrit-builder
Technology/Future,Deve Generator X,Present,Deve Generator X helps users by providing functionality for deve generator x.,"deve, generator, ai tool, online tool",Deve Generator X — Use this tool online to deve quickly and easily.,deve-generator-x
Personal/Lifestyle,Smart ContWrit Manager,Present,Smart ContWrit Manager helps users by providing functionality for smart contwrit manager.,"smart, contwrit, manager, ai tool, online tool",Smart ContWrit Manager — Use this tool online to smart quickly and easily.,smart-contwrit-manager
Video/Audio Tools,Smart ContWrit Detector,Present,Smart ContWrit Detector helps users by providing functionality for smart contwrit detector.,"smart, contwrit, detector, ai tool, online tool",Smart ContWrit Detector — Use this tool online to smart quickly and easily.,smart-contwrit-detector
Entertainment/Culture,Instant Iot/ Tracker,Present,Instant Iot/ Tracker helps users by providing functionality for instant iot/ tracker.,"instant, iot, tracker, ai tool, online tool",Instant Iot/ Tracker — Use this tool online to instant quickly and easily.,instant-iot-tracker
HealthTech/BioTech,Auto Deve Tracker Builder,Generative,Auto Deve Tracker Builder helps users by providing functionality for auto deve tracker builder.,"auto, deve, tracker, builder, ai tool, online tool",Auto Deve Tracker Builder — Use this tool online to auto quickly and easily.,auto-deve-tracker-builder
Personal/Lifestyle,Educ Aligner Studio,Future,Educ Aligner Studio helps users by providing cutting-edge functionality for educ aligner studio.,"educ, aligner, studio, ai tool, online tool",Educ Aligner Studio — Use this tool online to educ quickly and easily.,educ-aligner-studio
Technology/Future,Virtual Ente Editor,Present,Virtual Ente Editor helps users by providing functionality for virtual ente editor.,"virtual, ente, editor, ai tool, online tool",Virtual Ente Editor — Use this tool online to virtual quickly and easily.,virtual-ente-editor
Developers/Coding,Generative Clim Toolkit,Future,Generative Clim Toolkit helps users by providing cutting-edge functionality for generative clim toolkit.,"generative, clim, toolkit, ai tool, online tool",Generative Clim Toolkit — Use this tool online to generative quickly and easily.,generative-clim-toolkit
Content Writing,Seo/Mark Composer Studio,Present,Seo/Mark Composer Studio helps users by providing functionality for seo/mark composer studio.,"seo, mark, composer, studio, ai tool, online tool",Seo/Mark Composer Studio — Use this tool online to seo/mark quickly and easily.,seomark-composer-studio
HealthTech/BioTech,Instant Tech Analyzer,Present,Instant Tech Analyzer helps users by providing functionality for instant tech analyzer.,"instant, tech, analyzer, ai tool, online tool",Instant Tech Analyzer — Use this tool online to instant quickly and easily.,instant-tech-analyzer
HealthTech/BioTech,Heal Creator AI,Generative,Heal Creator AI helps users by providing functionality for heal creator ai.,"heal, creator, ai tool, online tool",Heal Creator AI — Use this tool online to heal quickly and easily.,heal-creator-ai
Entertainment/Culture,Busi Planner 2.0,Present,Busi Planner 2.0 helps users by providing functionality for busi planner 2.0.,"busi, planner, 2.0, ai tool, online tool",Busi Planner 2.0 — Use this tool online to busi quickly and easily.,busi-planner-20
IoT/Robotics,AI Spac Composer Pro,Generative,AI Spac Composer Pro helps users by providing functionality for ai spac composer pro.,"spac, composer, pro, ai tool, online tool",AI Spac Composer Pro — Use this tool online to ai quickly and easily.,ai-spac-composer-pro
Personal/Lifestyle,VideTool Editor Studio,Future,VideTool Editor Studio helps users by providing cutting-edge functionality for videtool editor studio.,"videtool, editor, studio, ai tool, online tool",VideTool Editor Studio — Use this tool online to videtool quickly and easily.,videtool-editor-studio
Video/Audio Tools,Instant Spac Finder,Future,Instant Spac Finder helps users by providing cutting-edge functionality for instant spac finder.,"instant, spac, finder, ai tool, online tool",Instant Spac Finder — Use this tool online to instant quickly and easily.,instant-spac-finder
Education/Learning,NextGen Iot/ Assistant,Generative,NextGen Iot/ Assistant helps users by providing functionality for nextgen iot/ assistant.,"nextgen, iot, assistant, ai tool, online tool",NextGen Iot/ Assistant — Use this tool online to nextgen quickly and easily.,nextgen-iot-assistant
Business/Finance,Virtual Ente Converter,Present,Virtual Ente Converter helps users by providing functionality for virtual ente converter.,"virtual, ente, converter, ai tool, online tool",Virtual Ente Converter — Use this tool online to virtual quickly and easily.,virtual-ente-converter
Education/Learning,Gami Mixer Analyzer,Present,Gami Mixer Analyzer helps users by providing functionality for gami mixer analyzer.,"gami, mixer, analyzer, ai tool, online tool",Gami Mixer Analyzer — Use this tool online to gami quickly and easily.,gami-mixer-analyzer
Entertainment/Culture,Cloud Spac Editor Service,Future,Cloud Spac Editor Service helps users by providing cutting-edge functionality for cloud spac editor service.,"cloud, spac, editor, service, ai tool, online tool",Cloud Spac Editor Service — Use this tool online to cloud quickly and easily.,cloud-spac-editor-service
IoT/Robotics,Heal Assistant Assistant,Present,Heal Assistant Assistant helps users by providing functionality for heal assistant assistant.,"heal, assistant, assistant, ai tool, online tool",Heal Assistant Assistant — Use this tool online to heal quickly and easily.,heal-assistant-assistant
Business/Finance,Iot/ Creator Studio,Present,Iot/ Creator Studio helps users by providing functionality for iot/ creator studio.,"iot, creator, studio, ai tool, online tool",Iot/ Creator Studio — Use this tool online to iot/ quickly and easily.,iot-creator-studio
HealthTech/BioTech,Iot/ Studio Analyzer,Generative,Iot/ Studio Analyzer helps users by providing functionality for iot/ studio analyzer.,"iot, studio, analyzer, ai tool, online tool",Iot/ Studio Analyzer — Use this tool online to iot/ quickly and easily.,iot-studio-analyzer
Content Writing,NextGen Pers Composer,Present,NextGen Pers Composer helps users by providing functionality for nextgen pers composer.,"nextgen, pers, composer, ai tool, online tool",NextGen Pers Composer — Use this tool online to nextgen quickly and easily.,nextgen-pers-composer
Climate/Environment,Auto Tech Creator Builder,Present,Auto Tech Creator Builder helps users by providing functionality for auto tech creator builder.,"auto, tech, creator, builder, ai tool, online tool",Auto Tech Creator Builder — Use this tool online to auto quickly and easily.,auto-tech-creator-builder
Video/Audio Tools,Cloud Ente Creator Service,Generative,Cloud Ente Creator Service helps users by providing functionality for cloud ente creator service.,"cloud, ente, creator, service, ai tool, online tool",Cloud Ente Creator Service — Use this tool online to cloud quickly and easily.,cloud-ente-creator-service
IoT/Robotics,Clim Studio Analyzer,Present,Clim Studio Analyzer helps users by providing functionality for clim studio analyzer.,"clim, studio, analyzer, ai tool, online tool",Clim Studio Analyzer — Use this tool online to clim quickly and easily.,clim-studio-analyzer
Entertainment/Culture,Clim Creator Assistant,Generative,Clim Creator Assistant helps users by providing functionality for clim creator assistant.,"clim, creator, assistant, ai tool, online tool",Clim Creator Assistant — Use this tool online to clim quickly and easily.,clim-creator-assistant
Technology/Future,AI GeneScie Mapper Pro,Present,AI GeneScie Mapper Pro helps users by providing functionality for ai genescie mapper pro.,"genescie, mapper, pro, ai tool, online tool",AI GeneScie Mapper Pro — Use this tool online to ai quickly and easily.,ai-genescie-mapper-pro
Generative Science,Auto Seo/Mark Manager Builder,Future,Auto Seo/Mark Manager Builder helps users by providing cutting-edge functionality for auto seo/mark manager builder.,"auto, seo, mark, manager, builder, ai tool, online tool",Auto Seo/Mark Manager Builder — Use this tool online to auto quickly and easily.,auto-seomark-manager-builder
Video/Audio Tools,Heal Tracker Studio,Future,Heal Tracker Studio helps users by providing cutting-edge functionality for heal tracker studio.,"heal, tracker, studio, ai tool, online tool",Heal Tracker Studio — Use this tool online to heal quickly and easily.,heal-tracker-studio
Personal/Lifestyle,Virtual Spac Mapper,Generative,Virtual Spac Mapper helps users by providing functionality for virtual spac mapper.,"virtual, spac, mapper, ai tool, online tool",Virtual Spac Mapper — Use this tool online to virtual quickly and easily.,virtual-spac-mapper
Video/Audio Tools,Tech Optimizer 2.0,Generative,Tech Optimizer 2.0 helps users by providing functionality for tech optimizer 2.0.,"tech, optimizer, 2.0, ai tool, online tool",Tech Optimizer 2.0 — Use this tool online to tech quickly and easily.,tech-optimizer-20
Design/Creative,Generative ContWrit Mixer,Present,Generative ContWrit Mixer helps users by providing functionality for generative contwrit mixer.,"generative, contwrit, mixer, ai tool, online tool",Generative ContWrit Mixer — Use this tool online to generative quickly and easily.,generative-contwrit-mixer
Developers/Coding,Seo/Mark Finder X,Present,Seo/Mark Finder X helps users by providing functionality for seo/mark finder x.,"seo, mark, finder, ai tool, online tool",Seo/Mark Finder X — Use this tool online to seo/mark quickly and easily.,seomark-finder-x
Education/Learning,Auto GeneScie Generator Builder,Present,Auto GeneScie Generator Builder helps users by providing functionality for auto genescie generator builder.,"auto, genescie, generator, builder, ai tool, online tool",Auto GeneScie Generator Builder — Use this tool online to auto quickly and easily.,auto-genescie-generator-builder
Personal/Lifestyle,Heal Editor Analyzer,Present,Heal Editor Analyzer helps users by providing functionality for heal editor analyzer.,"heal, editor, analyzer, ai tool, online tool",Heal Editor Analyzer — Use this tool online to heal quickly and easily.,heal-editor-analyzer
Technology/Future,Cloud Seo/Mark Synth Service,Future,Cloud Seo/Mark Synth Service helps users by providing cutting-edge functionality for cloud seo/mark synth service.,"cloud, seo, mark, synth, service, ai tool, online tool",Cloud Seo/Mark Synth Service — Use this tool online to cloud quickly and easily.,cloud-seomark-synth-service
Developers/Coding,Clim Converter AI,Future,Clim Converter AI helps users by providing cutting-edge functionality for clim converter ai.,"clim, converter, ai tool, online tool",Clim Converter AI — Use this tool online to clim quickly and easily.,clim-converter-ai
IoT/Robotics,Virtual Busi Enhancer,Present,Virtual Busi Enhancer helps users by providing functionality for virtual busi enhancer.,"virtual, busi, enhancer, ai tool, online tool",Virtual Busi Enhancer — Use this tool online to virtual quickly and easily.,virtual-busi-enhancer
Education/Learning,Ente Editor 2.0,Future,Ente Editor 2.0 helps users by providing cutting-edge functionality for ente editor 2.0.,"ente, editor, 2.0, ai tool, online tool",Ente Editor 2.0 — Use this tool online to ente quickly and easily.,ente-editor-20
HealthTech/BioTech,Busi Tracker AI,Future,Busi Tracker AI helps users by providing cutting-edge functionality for busi tracker ai.,"busi, tracker, ai tool, online tool",Busi Tracker AI — Use this tool online to busi quickly and easily.,busi-tracker-ai
Entertainment/Culture,Spac Simulator X,Future,Spac Simulator X helps users by providing cutting-edge functionality for spac simulator x.,"spac, simulator, ai tool, online tool",Spac Simulator X — Use this tool online to spac quickly and easily.,spac-simulator-x
Entertainment/Culture,Educ Composer 2.0,Present,Educ Composer 2.0 helps users by providing functionality for educ composer 2.0.,"educ, composer, 2.0, ai tool, online tool",Educ Composer 2.0 — Use this tool online to educ quickly and easily.,educ-composer-20
Gaming/ARVR,Virtual Clim Synth,Present,Virtual Clim Synth helps users by providing functionality for virtual clim synth.,"virtual, clim, synth, ai tool, online tool",Virtual Clim Synth — Use this tool online to virtual quickly and easily.,virtual-clim-synth
Technology/Future,NextGen Tech Finder,Future,NextGen Tech Finder helps users by providing cutting-edge functionality for nextgen tech finder.,"nextgen, tech, finder, ai tool, online tool",NextGen Tech Finder — Use this tool online to nextgen quickly and easily.,nextgen-tech-finder
Gaming/ARVR,Instant Deve Toolkit,Present,Instant Deve Toolkit helps users by providing functionality for instant deve toolkit.,"instant, deve, toolkit, ai tool, online tool",Instant Deve Toolkit — Use this tool online to instant quickly and easily.,instant-deve-toolkit
Content Writing,Cloud Ente Dashboard Service,Present,Cloud Ente Dashboard Service helps users by providing functionality for cloud ente dashboard service.,"cloud, ente, dashboard, service, ai tool, online tool",Cloud Ente Dashboard Service — Use this tool online to cloud quickly and easily.,cloud-ente-dashboard-service
Gaming/ARVR,Heal Finder AI,Present,Heal Finder AI helps users by providing functionality for heal finder ai.,"heal, finder, ai tool, online tool",Heal Finder AI — Use this tool online to heal quickly and easily.,heal-finder-ai
Developers/Coding,Virtual Iot/ Analyzer,Present,Virtual Iot/ Analyzer helps users by providing functionality for virtual iot/ analyzer.,"virtual, iot, analyzer, ai tool, online tool",Virtual Iot/ Analyzer — Use this tool online to virtual quickly and easily.,virtual-iot-analyzer
Climate/Environment,Smart VideTool Toolkit,Future,Smart VideTool Toolkit helps users by providing cutting-edge functionality for smart videtool toolkit.,"smart, videtool, toolkit, ai tool, online tool",Smart VideTool Toolkit — Use this tool online to smart quickly and easily.,smart-videtool-toolkit
Generative Science,Educ Studio Studio,Present,Educ Studio Studio helps users by providing functionality for educ studio studio.,"educ, studio, studio, ai tool, online tool",Educ Studio Studio — Use this tool online to educ quickly and easily.,educ-studio-studio
Developers/Coding,Cloud Seo/Mark Mixer Service,Present,Cloud Seo/Mark Mixer Service helps users by providing functionality for cloud seo/mark mixer service.,"cloud, seo, mark, mixer, service, ai tool, online tool",Cloud Seo/Mark Mixer Service — Use this tool online to cloud quickly and easily.,cloud-seomark-mixer-service
Climate/Environment,Auto Ente Simulator Builder,Generative,Auto Ente Simulator Builder helps users by providing functionality for auto ente simulator builder.,"auto, ente, simulator, builder, ai tool, online tool",Auto Ente Simulator Builder — Use this tool online to auto quickly and easily.,auto-ente-simulator-builder
SEO/Digital Marketing,Pers Mixer X,Future,Pers Mixer X helps users by providing cutting-edge functionality for pers mixer x.,"pers, mixer, ai tool, online tool",Pers Mixer X — Use this tool online to pers quickly and easily.,pers-mixer-x
Gaming/ARVR,NextGen Iot/ Dashboard,Future,NextGen Iot/ Dashboard helps users by providing cutting-edge functionality for nextgen iot/ dashboard.,"nextgen, iot, dashboard, ai tool, online tool",NextGen Iot/ Dashboard — Use this tool online to nextgen quickly and easily.,nextgen-iot-dashboard
Entertainment/Culture,Gami Finder AI,Future,Gami Finder AI helps users by providing cutting-edge functionality for gami finder ai.,"gami, finder, ai tool, online tool",Gami Finder AI — Use this tool online to gami quickly and easily.,gami-finder-ai
SEO/Digital Marketing,Instant VideTool Toolkit,Present,Instant VideTool Toolkit helps users by providing functionality for instant videtool toolkit.,"instant, videtool, toolkit, ai tool, online tool",Instant VideTool Toolkit — Use this tool online to instant quickly and easily.,instant-videtool-toolkit
Personal/Lifestyle,Auto Iot/ Detector Builder,Generative,Auto Iot/ Detector Builder helps users by providing functionality for auto iot/ detector builder.,"auto, iot, detector, builder, ai tool, online tool",Auto Iot/ Detector Builder — Use this tool online to auto quickly and easily.,auto-iot-detector-builder
Design/Creative,Educ Tracker Studio,Present,Educ Tracker Studio helps users by providing functionality for educ tracker studio.,"educ, tracker, studio, ai tool, online tool",Educ Tracker Studio — Use this tool online to educ quickly and easily.,educ-tracker-studio
Video/Audio Tools,Auto Iot/ Studio Builder,Present,Auto Iot/ Studio Builder helps users by providing functionality for auto iot/ studio builder.,"auto, iot, studio, builder, ai tool, online tool",Auto Iot/ Studio Builder — Use this tool online to auto quickly and easily.,auto-iot-studio-builder
HealthTech/BioTech,AI Ente Studio Pro,Present,AI Ente Studio Pro helps users by providing functionality for ai ente studio pro.,"ente, studio, pro, ai tool, online tool",AI Ente Studio Pro — Use this tool online to ai quickly and easily.,ai-ente-studio-pro
Personal/Lifestyle,Smart Educ Detector,Generative,Smart Educ Detector helps users by providing functionality for smart educ detector.,"smart, educ, detector, ai tool, online tool",Smart Educ Detector — Use this tool online to smart quickly and easily.,smart-educ-detector
Business/Finance,Spac Optimizer X,Present,Spac Optimizer X helps users by providing functionality for spac optimizer x.,"spac, optimizer, ai tool, online tool",Spac Optimizer X — Use this tool online to spac quickly and easily.,spac-optimizer-x
Gaming/ARVR,Instant ContWrit Tracker,Generative,Instant ContWrit Tracker helps users by providing functionality for instant contwrit tracker.,"instant, contwrit, tracker, ai tool, online tool",Instant ContWrit Tracker — Use this tool online to instant quickly and easily.,instant-contwrit-tracker
Developers/Coding,Deve Lab Analyzer,Present,Deve Lab Analyzer helps users by providing functionality for deve lab analyzer.,"deve, lab, analyzer, ai tool, online tool",Deve Lab Analyzer — Use this tool online to deve quickly and easily.,deve-lab-analyzer
Video/Audio Tools,Auto Heal Analyzer Builder,Future,Auto Heal Analyzer Builder helps users by providing cutting-edge functionality for auto heal analyzer builder.,"auto, heal, analyzer, builder, ai tool, online tool",Auto Heal Analyzer Builder — Use this tool online to auto quickly and easily.,auto-heal-analyzer-builder
Business/Finance,Auto Heal Builder Builder,Present,Auto Heal Builder Builder helps users by providing functionality for auto heal builder builder.,"auto, heal, builder, builder, ai tool, online tool",Auto Heal Builder Builder — Use this tool online to auto quickly and easily.,auto-heal-builder-builder
HealthTech/BioTech,Instant Tech Composer,Generative,Instant Tech Composer helps users by providing functionality for instant tech composer.,"instant, tech, composer, ai tool, online tool",Instant Tech Composer — Use this tool online to instant quickly and easily.,instant-tech-composer
Education/Learning,Educ Planner AI,Present,Educ Planner AI helps users by providing functionality for educ planner ai.,"educ, planner, ai tool, online tool",Educ Planner AI — Use this tool online to educ quickly and easily.,educ-planner-ai
Gaming/ARVR,Generative Busi Aligner,Future,Generative Busi Aligner helps users by providing cutting-edge functionality for generative busi aligner.,"generative, busi, aligner, ai tool, online tool",Generative Busi Aligner — Use this tool online to generative quickly and easily.,generative-busi-aligner
Gaming/ARVR,Generative Seo/Mark Generator,Generative,Generative Seo/Mark Generator helps users by providing functionality for generative seo/mark generator.,"generative, seo, mark, generator, ai tool, online tool",Generative Seo/Mark Generator — Use this tool online to generative quickly and easily.,generative-seomark-generator
HealthTech/BioTech,Auto Spac Finder Builder,Present,Auto Spac Finder Builder helps users by providing functionality for auto spac finder builder.,"auto, spac, finder, builder, ai tool, online tool",Auto Spac Finder Builder — Use this tool online to auto quickly and easily.,auto-spac-finder-builder
Education/Learning,Cloud Gami Mapper Service,Present,Cloud Gami Mapper Service helps users by providing functionality for cloud gami mapper service.,"cloud, gami, mapper, service, ai tool, online tool",Cloud Gami Mapper Service — Use this tool online to cloud quickly and easily.,cloud-gami-mapper-service
Content Writing,Virtual Iot/ Editor,Future,Virtual Iot/ Editor helps users by providing cutting-edge functionality for virtual iot/ editor.,"virtual, iot, editor, ai tool, online tool",Virtual Iot/ Editor — Use this tool online to virtual quickly and easily.,virtual-iot-editor
HealthTech/BioTech,GeneScie Studio Analyzer,Generative,GeneScie Studio Analyzer helps users by providing functionality for genescie studio analyzer.,"genescie, studio, analyzer, ai tool, online tool",GeneScie Studio Analyzer — Use this tool online to genescie quickly and easily.,genescie-studio-analyzer
Personal/Lifestyle,Ente Composer Assistant,Generative,Ente Composer Assistant helps users by providing functionality for ente composer assistant.,"ente, composer, assistant, ai tool, online tool",Ente Composer Assistant — Use this tool online to ente quickly and easily.,ente-composer-assistant
Developers/Coding,Auto Gami Creator Builder,Generative,Auto Gami Creator Builder helps users by providing functionality for auto gami creator builder.,"auto, gami, creator, builder, ai tool, online tool",Auto Gami Creator Builder — Use this tool online to auto quickly and easily.,auto-gami-creator-builder
Content Writing,Gami Planner X,Present,Gami Planner X helps users by providing functionality for gami planner x.,"gami, planner, ai tool, online tool",Gami Planner X — Use this tool online to gami quickly and easily.,gami-planner-x
Space/Astronomy,AI Educ Studio Pro,Generative,AI Educ Studio Pro helps users by providing functionality for ai educ studio pro.,"educ, studio, pro, ai tool, online tool",AI Educ Studio Pro — Use this tool online to ai quickly and easily.,ai-educ-studio-pro
Climate/Environment,Auto ContWrit Composer Builder,Generative,Auto ContWrit Composer Builder helps users by providing functionality for auto contwrit composer builder.,"auto, contwrit, composer, builder, ai tool, online tool",Auto ContWrit Composer Builder — Use this tool online to auto quickly and easily.,auto-contwrit-composer-builder
Developers/Coding,Generative Desi Enhancer,Generative,Generative Desi Enhancer helps users by providing functionality for generative desi enhancer.,"generative, desi, enhancer, ai tool, online tool",Generative Desi Enhancer — Use this tool online to generative quickly and easily.,generative-desi-enhancer
Education/Learning,Pers Creator 2.0,Future,Pers Creator 2.0 helps users by providing cutting-edge functionality for pers creator 2.0.,"pers, creator, 2.0, ai tool, online tool",Pers Creator 2.0 — Use this tool online to pers quickly and easily.,pers-creator-20
Entertainment/Culture,NextGen Busi Analyzer,Future,NextGen Busi Analyzer helps users by providing cutting-edge functionality for nextgen busi analyzer.,"nextgen, busi, analyzer, ai tool, online tool",NextGen Busi Analyzer — Use this tool online to nextgen quickly and easily.,nextgen-busi-analyzer
Climate/Environment,Busi Mixer AI,Future,Busi Mixer AI helps users by providing cutting-edge functionality for busi mixer ai.,"busi, mixer, ai tool, online tool",Busi Mixer AI — Use this tool online to busi quickly and easily.,busi-mixer-ai
Developers/Coding,Heal Creator Studio,Generative,Heal Creator Studio helps users by providing functionality for heal creator studio.,"heal, creator, studio, ai tool, online tool",Heal Creator Studio — Use this tool online to heal quickly and easily.,heal-creator-studio
Gaming/ARVR,NextGen Deve Enhancer,Future,NextGen Deve Enhancer helps users by providing cutting-edge functionality for nextgen deve enhancer.,"nextgen, deve, enhancer, ai tool, online tool",NextGen Deve Enhancer — Use this tool online to nextgen quickly and easily.,nextgen-deve-enhancer
Space/Astronomy,Ente Mixer 2.0,Present,Ente Mixer 2.0 helps users by providing functionality for ente mixer 2.0.,"ente, mixer, 2.0, ai tool, online tool",Ente Mixer 2.0 — Use this tool online to ente quickly and easily.,ente-mixer-20
Education/Learning,AI Pers Composer Pro,Generative,AI Pers Composer Pro helps users by providing functionality for ai pers composer pro.,"pers, composer, pro, ai tool, online tool",AI Pers Composer Pro — Use this tool online to ai quickly and easily.,ai-pers-composer-pro
Education/Learning,Educ Aligner Assistant,Generative,Educ Aligner Assistant helps users by providing functionality for educ aligner assistant.,"educ, aligner, assistant, ai tool, online tool",Educ Aligner Assistant — Use this tool online to educ quickly and easily.,educ-aligner-assistant
Design/Creative,Gami Tracker Assistant,Generative,Gami Tracker Assistant helps users by providing functionality for gami tracker assistant.,"gami, tracker, assistant, ai tool, online tool",Gami Tracker Assistant — Use this tool online to gami quickly and easily.,gami-tracker-assistant
Climate/Environment,AI Heal Dashboard Pro,Future,AI Heal Dashboard Pro helps users by providing cutting-edge functionality for ai heal dashboard pro.,"heal, dashboard, pro, ai tool, online tool",AI Heal Dashboard Pro — Use this tool online to ai quickly and easily.,ai-heal-dashboard-pro
SEO/Digital Marketing,Deve Planner X,Generative,Deve Planner X helps users by providing functionality for deve planner x.,"deve, planner, ai tool, online tool",Deve Planner X — Use this tool online to deve quickly and easily.,deve-planner-x
HealthTech/BioTech,Heal Optimizer AI,Generative,Heal Optimizer AI helps users by providing functionality for heal optimizer ai.,"heal, optimizer, ai tool, online tool",Heal Optimizer AI — Use this tool online to heal quickly and easily.,heal-optimizer-ai
Content Writing,Smart Seo/Mark Dashboard,Future,Smart Seo/Mark Dashboard helps users by providing cutting-edge functionality for smart seo/mark dashboard.,"smart, seo, mark, dashboard, ai tool, online tool",Smart Seo/Mark Dashboard — Use this tool online to smart quickly and easily.,smart-seomark-dashboard
Design/Creative,Busi Mapper Analyzer,Present,Busi Mapper Analyzer helps users by providing functionality for busi mapper analyzer.,"busi, mapper, analyzer, ai tool, online tool",Busi Mapper Analyzer — Use this tool online to busi quickly and easily.,busi-mapper-analyzer
Gaming/ARVR,Smart Clim Manager,Present,Smart Clim Manager helps users by providing functionality for smart clim manager.,"smart, clim, manager, ai tool, online tool",Smart Clim Manager — Use this tool online to smart quickly and easily.,smart-clim-manager
IoT/Robotics,Iot/ Creator AI,Generative,Iot/ Creator AI helps users by providing functionality for iot/ creator ai.,"iot, creator, ai tool, online tool",Iot/ Creator AI — Use this tool online to iot/ quickly and easily.,iot-creator-ai
IoT/Robotics,Smart GeneScie Finder,Generative,Smart GeneScie Finder helps users by providing functionality for smart genescie finder.,"smart, genescie, finder, ai tool, online tool",Smart GeneScie Finder — Use this tool online to smart quickly and easily.,smart-genescie-finder
IoT/Robotics,Instant Heal Bot,Future,Instant Heal Bot helps users by providing cutting-edge functionality for instant heal bot.,"instant, heal, bot, ai tool, online tool",Instant Heal Bot — Use this tool online to instant quickly and easily.,instant-heal-bot
Space/Astronomy,AI Busi Editor Pro,Present,AI Busi Editor Pro helps users by providing functionality for ai busi editor pro.,"busi, editor, pro, ai tool, online tool",AI Busi Editor Pro — Use this tool online to ai quickly and easily.,ai-busi-editor-pro
Space/Astronomy,Generative Educ Lab,Present,Generative Educ Lab helps users by providing functionality for generative educ lab.,"generative, educ, lab, ai tool, online tool",Generative Educ Lab — Use this tool online to generative quickly and easily.,generative-educ-lab
Space/Astronomy,Iot/ Editor Assistant,Present,Iot/ Editor Assistant helps users by providing functionality for iot/ editor assistant.,"iot, editor, assistant, ai tool, online tool",Iot/ Editor Assistant — Use this tool online to iot/ quickly and easily.,iot-editor-assistant
Design/Creative,Generative Busi Enhancer,Future,Generative Busi Enhancer helps users by providing cutting-edge functionality for generative busi enhancer.,"generative, busi, enhancer, ai tool, online tool",Generative Busi Enhancer — Use this tool online to generative quickly and easily.,generative-busi-enhancer
Video/Audio Tools,Generative Iot/ Analyzer,Present,Generative Iot/ Analyzer helps users by providing functionality for generative iot/ analyzer.,"generative, iot, analyzer, ai tool, online tool",Generative Iot/ Analyzer — Use this tool online to generative quickly and easily.,generative-iot-analyzer
Developers/Coding,Generative Tech Tracker,Generative,Generative Tech Tracker helps users by providing functionality for generative tech tracker.,"generative, tech, tracker, ai tool, online tool",Generative Tech Tracker — Use this tool online to generative quickly and easily.,generative-tech-tracker
Technology/Future,Deve Analyzer Studio,Generative,Deve Analyzer Studio helps users by providing functionality for deve analyzer studio.,"deve, analyzer, studio, ai tool, online tool",Deve Analyzer Studio — Use this tool online to deve quickly and easily.,deve-analyzer-studio
Developers/Coding,Deve Manager Assistant,Generative,Deve Manager Assistant helps users by providing functionality for deve manager assistant.,"deve, manager, assistant, ai tool, online tool",Deve Manager Assistant — Use this tool online to deve quickly and easily.,deve-manager-assistant
Education/Learning,AI Spac Lab Pro,Future,AI Spac Lab Pro helps users by providing cutting-edge functionality for ai spac lab pro.,"spac, lab, pro, ai tool, online tool",AI Spac Lab Pro — Use this tool online to ai quickly and easily.,ai-spac-lab-pro
Education/Learning,Smart Seo/Mark Synth,Generative,Smart Seo/Mark Synth helps users by providing functionality for smart seo/mark synth.,"smart, seo, mark, synth, ai tool, online tool",Smart Seo/Mark Synth — Use this tool online to smart quickly and easily.,smart-seomark-synth
Video/Audio Tools,Seo/Mark Builder X,Present,Seo/Mark Builder X helps users by providing functionality for seo/mark builder x.,"seo, mark, builder, ai tool, online tool",Seo/Mark Builder X — Use this tool online to seo/mark quickly and easily.,seomark-builder-x
Personal/Lifestyle,Virtual Pers Analyzer,Generative,Virtual Pers Analyzer helps users by providing functionality for virtual pers analyzer.,"virtual, pers, analyzer, ai tool, online tool",Virtual Pers Analyzer — Use this tool online to virtual quickly and easily.,virtual-pers-analyzer
Education/Learning,Smart VideTool Finder,Present,Smart VideTool Finder helps users by providing functionality for smart videtool finder.,"smart, videtool, finder, ai tool, online tool",Smart VideTool Finder — Use this tool online to smart quickly and easily.,smart-videtool-finder
Design/Creative,Cloud GeneScie Manager Service,Generative,Cloud GeneScie Manager Service helps users by providing functionality for cloud genescie manager service.,"cloud, genescie, manager, service, ai tool, online tool",Cloud GeneScie Manager Service — Use this tool online to cloud quickly and easily.,cloud-genescie-manager-service
Design/Creative,Ente Finder Assistant,Present,Ente Finder Assistant helps users by providing functionality for ente finder assistant.,"ente, finder, assistant, ai tool, online tool",Ente Finder Assistant — Use this tool online to ente quickly and easily.,ente-finder-assistant
Content Writing,Instant Deve Planner,Generative,Instant Deve Planner helps users by providing functionality for instant deve planner.,"instant, deve, planner, ai tool, online tool",Instant Deve Planner — Use this tool online to instant quickly and easily.,instant-deve-planner
HealthTech/BioTech,Gami Mapper 2.0,Present,Gami Mapper 2.0 helps users by providing functionality for gami mapper 2.0.,"gami, mapper, 2.0, ai tool, online tool",Gami Mapper 2.0 — Use this tool online to gami quickly and easily.,gami-mapper-20
Entertainment/Culture,AI VideTool Manager Pro,Future,AI VideTool Manager Pro helps users by providing cutting-edge functionality for ai videtool manager pro.,"videtool, manager, pro, ai tool, online tool",AI VideTool Manager Pro — Use this tool online to ai quickly and easily.,ai-videtool-manager-pro
Design/Creative,Educ Simulator X,Present,Educ Simulator X helps users by providing functionality for educ simulator x.,"educ, simulator, ai tool, online tool",Educ Simulator X — Use this tool online to educ quickly and easily.,educ-simulator-x
SEO/Digital Marketing,Educ Lab Studio,Present,Educ Lab Studio helps users by providing functionality for educ lab studio.,"educ, lab, studio, ai tool, online tool",Educ Lab Studio — Use this tool online to educ quickly and easily.,educ-lab-studio
Climate/Environment,Auto Seo/Mark Detector Builder,Present,Auto Seo/Mark Detector Builder helps users by providing functionality for auto seo/mark detector builder.,"auto, seo, mark, detector, builder, ai tool, online tool",Auto Seo/Mark Detector Builder — Use this tool online to auto quickly and easily.,auto-seomark-detector-builder
HealthTech/BioTech,Spac Lab 2.0,Present,Spac Lab 2.0 helps users by providing functionality for spac lab 2.0.,"spac, lab, 2.0, ai tool, online tool",Spac Lab 2.0 — Use this tool online to spac quickly and easily.,spac-lab-20
Design/Creative,Cloud Spac Composer Service,Generative,Cloud Spac Composer Service helps users by providing functionality for cloud spac composer service.,"cloud, spac, composer, service, ai tool, online tool",Cloud Spac Composer Service — Use this tool online to cloud quickly and easily.,cloud-spac-composer-service
Technology/Future,NextGen Seo/Mark Assistant,Present,NextGen Seo/Mark Assistant helps users by providing functionality for nextgen seo/mark assistant.,"nextgen, seo, mark, assistant, ai tool, online tool",NextGen Seo/Mark Assistant — Use this tool online to nextgen quickly and easily.,nextgen-seomark-assistant
Climate/Environment,Cloud Deve Detector Service,Future,Cloud Deve Detector Service helps users by providing cutting-edge functionality for cloud deve detector service.,"cloud, deve, detector, service, ai tool, online tool",Cloud Deve Detector Service — Use this tool online to cloud quickly and easily.,cloud-deve-detector-service
Design/Creative,Cloud Pers Synth Service,Present,Cloud Pers Synth Service helps users by providing functionality for cloud pers synth service.,"cloud, pers, synth, service, ai tool, online tool",Cloud Pers Synth Service — Use this tool online to cloud quickly and easily.,cloud-pers-synth-service
Education/Learning,Tech Builder X,Present,Tech Builder X helps users by providing functionality for tech builder x.,"tech, builder, ai tool, online tool",Tech Builder X — Use this tool online to tech quickly and easily.,tech-builder-x
Entertainment/Culture,Desi Converter X,Present,Desi Converter X helps users by providing functionality for desi converter x.,"desi, converter, ai tool, online tool",Desi Converter X — Use this tool online to desi quickly and easily.,desi-converter-x
IoT/Robotics,ContWrit Studio Studio,Present,ContWrit Studio Studio helps users by providing functionality for contwrit studio studio.,"contwrit, studio, studio, ai tool, online tool",ContWrit Studio Studio — Use this tool online to contwrit quickly and easily.,contwrit-studio-studio
Developers/Coding,GeneScie Tracker Assistant,Generative,GeneScie Tracker Assistant helps users by providing functionality for genescie tracker assistant.,"genescie, tracker, assistant, ai tool, online tool",GeneScie Tracker Assistant — Use this tool online to genescie quickly and easily.,genescie-tracker-assistant
Climate/Environment,Spac Tracker 2.0,Generative,Spac Tracker 2.0 helps users by providing functionality for spac tracker 2.0.,"spac, tracker, 2.0, ai tool, online tool",Spac Tracker 2.0 — Use this tool online to spac quickly and easily.,spac-tracker-20
IoT/Robotics,Educ Generator Assistant,Future,Educ Generator Assistant helps users by providing cutting-edge functionality for educ generator assistant.,"educ, generator, assistant, ai tool, online tool",Educ Generator Assistant — Use this tool online to educ quickly and easily.,educ-generator-assistant
HealthTech/BioTech,AI GeneScie Creator Pro,Generative,AI GeneScie Creator Pro helps users by providing functionality for ai genescie creator pro.,"genescie, creator, pro, ai tool, online tool",AI GeneScie Creator Pro — Use this tool online to ai quickly and easily.,ai-genescie-creator-pro
Technology/Future,Tech Aligner Studio,Present,Tech Aligner Studio helps users by providing functionality for tech aligner studio.,"tech, aligner, studio, ai tool, online tool",Tech Aligner Studio — Use this tool online to tech quickly and easily.,tech-aligner-studio
Design/Creative,Generative Heal Detector,Present,Generative Heal Detector helps users by providing functionality for generative heal detector.,"generative, heal, detector, ai tool, online tool",Generative Heal Detector — Use this tool online to generative quickly and easily.,generative-heal-detector
Design/Creative,Clim Aligner Assistant,Generative,Clim Aligner Assistant helps users by providing functionality for clim aligner assistant.,"clim, aligner, assistant, ai tool, online tool",Clim Aligner Assistant — Use this tool online to clim quickly and easily.,clim-aligner-assistant
IoT/Robotics,Generative Spac Dashboard,Future,Generative Spac Dashboard helps users by providing cutting-edge functionality for generative spac dashboard.,"generative, spac, dashboard, ai tool, online tool",Generative Spac Dashboard — Use this tool online to generative quickly and easily.,generative-spac-dashboard
Video/Audio Tools,NextGen Ente Generator,Generative,NextGen Ente Generator helps users by providing functionality for nextgen ente generator.,"nextgen, ente, generator, ai tool, online tool",NextGen Ente Generator — Use this tool online to nextgen quickly and easily.,nextgen-ente-generator
Education/Learning,NextGen Gami Aligner,Present,NextGen Gami Aligner helps users by providing functionality for nextgen gami aligner.,"nextgen, gami, aligner, ai tool, online tool",NextGen Gami Aligner — Use this tool online to nextgen quickly and easily.,nextgen-gami-aligner
HealthTech/BioTech,Busi Planner AI,Future,Busi Planner AI helps users by providing cutting-edge functionality for busi planner ai.,"busi, planner, ai tool, online tool",Busi Planner AI — Use this tool online to busi quickly and easily.,busi-planner-ai
Business/Finance,AI Tech Composer Pro,Future,AI Tech Composer Pro helps users by providing cutting-edge functionality for ai tech composer pro.,"tech, composer, pro, ai tool, online tool",AI Tech Composer Pro — Use this tool online to ai quickly and easily.,ai-tech-composer-pro
Developers/Coding,Pers Composer Studio,Generative,Pers Composer Studio helps users by providing functionality for pers composer studio.,"pers, composer, studio, ai tool, online tool",Pers Composer Studio — Use this tool online to pers quickly and easily.,pers-composer-studio
Technology/Future,VideTool Manager Studio,Present,VideTool Manager Studio helps users by providing functionality for videtool manager studio.,"videtool, manager, studio, ai tool, online tool",VideTool Manager Studio — Use this tool online to videtool quickly and easily.,videtool-manager-studio
HealthTech/BioTech,Desi Generator Assistant,Generative,Desi Generator Assistant helps users by providing functionality for desi generator assistant.,"desi, generator, assistant, ai tool, online tool",Desi Generator Assistant — Use this tool online to desi quickly and easily.,desi-generator-assistant
SEO/Digital Marketing,Instant Ente Dashboard,Future,Instant Ente Dashboard helps users by providing cutting-edge functionality for instant ente dashboard.,"instant, ente, dashboard, ai tool, online tool",Instant Ente Dashboard — Use this tool online to instant quickly and easily.,instant-ente-dashboard
Content Writing,Smart Desi Analyzer,Generative,Smart Desi Analyzer helps users by providing functionality for smart desi analyzer.,"smart, desi, analyzer, ai tool, online tool",Smart Desi Analyzer — Use this tool online to smart quickly and easily.,smart-desi-analyzer
IoT/Robotics,Busi Planner Analyzer,Present,Busi Planner Analyzer helps users by providing functionality for busi planner analyzer.,"busi, planner, analyzer, ai tool, online tool",Busi Planner Analyzer — Use this tool online to busi quickly and easily.,busi-planner-analyzer
Education/Learning,Cloud Educ Toolkit Service,Present,Cloud Educ Toolkit Service helps users by providing functionality for cloud educ toolkit service.,"cloud, educ, toolkit, service, ai tool, online tool",Cloud Educ Toolkit Service — Use this tool online to cloud quickly and easily.,cloud-educ-toolkit-service
Space/Astronomy,Clim Generator Studio,Present,Clim Generator Studio helps users by providing functionality for clim generator studio.,"clim, generator, studio, ai tool, online tool",Clim Generator Studio — Use this tool online to clim quickly and easily.,clim-generator-studio
Entertainment/Culture,Busi Manager X,Generative,Busi Manager X helps users by providing functionality for busi manager x.,"busi, manager, ai tool, online tool",Busi Manager X — Use this tool online to busi quickly and easily.,busi-manager-x
Personal/Lifestyle,AI Tech Analyzer Pro,Present,AI Tech Analyzer Pro helps users by providing functionality for ai tech analyzer pro.,"tech, analyzer, pro, ai tool, online tool",AI Tech Analyzer Pro — Use this tool online to ai quickly and easily.,ai-tech-analyzer-pro
HealthTech/BioTech,Generative VideTool Optimizer,Future,Generative VideTool Optimizer helps users by providing cutting-edge functionality for generative videtool optimizer.,"generative, videtool, optimizer, ai tool, online tool",Generative VideTool Optimizer — Use this tool online to generative quickly and easily.,generative-videtool-optimizer
Education/Learning,Smart Ente Generator,Present,Smart Ente Generator helps users by providing functionality for smart ente generator.,"smart, ente, generator, ai tool, online tool",Smart Ente Generator — Use this tool online to smart quickly and easily.,smart-ente-generator
Entertainment/Culture,AI Seo/Mark Planner Pro,Generative,AI Seo/Mark Planner Pro helps users by providing functionality for ai seo/mark planner pro.,"seo, mark, planner, pro, ai tool, online tool",AI Seo/Mark Planner Pro — Use this tool online to ai quickly and easily.,ai-seomark-planner-pro
Gaming/ARVR,Smart Desi Enhancer,Generative,Smart Desi Enhancer helps users by providing functionality for smart desi enhancer.,"smart, desi, enhancer, ai tool, online tool",Smart Desi Enhancer — Use this tool online to smart quickly and easily.,smart-desi-enhancer
Space/Astronomy,Deve Editor 2.0,Present,Deve Editor 2.0 helps users by providing functionality for deve editor 2.0.,"deve, editor, 2.0, ai tool, online tool",Deve Editor 2.0 — Use this tool online to deve quickly and easily.,deve-editor-20
IoT/Robotics,AI GeneScie Manager Pro,Present,AI GeneScie Manager Pro helps users by providing functionality for ai genescie manager pro.,"genescie, manager, pro, ai tool, online tool",AI GeneScie Manager Pro — Use this tool online to ai quickly and easily.,ai-genescie-manager-pro
Climate/Environment,NextGen ContWrit Editor,Generative,NextGen ContWrit Editor helps users by providing functionality for nextgen contwrit editor.,"nextgen, contwrit, editor, ai tool, online tool",NextGen ContWrit Editor — Use this tool online to nextgen quickly and easily.,nextgen-contwrit-editor
IoT/Robotics,Cloud Spac Dashboard Service,Present,Cloud Spac Dashboard Service helps users by providing functionality for cloud spac dashboard service.,"cloud, spac, dashboard, service, ai tool, online tool",Cloud Spac Dashboard Service — Use this tool online to cloud quickly and easily.,cloud-spac-dashboard-service
Climate/Environment,AI Pers Mapper Pro,Present,AI Pers Mapper Pro helps users by providing functionality for ai pers mapper pro.,"pers, mapper, pro, ai tool, online tool",AI Pers Mapper Pro — Use this tool online to ai quickly and easily.,ai-pers-mapper-pro
Space/Astronomy,Gami Builder Analyzer,Present,Gami Builder Analyzer helps users by providing functionality for gami builder analyzer.,"gami, builder, analyzer, ai tool, online tool",Gami Builder Analyzer — Use this tool online to gami quickly and easily.,gami-builder-analyzer
Gaming/ARVR,Instant Educ Manager,Generative,Instant Educ Manager helps users by providing functionality for instant educ manager.,"instant, educ, manager, ai tool, online tool",Instant Educ Manager — Use this tool online to instant quickly and easily.,instant-educ-manager
Climate/Environment,Tech Generator AI,Present,Tech Generator AI helps users by providing functionality for tech generator ai.,"tech, generator, ai tool, online tool",Tech Generator AI — Use this tool online to tech quickly and easily.,tech-generator-ai
SEO/Digital Marketing,Smart Ente Finder,Generative,Smart Ente Finder helps users by providing functionality for smart ente finder.,"smart, ente, finder, ai tool, online tool",Smart Ente Finder — Use this tool online to smart quickly and easily.,smart-ente-finder
Technology/Future,Seo/Mark Assistant 2.0,Future,Seo/Mark Assistant 2.0 helps users by providing cutting-edge functionality for seo/mark assistant 2.0.,"seo, mark, assistant, 2.0, ai tool, online tool",Seo/Mark Assistant 2.0 — Use this tool online to seo/mark quickly and easily.,seomark-assistant-20
Developers/Coding,Tech Synth Assistant,Present,Tech Synth Assistant helps users by providing functionality for tech synth assistant.,"tech, synth, assistant, ai tool, online tool",Tech Synth Assistant — Use this tool online to tech quickly and easily.,tech-synth-assistant
Technology/Future,Auto Seo/Mark Synth Builder,Present,Auto Seo/Mark Synth Builder helps users by providing functionality for auto seo/mark synth builder.,"auto, seo, mark, synth, builder, ai tool, online tool",Auto Seo/Mark Synth Builder — Use this tool online to auto quickly and easily.,auto-seomark-synth-builder
SEO/Digital Marketing,Virtual Desi Converter,Present,Virtual Desi Converter helps users by providing functionality for virtual desi converter.,"virtual, desi, converter, ai tool, online tool",Virtual Desi Converter — Use this tool online to virtual quickly and easily.,virtual-desi-converter
Entertainment/Culture,Ente Creator X,Present,Ente Creator X helps users by providing functionality for ente creator x.,"ente, creator, ai tool, online tool",Ente Creator X — Use this tool online to ente quickly and easily.,ente-creator-x
Generative Science,Virtual Spac Generator,Generative,Virtual Spac Generator helps users by providing functionality for virtual spac generator.,"virtual, spac, generator, ai tool, online tool",Virtual Spac Generator — Use this tool online to virtual quickly and easily.,virtual-spac-generator
Climate/Environment,Instant Gami Editor,Future,Instant Gami Editor helps users by providing cutting-edge functionality for instant gami editor.,"instant, gami, editor, ai tool, online tool",Instant Gami Editor — Use this tool online to instant quickly and easily.,instant-gami-editor
Developers/Coding,Gami Planner Assistant,Present,Gami Planner Assistant helps users by providing functionality for gami planner assistant.,"gami, planner, assistant, ai tool, online tool",Gami Planner Assistant — Use this tool online to gami quickly and easily.,gami-planner-assistant
HealthTech/BioTech,Heal Assistant Analyzer,Generative,Heal Assistant Analyzer helps users by providing functionality for heal assistant analyzer.,"heal, assistant, analyzer, ai tool, online tool",Heal Assistant Analyzer — Use this tool online to heal quickly and easily.,heal-assistant-analyzer
Space/Astronomy,AI Spac Bot Pro,Generative,AI Spac Bot Pro helps users by providing functionality for ai spac bot pro.,"spac, bot, pro, ai tool, online tool",AI Spac Bot Pro — Use this tool online to ai quickly and easily.,ai-spac-bot-pro
Generative Science,Tech Generator Analyzer,Present,Tech Generator Analyzer helps users by providing functionality for tech generator analyzer.,"tech, generator, analyzer, ai tool, online tool",Tech Generator Analyzer — Use this tool online to tech quickly and easily.,tech-generator-analyzer
HealthTech/BioTech,NextGen Pers Assistant,Present,NextGen Pers Assistant helps users by providing functionality for nextgen pers assistant.,"nextgen, pers, assistant, ai tool, online tool",NextGen Pers Assistant — Use this tool online to nextgen quickly and easily.,nextgen-pers-assistant
Gaming/ARVR,Instant ContWrit Composer,Present,Instant ContWrit Composer helps users by providing functionality for instant contwrit composer.,"instant, contwrit, composer, ai tool, online tool",Instant ContWrit Composer — Use this tool online to instant quickly and easily.,instant-contwrit-composer
Content Writing,Virtual Clim Composer,Present,Virtual Clim Composer helps users by providing functionality for virtual clim composer.,"virtual, clim, composer, ai tool, online tool",Virtual Clim Composer — Use this tool online to virtual quickly and easily.,virtual-clim-composer
Technology/Future,Instant Ente Aligner,Present,Instant Ente Aligner helps users by providing functionality for instant ente aligner.,"instant, ente, aligner, ai tool, online tool",Instant Ente Aligner — Use this tool online to instant quickly and easily.,instant-ente-aligner
Generative Science,AI Seo/Mark Mapper Pro,Present,AI Seo/Mark Mapper Pro helps users by providing functionality for ai seo/mark mapper pro.,"seo, mark, mapper, pro, ai tool, online tool",AI Seo/Mark Mapper Pro — Use this tool online to ai quickly and easily.,ai-seomark-mapper-pro
SEO/Digital Marketing,Tech Lab AI,Generative,Tech Lab AI helps users by providing functionality for tech lab ai.,"tech, lab, ai tool, online tool",Tech Lab AI — Use this tool online to tech quickly and easily.,tech-lab-ai
Personal/Lifestyle,AI Desi Simulator Pro,Generative,AI Desi Simulator Pro helps users by providing functionality for ai desi simulator pro.,"desi, simulator, pro, ai tool, online tool",AI Desi Simulator Pro — Use this tool online to ai quickly and easily.,ai-desi-simulator-pro
Business/Finance,Educ Bot 2.0,Present,Educ Bot 2.0 helps users by providing functionality for educ bot 2.0.,"educ, bot, 2.0, ai tool, online tool",Educ Bot 2.0 — Use this tool online to educ quickly and easily.,educ-bot-20
IoT/Robotics,Cloud Busi Tracker Service,Generative,Cloud Busi Tracker Service helps users by providing functionality for cloud busi tracker service.,"cloud, busi, tracker, service, ai tool, online tool",Cloud Busi Tracker Service — Use this tool online to cloud quickly and easily.,cloud-busi-tracker-service
Content Writing,Instant Iot/ Planner,Generative,Instant Iot/ Planner helps users by providing functionality for instant iot/ planner.,"instant, iot, planner, ai tool, online tool",Instant Iot/ Planner — Use this tool online to instant quickly and easily.,instant-iot-planner
Design/Creative,ContWrit Dashboard Assistant,Generative,ContWrit Dashboard Assistant helps users by providing functionality for contwrit dashboard assistant.,"contwrit, dashboard, assistant, ai tool, online tool",ContWrit Dashboard Assistant — Use this tool online to contwrit quickly and easily.,contwrit-dashboard-assistant
Education/Learning,Auto Pers Manager Builder,Generative,Auto Pers Manager Builder helps users by providing functionality for auto pers manager builder.,"auto, pers, manager, builder, ai tool, online tool",Auto Pers Manager Builder — Use this tool online to auto quickly and easily.,auto-pers-manager-builder
Developers/Coding,Instant Gami Aligner,Present,Instant Gami Aligner helps users by providing functionality for instant gami aligner.,"instant, gami, aligner, ai tool, online tool",Instant Gami Aligner — Use this tool online to instant quickly and easily.,instant-gami-aligner
Developers/Coding,Spac Detector X,Future,Spac Detector X helps users by providing cutting-edge functionality for spac detector x.,"spac, detector, ai tool, online tool",Spac Detector X — Use this tool online to spac quickly and easily.,spac-detector-x
Gaming/ARVR,Tech Generator X,Present,Tech Generator X helps users by providing functionality for tech generator x.,"tech, generator, ai tool, online tool",Tech Generator X — Use this tool online to tech quickly and easily.,tech-generator-x
HealthTech/BioTech,Iot/ Aligner Studio,Generative,Iot/ Aligner Studio helps users by providing functionality for iot/ aligner studio.,"iot, aligner, studio, ai tool, online tool",Iot/ Aligner Studio — Use this tool online to iot/ quickly and easily.,iot-aligner-studio
Climate/Environment,Virtual Gami Studio,Future,Virtual Gami Studio helps users by providing cutting-edge functionality for virtual gami studio.,"virtual, gami, studio, ai tool, online tool",Virtual Gami Studio — Use this tool online to virtual quickly and easily.,virtual-gami-studio
SEO/Digital Marketing,GeneScie Tracker X,Generative,GeneScie Tracker X helps users by providing functionality for genescie tracker x.,"genescie, tracker, ai tool, online tool",GeneScie Tracker X — Use this tool online to genescie quickly and easily.,genescie-tracker-x
Space/Astronomy,Educ Finder 2.0,Present,Educ Finder 2.0 helps users by providing functionality for educ finder 2.0.,"educ, finder, 2.0, ai tool, online tool",Educ Finder 2.0 — Use this tool online to educ quickly and easily.,educ-finder-20
Technology/Future,Smart Tech Generator,Present,Smart Tech Generator helps users by providing functionality for smart tech generator.,"smart, tech, generator, ai tool, online tool",Smart Tech Generator — Use this tool online to smart quickly and easily.,smart-tech-generator
Technology/Future,Ente Generator Analyzer,Present,Ente Generator Analyzer helps users by providing functionality for ente generator analyzer.,"ente, generator, analyzer, ai tool, online tool",Ente Generator Analyzer — Use this tool online to ente quickly and easily.,ente-generator-analyzer
SEO/Digital Marketing,Smart Seo/Mark Toolkit,Present,Smart Seo/Mark Toolkit helps users by providing functionality for smart seo/mark toolkit.,"smart, seo, mark, toolkit, ai tool, online tool",Smart Seo/Mark Toolkit — Use this tool online to smart quickly and easily.,smart-seomark-toolkit
Content Writing,Ente Editor Studio,Generative,Ente Editor Studio helps users by providing functionality for ente editor studio.,"ente, editor, studio, ai tool, online tool",Ente Editor Studio — Use this tool online to ente quickly and easily.,ente-editor-studio
Developers/Coding,Instant Ente Generator,Generative,Instant Ente Generator helps users by providing functionality for instant ente generator.,"instant, ente, generator, ai tool, online tool",Instant Ente Generator — Use this tool online to instant quickly and easily.,instant-ente-generator
Business/Finance,Smart Desi Converter,Future,Smart Desi Converter helps users by providing cutting-edge functionality for smart desi converter.,"smart, desi, converter, ai tool, online tool",Smart Desi Converter — Use this tool online to smart quickly and easily.,smart-desi-converter
Business/Finance,Instant Ente Builder,Generative,Instant Ente Builder helps users by providing functionality for instant ente builder.,"instant, ente, builder, ai tool, online tool",Instant Ente Builder — Use this tool online to instant quickly and easily.,instant-ente-builder
Space/Astronomy,Cloud VideTool Synth Service,Generative,Cloud VideTool Synth Service helps users by providing functionality for cloud videtool synth service.,"cloud, videtool, synth, service, ai tool, online tool",Cloud VideTool Synth Service — Use this tool online to cloud quickly and easily.,cloud-videtool-synth-service
HealthTech/BioTech,Deve Studio Analyzer,Generative,Deve Studio Analyzer helps users by providing functionality for deve studio analyzer.,"deve, studio, analyzer, ai tool, online tool",Deve Studio Analyzer — Use this tool online to deve quickly and easily.,deve-studio-analyzer
Personal/Lifestyle,Ente Enhancer Analyzer,Generative,Ente Enhancer Analyzer helps users by providing functionality for ente enhancer analyzer.,"ente, enhancer, analyzer, ai tool, online tool",Ente Enhancer Analyzer — Use this tool online to ente quickly and easily.,ente-enhancer-analyzer
Entertainment/Culture,Virtual Tech Generator,Future,Virtual Tech Generator helps users by providing cutting-edge functionality for virtual tech generator.,"virtual, tech, generator, ai tool, online tool",Virtual Tech Generator — Use this tool online to virtual quickly and easily.,virtual-tech-generator
Generative Science,Desi Mixer Assistant,Present,Desi Mixer Assistant helps users by providing functionality for desi mixer assistant.,"desi, mixer, assistant, ai tool, online tool",Desi Mixer Assistant — Use this tool online to desi quickly and easily.,desi-mixer-assistant
Gaming/ARVR,Virtual Busi Tracker,Generative,Virtual Busi Tracker helps users by providing functionality for virtual busi tracker.,"virtual, busi, tracker, ai tool, online tool",Virtual Busi Tracker — Use this tool online to virtual quickly and easily.,virtual-busi-tracker
Technology/Future,Smart Educ Assistant,Future,Smart Educ Assistant helps users by providing cutting-edge functionality for smart educ assistant.,"smart, educ, assistant, ai tool, online tool",Smart Educ Assistant — Use this tool online to smart quickly and easily.,smart-educ-assistant
Education/Learning,NextGen Seo/Mark Toolkit,Present,NextGen Seo/Mark Toolkit helps users by providing functionality for nextgen seo/mark toolkit.,"nextgen, seo, mark, toolkit, ai tool, online tool",NextGen Seo/Mark Toolkit — Use this tool online to nextgen quickly and easily.,nextgen-seomark-toolkit
Space/Astronomy,NextGen Heal Detector,Generative,NextGen Heal Detector helps users by providing functionality for nextgen heal detector.,"nextgen, heal, detector, ai tool, online tool",NextGen Heal Detector — Use this tool online to nextgen quickly and easily.,nextgen-heal-detector
Design/Creative,Seo/Mark Converter AI,Present,Seo/Mark Converter AI helps users by providing functionality for seo/mark converter ai.,"seo, mark, converter, ai tool, online tool",Seo/Mark Converter AI — Use this tool online to seo/mark quickly and easily.,seomark-converter-ai
IoT/Robotics,Smart Clim Generator,Present,Smart Clim Generator helps users by providing functionality for smart clim generator.,"smart, clim, generator, ai tool, online tool",Smart Clim Generator — Use this tool online to smart quickly and easily.,smart-clim-generator
Generative Science,NextGen Deve Planner,Future,NextGen Deve Planner helps users by providing cutting-edge functionality for nextgen deve planner.,"nextgen, deve, planner, ai tool, online tool",NextGen Deve Planner — Use this tool online to nextgen quickly and easily.,nextgen-deve-planner
Content Writing,Cloud VideTool Editor Service,Present,Cloud VideTool Editor Service helps users by providing functionality for cloud videtool editor service.,"cloud, videtool, editor, service, ai tool, online tool",Cloud VideTool Editor Service — Use this tool online to cloud quickly and easily.,cloud-videtool-editor-service
Gaming/ARVR,Generative Pers Planner,Future,Generative Pers Planner helps users by providing cutting-edge functionality for generative pers planner.,"generative, pers, planner, ai tool, online tool",Generative Pers Planner — Use this tool online to generative quickly and easily.,generative-pers-planner
Design/Creative,VideTool Tracker Assistant,Future,VideTool Tracker Assistant helps users by providing cutting-edge functionality for videtool tracker assistant.,"videtool, tracker, assistant, ai tool, online tool",VideTool Tracker Assistant — Use this tool online to videtool quickly and easily.,videtool-tracker-assistant
Developers/Coding,Gami Composer Assistant,Present,Gami Composer Assistant helps users by providing functionality for gami composer assistant.,"gami, composer, assistant, ai tool, online tool",Gami Composer Assistant — Use this tool online to gami quickly and easily.,gami-composer-assistant
Entertainment/Culture,NextGen Busi Bot,Generative,NextGen Busi Bot helps users by providing functionality for nextgen busi bot.,"nextgen, busi, bot, ai tool, online tool",NextGen Busi Bot — Use this tool online to nextgen quickly and easily.,nextgen-busi-bot
Entertainment/Culture,Virtual Seo/Mark Lab,Present,Virtual Seo/Mark Lab helps users by providing functionality for virtual seo/mark lab.,"virtual, seo, mark, lab, ai tool, online tool",Virtual Seo/Mark Lab — Use this tool online to virtual quickly and easily.,virtual-seomark-lab
Video/Audio Tools,VideTool Generator Studio,Present,VideTool Generator Studio helps users by providing functionality for videtool generator studio.,"videtool, generator, studio, ai tool, online tool",VideTool Generator Studio — Use this tool online to videtool quickly and easily.,videtool-generator-studio
IoT/Robotics,Seo/Mark Aligner 2.0,Present,Seo/Mark Aligner 2.0 helps users by providing functionality for seo/mark aligner 2.0.,"seo, mark, aligner, 2.0, ai tool, online tool",Seo/Mark Aligner 2.0 — Use this tool online to seo/mark quickly and easily.,seomark-aligner-20
HealthTech/BioTech,Generative Busi Studio,Present,Generative Busi Studio helps users by providing functionality for generative busi studio.,"generative, busi, studio, ai tool, online tool",Generative Busi Studio — Use this tool online to generative quickly and easily.,generative-busi-studio
Generative Science,Cloud Deve Toolkit Service,Present,Cloud Deve Toolkit Service helps users by providing functionality for cloud deve toolkit service.,"cloud, deve, toolkit, service, ai tool, online tool",Cloud Deve Toolkit Service — Use this tool online to cloud quickly and easily.,cloud-deve-toolkit-service
Video/Audio Tools,Instant Heal Mixer,Generative,Instant Heal Mixer helps users by providing functionality for instant heal mixer.,"instant, heal, mixer, ai tool, online tool",Instant Heal Mixer — Use this tool online to instant quickly and easily.,instant-heal-mixer
Developers/Coding,Generative Spac Finder,Present,Generative Spac Finder helps users by providing functionality for generative spac finder.,"generative, spac, finder, ai tool, online tool",Generative Spac Finder — Use this tool online to generative quickly and easily.,generative-spac-finder
Space/Astronomy,Instant VideTool Converter,Present,Instant VideTool Converter helps users by providing functionality for instant videtool converter.,"instant, videtool, converter, ai tool, online tool",Instant VideTool Converter — Use this tool online to instant quickly and easily.,instant-videtool-converter
SEO/Digital Marketing,Smart Educ Creator,Generative,Smart Educ Creator helps users by providing functionality for smart educ creator.,"smart, educ, creator, ai tool, online tool",Smart Educ Creator — Use this tool online to smart quickly and easily.,smart-educ-creator
Video/Audio Tools,Pers Generator Studio,Present,Pers Generator Studio helps users by providing functionality for pers generator studio.,"pers, generator, studio, ai tool, online tool",Pers Generator Studio — Use this tool online to pers quickly and easily.,pers-generator-studio
Gaming/ARVR,AI Heal Assistant Pro,Future,AI Heal Assistant Pro helps users by providing cutting-edge functionality for ai heal assistant pro.,"heal, assistant, pro, ai tool, online tool",AI Heal Assistant Pro — Use this tool online to ai quickly and easily.,ai-heal-assistant-pro
Video/Audio Tools,Deve Mapper AI,Present,Deve Mapper AI helps users by providing functionality for deve mapper ai.,"deve, mapper, ai tool, online tool",Deve Mapper AI — Use this tool online to deve quickly and easily.,deve-mapper-ai
Personal/Lifestyle,ContWrit Finder Assistant,Generative,ContWrit Finder Assistant helps users by providing functionality for contwrit finder assistant.,"contwrit, finder, assistant, ai tool, online tool",ContWrit Finder Assistant — Use this tool online to contwrit quickly and easily.,contwrit-finder-assistant
Climate/Environment,Gami Planner Studio,Present,Gami Planner Studio helps users by providing functionality for gami planner studio.,"gami, planner, studio, ai tool, online tool",Gami Planner Studio — Use this tool online to gami quickly and easily.,gami-planner-studio
Climate/Environment,Tech Aligner 2.0,Future,Tech Aligner 2.0 helps users by providing cutting-edge functionality for tech aligner 2.0.,"tech, aligner, 2.0, ai tool, online tool",Tech Aligner 2.0 — Use this tool online to tech quickly and easily.,tech-aligner-20
Generative Science,NextGen Desi Enhancer,Future,NextGen Desi Enhancer helps users by providing cutting-edge functionality for nextgen desi enhancer.,"nextgen, desi, enhancer, ai tool, online tool",NextGen Desi Enhancer — Use this tool online to nextgen quickly and easily.,nextgen-desi-enhancer
Business/Finance,Heal Enhancer X,Future,Heal Enhancer X helps users by providing cutting-edge functionality for heal enhancer x.,"heal, enhancer, ai tool, online tool",Heal Enhancer X — Use this tool online to heal quickly and easily.,heal-enhancer-x
Generative Science,ContWrit Assistant AI,Present,ContWrit Assistant AI helps users by providing functionality for contwrit assistant ai.,"contwrit, assistant, ai tool, online tool",ContWrit Assistant AI — Use this tool online to contwrit quickly and easily.,contwrit-assistant-ai
Technology/Future,AI Desi Mapper Pro,Future,AI Desi Mapper Pro helps users by providing cutting-edge functionality for ai desi mapper pro.,"desi, mapper, pro, ai tool, online tool",AI Desi Mapper Pro — Use this tool online to ai quickly and easily.,ai-desi-mapper-pro
Entertainment/Culture,Cloud Clim Optimizer Service,Present,Cloud Clim Optimizer Service helps users by providing functionality for cloud clim optimizer service.,"cloud, clim, optimizer, service, ai tool, online tool",Cloud Clim Optimizer Service — Use this tool online to cloud quickly and easily.,cloud-clim-optimizer-service
Technology/Future,GeneScie Mixer X,Present,GeneScie Mixer X helps users by providing functionality for genescie mixer x.,"genescie, mixer, ai tool, online tool",GeneScie Mixer X — Use this tool online to genescie quickly and easily.,genescie-mixer-x
Climate/Environment,AI Ente Planner Pro,Present,AI Ente Planner Pro helps users by providing functionality for ai ente planner pro.,"ente, planner, pro, ai tool, online tool",AI Ente Planner Pro — Use this tool online to ai quickly and easily.,ai-ente-planner-pro
IoT/Robotics,Ente Lab Assistant,Future,Ente Lab Assistant helps users by providing cutting-edge functionality for ente lab assistant.,"ente, lab, assistant, ai tool, online tool",Ente Lab Assistant — Use this tool online to ente quickly and easily.,ente-lab-assistant
Gaming/ARVR,GeneScie Bot Analyzer,Present,GeneScie Bot Analyzer helps users by providing functionality for genescie bot analyzer.,"genescie, bot, analyzer, ai tool, online tool",GeneScie Bot Analyzer — Use this tool online to genescie quickly and easily.,genescie-bot-analyzer
Entertainment/Culture,Desi Studio Analyzer,Present,Desi Studio Analyzer helps users by providing functionality for desi studio analyzer.,"desi, studio, analyzer, ai tool, online tool",Desi Studio Analyzer — Use this tool online to desi quickly and easily.,desi-studio-analyzer
Education/Learning,Ente Toolkit 2.0,Future,Ente Toolkit 2.0 helps users by providing cutting-edge functionality for ente toolkit 2.0.,"ente, toolkit, 2.0, ai tool, online tool",Ente Toolkit 2.0 — Use this tool online to ente quickly and easily.,ente-toolkit-20
SEO/Digital Marketing,Cloud GeneScie Finder Service,Present,Cloud GeneScie Finder Service helps users by providing functionality for cloud genescie finder service.,"cloud, genescie, finder, service, ai tool, online tool",Cloud GeneScie Finder Service — Use this tool online to cloud quickly and easily.,cloud-genescie-finder-service
HealthTech/BioTech,Desi Tracker 2.0,Present,Desi Tracker 2.0 helps users by providing functionality for desi tracker 2.0.,"desi, tracker, 2.0, ai tool, online tool",Desi Tracker 2.0 — Use this tool online to desi quickly and easily.,desi-tracker-20
HealthTech/BioTech,ContWrit Tracker Assistant,Present,ContWrit Tracker Assistant helps users by providing functionality for contwrit tracker assistant.,"contwrit, tracker, assistant, ai tool, online tool",ContWrit Tracker Assistant — Use this tool online to contwrit quickly and easily.,contwrit-tracker-assistant
IoT/Robotics,Spac Synth AI,Present,Spac Synth AI helps users by providing functionality for spac synth ai.,"spac, synth, ai tool, online tool",Spac Synth AI — Use this tool online to spac quickly and easily.,spac-synth-ai
Generative Science,Educ Lab Assistant,Present,Educ Lab Assistant helps users by providing functionality for educ lab assistant.,"educ, lab, assistant, ai tool, online tool",Educ Lab Assistant — Use this tool online to educ quickly and easily.,educ-lab-assistant
IoT/Robotics,Instant Tech Aligner,Present,Instant Tech Aligner helps users by providing functionality for instant tech aligner.,"instant, tech, aligner, ai tool, online tool",Instant Tech Aligner — Use this tool online to instant quickly and easily.,instant-tech-aligner
SEO/Digital Marketing,AI Ente Manager Pro,Generative,AI Ente Manager Pro helps users by providing functionality for ai ente manager pro.,"ente, manager, pro, ai tool, online tool",AI Ente Manager Pro — Use this tool online to ai quickly and easily.,ai-ente-manager-pro
Business/Finance,Pers Mapper Assistant,Future,Pers Mapper Assistant helps users by providing cutting-edge functionality for pers mapper assistant.,"pers, mapper, assistant, ai tool, online tool",Pers Mapper Assistant — Use this tool online to pers quickly and easily.,pers-mapper-assistant
Generative Science,NextGen Seo/Mark Mixer,Present,NextGen Seo/Mark Mixer helps users by providing functionality for nextgen seo/mark mixer.,"nextgen, seo, mark, mixer, ai tool, online tool",NextGen Seo/Mark Mixer — Use this tool online to nextgen quickly and easily.,nextgen-seomark-mixer
Space/Astronomy,Generative ContWrit Finder,Present,Generative ContWrit Finder helps users by providing functionality for generative contwrit finder.,"generative, contwrit, finder, ai tool, online tool",Generative ContWrit Finder — Use this tool online to generative quickly and easily.,generative-contwrit-finder
Developers/Coding,AI Spac Builder Pro,Generative,AI Spac Builder Pro helps users by providing functionality for ai spac builder pro.,"spac, builder, pro, ai tool, online tool",AI Spac Builder Pro — Use this tool online to ai quickly and easily.,ai-spac-builder-pro
Generative Science,Pers Dashboard Assistant,Generative,Pers Dashboard Assistant helps users by providing functionality for pers dashboard assistant.,"pers, dashboard, assistant, ai tool, online tool",Pers Dashboard Assistant — Use this tool online to pers quickly and easily.,pers-dashboard-assistant
Space/Astronomy,Smart Spac Dashboard,Present,Smart Spac Dashboard helps users by providing functionality for smart spac dashboard.,"smart, spac, dashboard, ai tool, online tool",Smart Spac Dashboard — Use this tool online to smart quickly and easily.,smart-spac-dashboard
Personal/Lifestyle,Auto Gami Composer Builder,Future,Auto Gami Composer Builder helps users by providing cutting-edge functionality for auto gami composer builder.,"auto, gami, composer, builder, ai tool, online tool",Auto Gami Composer Builder — Use this tool online to auto quickly and easily.,auto-gami-composer-builder
Business/Finance,VideTool Editor AI,Present,VideTool Editor AI helps users by providing functionality for videtool editor ai.,"videtool, editor, ai tool, online tool",VideTool Editor AI — Use this tool online to videtool quickly and easily.,videtool-editor-ai
Design/Creative,Pers Bot 2.0,Present,Pers Bot 2.0 helps users by providing functionality for pers bot 2.0.,"pers, bot, 2.0, ai tool, online tool",Pers Bot 2.0 — Use this tool online to pers quickly and easily.,pers-bot-20
Generative Science,Busi Optimizer AI,Present,Busi Optimizer AI helps users by providing functionality for busi optimizer ai.,"busi, optimizer, ai tool, online tool",Busi Optimizer AI — Use this tool online to busi quickly and easily.,busi-optimizer-ai
Entertainment/Culture,Auto Gami Analyzer Builder,Present,Auto Gami Analyzer Builder helps users by providing functionality for auto gami analyzer builder.,"auto, gami, analyzer, builder, ai tool, online tool",Auto Gami Analyzer Builder — Use this tool online to auto quickly and easily.,auto-gami-analyzer-builder
SEO/Digital Marketing,NextGen Seo/Mark Studio,Present,NextGen Seo/Mark Studio helps users by providing functionality for nextgen seo/mark studio.,"nextgen, seo, mark, studio, ai tool, online tool",NextGen Seo/Mark Studio — Use this tool online to nextgen quickly and easily.,nextgen-seomark-studio
SEO/Digital Marketing,GeneScie Analyzer Analyzer,Future,GeneScie Analyzer Analyzer helps users by providing cutting-edge functionality for genescie analyzer analyzer.,"genescie, analyzer, analyzer, ai tool, online tool",GeneScie Analyzer Analyzer — Use this tool online to genescie quickly and easily.,genescie-analyzer-analyzer
Space/Astronomy,Tech Dashboard X,Generative,Tech Dashboard X helps users by providing functionality for tech dashboard x.,"tech, dashboard, ai tool, online tool",Tech Dashboard X — Use this tool online to tech quickly and easily.,tech-dashboard-x
HealthTech/BioTech,Clim Mixer 2.0,Future,Clim Mixer 2.0 helps users by providing cutting-edge functionality for clim mixer 2.0.,"clim, mixer, 2.0, ai tool, online tool",Clim Mixer 2.0 — Use this tool online to clim quickly and easily.,clim-mixer-20
Business/Finance,Desi Generator AI,Generative,Desi Generator AI helps users by providing functionality for desi generator ai.,"desi, generator, ai tool, online tool",Desi Generator AI — Use this tool online to desi quickly and easily.,desi-generator-ai
Design/Creative,Generative Clim Converter,Future,Generative Clim Converter helps users by providing cutting-edge functionality for generative clim converter.,"generative, clim, converter, ai tool, online tool",Generative Clim Converter — Use this tool online to generative quickly and easily.,generative-clim-converter
Personal/Lifestyle,Smart Ente Manager,Generative,Smart Ente Manager helps users by providing functionality for smart ente manager.,"smart, ente, manager, ai tool, online tool",Smart Ente Manager — Use this tool online to smart quickly and easily.,smart-ente-manager
Space/Astronomy,VideTool Editor Assistant,Present,VideTool Editor Assistant helps users by providing functionality for videtool editor assistant.,"videtool, editor, assistant, ai tool, online tool",VideTool Editor Assistant — Use this tool online to videtool quickly and easily.,videtool-editor-assistant
SEO/Digital Marketing,Smart Clim Synth,Present,Smart Clim Synth helps users by providing functionality for smart clim synth.,"smart, clim, synth, ai tool, online tool",Smart Clim Synth — Use this tool online to smart quickly and easily.,smart-clim-synth
Entertainment/Culture,Pers Mixer AI,Generative,Pers Mixer AI helps users by providing functionality for pers mixer ai.,"pers, mixer, ai tool, online tool",Pers Mixer AI — Use this tool online to pers quickly and easily.,pers-mixer-ai
SEO/Digital Marketing,Cloud Ente Optimizer Service,Present,Cloud Ente Optimizer Service helps users by providing functionality for cloud ente optimizer service.,"cloud, ente, optimizer, service, ai tool, online tool",Cloud Ente Optimizer Service — Use this tool online to cloud quickly and easily.,cloud-ente-optimizer-service
SEO/Digital Marketing,Tech Assistant X,Present,Tech Assistant X helps users by providing functionality for tech assistant x.,"tech, assistant, ai tool, online tool",Tech Assistant X — Use this tool online to tech quickly and easily.,tech-assistant-x
Space/Astronomy,Iot/ Simulator 2.0,Present,Iot/ Simulator 2.0 helps users by providing functionality for iot/ simulator 2.0.,"iot, simulator, 2.0, ai tool, online tool",Iot/ Simulator 2.0 — Use this tool online to iot/ quickly and easily.,iot-simulator-20
Business/Finance,Ente Planner 2.0,Generative,Ente Planner 2.0 helps users by providing functionality for ente planner 2.0.,"ente, planner, 2.0, ai tool, online tool",Ente Planner 2.0 — Use this tool online to ente quickly and easily.,ente-planner-20
Content Writing,Cloud Seo/Mark Tracker Service,Future,Cloud Seo/Mark Tracker Service helps users by providing cutting-edge functionality for cloud seo/mark tracker service.,"cloud, seo, mark, tracker, service, ai tool, online tool",Cloud Seo/Mark Tracker Service — Use this tool online to cloud quickly and easily.,cloud-seomark-tracker-service
HealthTech/BioTech,Smart Clim Creator,Present,Smart Clim Creator helps users by providing functionality for smart clim creator.,"smart, clim, creator, ai tool, online tool",Smart Clim Creator — Use this tool online to smart quickly and easily.,smart-clim-creator
Personal/Lifestyle,Tech Planner AI,Present,Tech Planner AI helps users by providing functionality for tech planner ai.,"tech, planner, ai tool, online tool",Tech Planner AI — Use this tool online to tech quickly and easily.,tech-planner-ai
SEO/Digital Marketing,Auto Clim Creator Builder,Present,Auto Clim Creator Builder helps users by providing functionality for auto clim creator builder.,"auto, clim, creator, builder, ai tool, online tool",Auto Clim Creator Builder — Use this tool online to auto quickly and easily.,auto-clim-creator-builder
Education/Learning,Gami Editor 2.0,Present,Gami Editor 2.0 helps users by providing functionality for gami editor 2.0.,"gami, editor, 2.0, ai tool, online tool",Gami Editor 2.0 — Use this tool online to gami quickly and easily.,gami-editor-20
SEO/Digital Marketing,Instant Busi Mapper,Generative,Instant Busi Mapper helps users by providing functionality for instant busi mapper.,"instant, busi, mapper, ai tool, online tool",Instant Busi Mapper — Use this tool online to instant quickly and easily.,instant-busi-mapper
Developers/Coding,Instant Desi Finder,Present,Instant Desi Finder helps users by providing functionality for instant desi finder.,"instant, desi, finder, ai tool, online tool",Instant Desi Finder — Use this tool online to instant quickly and easily.,instant-desi-finder
Climate/Environment,Gami Dashboard AI,Future,Gami Dashboard AI helps users by providing cutting-edge functionality for gami dashboard ai.,"gami, dashboard, ai tool, online tool",Gami Dashboard AI — Use this tool online to gami quickly and easily.,gami-dashboard-ai
Video/Audio Tools,AI Spac Generator Pro,Present,AI Spac Generator Pro helps users by providing functionality for ai spac generator pro.,"spac, generator, pro, ai tool, online tool",AI Spac Generator Pro — Use this tool online to ai quickly and easily.,ai-spac-generator-pro
Education/Learning,Virtual Gami Bot,Generative,Virtual Gami Bot helps users by providing functionality for virtual gami bot.,"virtual, gami, bot, ai tool, online tool",Virtual Gami Bot — Use this tool online to virtual quickly and easily.,virtual-gami-bot
Video/Audio Tools,Instant Educ Creator,Present,Instant Educ Creator helps users by providing functionality for instant educ creator.,"instant, educ, creator, ai tool, online tool",Instant Educ Creator — Use this tool online to instant quickly and easily.,instant-educ-creator
HealthTech/BioTech,Gami Planner 2.0,Generative,Gami Planner 2.0 helps users by providing functionality for gami planner 2.0.,"gami, planner, 2.0, ai tool, online tool",Gami Planner 2.0 — Use this tool online to gami quickly and easily.,gami-planner-20
Personal/Lifestyle,Busi Aligner Analyzer,Future,Busi Aligner Analyzer helps users by providing cutting-edge functionality for busi aligner analyzer.,"busi, aligner, analyzer, ai tool, online tool",Busi Aligner Analyzer — Use this tool online to busi quickly and easily.,busi-aligner-analyzer
HealthTech/BioTech,Cloud Iot/ Detector Service,Present,Cloud Iot/ Detector Service helps users by providing functionality for cloud iot/ detector service.,"cloud, iot, detector, service, ai tool, online tool",Cloud Iot/ Detector Service — Use this tool online to cloud quickly and easily.,cloud-iot-detector-service
Business/Finance,AI Iot/ Tracker Pro,Present,AI Iot/ Tracker Pro helps users by providing functionality for ai iot/ tracker pro.,"iot, tracker, pro, ai tool, online tool",AI Iot/ Tracker Pro — Use this tool online to ai quickly and easily.,ai-iot-tracker-pro
Developers/Coding,Deve Converter Assistant,Present,Deve Converter Assistant helps users by providing functionality for deve converter assistant.,"deve, converter, assistant, ai tool, online tool",Deve Converter Assistant — Use this tool online to deve quickly and easily.,deve-converter-assistant
Space/Astronomy,GeneScie Optimizer Assistant,Future,GeneScie Optimizer Assistant helps users by providing cutting-edge functionality for genescie optimizer assistant.,"genescie, optimizer, assistant, ai tool, online tool",GeneScie Optimizer Assistant — Use this tool online to genescie quickly and easily.,genescie-optimizer-assistant
Space/Astronomy,Virtual Seo/Mark Tracker,Generative,Virtual Seo/Mark Tracker helps users by providing functionality for virtual seo/mark tracker.,"virtual, seo, mark, tracker, ai tool, online tool",Virtual Seo/Mark Tracker — Use this tool online to virtual quickly and easily.,virtual-seomark-tracker
Personal/Lifestyle,Seo/Mark Generator Assistant,Present,Seo/Mark Generator Assistant helps users by providing functionality for seo/mark generator assistant.,"seo, mark, generator, assistant, ai tool, online tool",Seo/Mark Generator Assistant — Use this tool online to seo/mark quickly and easily.,seomark-generator-assistant
Personal/Lifestyle,Busi Assistant Analyzer,Present,Busi Assistant Analyzer helps users by providing functionality for busi assistant analyzer.,"busi, assistant, analyzer, ai tool, online tool",Busi Assistant Analyzer — Use this tool online to busi quickly and easily.,busi-assistant-analyzer
Gaming/ARVR,Auto VideTool Mapper Builder,Future,Auto VideTool Mapper Builder helps users by providing cutting-edge functionality for auto videtool mapper builder.,"auto, videtool, mapper, builder, ai tool, online tool",Auto VideTool Mapper Builder — Use this tool online to auto quickly and easily.,auto-videtool-mapper-builder
Business/Finance,Generative Educ Assistant,Future,Generative Educ Assistant helps users by providing cutting-edge functionality for generative educ assistant.,"generative, educ, assistant, ai tool, online tool",Generative Educ Assistant — Use this tool online to generative quickly and easily.,generative-educ-assistant
Climate/Environment,Spac Planner AI,Present,Spac Planner AI helps users by providing functionality for spac planner ai.,"spac, planner, ai tool, online tool",Spac Planner AI — Use this tool online to spac quickly and easily.,spac-planner-ai
Generative Science,Desi Optimizer Analyzer,Present,Desi Optimizer Analyzer helps users by providing functionality for desi optimizer analyzer.,"desi, optimizer, analyzer, ai tool, online tool",Desi Optimizer Analyzer — Use this tool online to desi quickly and easily.,desi-optimizer-analyzer
Video/Audio Tools,Tech Analyzer Analyzer,Present,Tech Analyzer Analyzer helps users by providing functionality for tech analyzer analyzer.,"tech, analyzer, analyzer, ai tool, online tool",Tech Analyzer Analyzer — Use this tool online to tech quickly and easily.,tech-analyzer-analyzer
Generative Science,Pers Lab 2.0,Future,Pers Lab 2.0 helps users by providing cutting-edge functionality for pers lab 2.0.,"pers, lab, 2.0, ai tool, online tool",Pers Lab 2.0 — Use this tool online to pers quickly and easily.,pers-lab-20
Space/Astronomy,Instant Deve Assistant,Present,Instant Deve Assistant helps users by providing functionality for instant deve assistant.,"instant, deve, assistant, ai tool, online tool",Instant Deve Assistant — Use this tool online to instant quickly and easily.,instant-deve-assistant
Entertainment/Culture,Busi Tracker Analyzer,Present,Busi Tracker Analyzer helps users by providing functionality for busi tracker analyzer.,"busi, tracker, analyzer, ai tool, online tool",Busi Tracker Analyzer — Use this tool online to busi quickly and easily.,busi-tracker-analyzer
Design/Creative,NextGen VideTool Builder,Present,NextGen VideTool Builder helps users by providing functionality for nextgen videtool builder.,"nextgen, videtool, builder, ai tool, online tool",NextGen VideTool Builder — Use this tool online to nextgen quickly and easily.,nextgen-videtool-builder
Space/Astronomy,Busi Creator AI,Generative,Busi Creator AI helps users by providing functionality for busi creator ai.,"busi, creator, ai tool, online tool",Busi Creator AI — Use this tool online to busi quickly and easily.,busi-creator-ai
Gaming/ARVR,AI Pers Creator Pro,Present,AI Pers Creator Pro helps users by providing functionality for ai pers creator pro.,"pers, creator, pro, ai tool, online tool",AI Pers Creator Pro — Use this tool online to ai quickly and easily.,ai-pers-creator-pro
Space/Astronomy,Generative Spac Analyzer,Generative,Generative Spac Analyzer helps users by providing functionality for generative spac analyzer.,"generative, spac, analyzer, ai tool, online tool",Generative Spac Analyzer — Use this tool online to generative quickly and easily.,generative-spac-analyzer
Generative Science,Cloud ContWrit Enhancer Service,Generative,Cloud ContWrit Enhancer Service helps users by providing functionality for cloud contwrit enhancer service.,"cloud, contwrit, enhancer, service, ai tool, online tool",Cloud ContWrit Enhancer Service — Use this tool online to cloud quickly and easily.,cloud-contwrit-enhancer-service
Design/Creative,NextGen Busi Editor,Present,NextGen Busi Editor helps users by providing functionality for nextgen busi editor.,"nextgen, busi, editor, ai tool, online tool",NextGen Busi Editor — Use this tool online to nextgen quickly and easily.,nextgen-busi-editor
Space/Astronomy,Cloud ContWrit Composer Service,Generative,Cloud ContWrit Composer Service helps users by providing functionality for cloud contwrit composer service.,"cloud, contwrit, composer, service, ai tool, online tool",Cloud ContWrit Composer Service — Use this tool online to cloud quickly and easily.,cloud-contwrit-composer-service
Space/Astronomy,Tech Studio 2.0,Generative,Tech Studio 2.0 helps users by providing functionality for tech studio 2.0.,"tech, studio, 2.0, ai tool, online tool",Tech Studio 2.0 — Use this tool online to tech quickly and easily.,tech-studio-20
Gaming/ARVR,Instant Desi Composer,Generative,Instant Desi Composer helps users by providing functionality for instant desi composer.,"instant, desi, composer, ai tool, online tool",Instant Desi Composer — Use this tool online to instant quickly and easily.,instant-desi-composer
Developers/Coding,AI VideTool Composer Pro,Generative,AI VideTool Composer Pro helps users by providing functionality for ai videtool composer pro.,"videtool, composer, pro, ai tool, online tool",AI VideTool Composer Pro — Use this tool online to ai quickly and easily.,ai-videtool-composer-pro
Generative Science,Ente Mixer Analyzer,Present,Ente Mixer Analyzer helps users by providing functionality for ente mixer analyzer.,"ente, mixer, analyzer, ai tool, online tool",Ente Mixer Analyzer — Use this tool online to ente quickly and easily.,ente-mixer-analyzer
Climate/Environment,Smart Clim Optimizer,Future,Smart Clim Optimizer helps users by providing cutting-edge functionality for smart clim optimizer.,"smart, clim, optimizer, ai tool, online tool",Smart Clim Optimizer — Use this tool online to smart quickly and easily.,smart-clim-optimizer
Gaming/ARVR,Smart Tech Dashboard,Future,Smart Tech Dashboard helps users by providing cutting-edge functionality for smart tech dashboard.,"smart, tech, dashboard, ai tool, online tool",Smart Tech Dashboard — Use this tool online to smart quickly and easily.,smart-tech-dashboard
HealthTech/BioTech,NextGen GeneScie Tracker,Generative,NextGen GeneScie Tracker helps users by providing functionality for nextgen genescie tracker.,"nextgen, genescie, tracker, ai tool, online tool",NextGen GeneScie Tracker — Use this tool online to nextgen quickly and easily.,nextgen-genescie-tracker
Entertainment/Culture,NextGen Heal Mapper,Generative,NextGen Heal Mapper helps users by providing functionality for nextgen heal mapper.,"nextgen, heal, mapper, ai tool, online tool",NextGen Heal Mapper — Use this tool online to nextgen quickly and easily.,nextgen-heal-mapper
Video/Audio Tools,Busi Composer Analyzer,Present,Busi Composer Analyzer helps users by providing functionality for busi composer analyzer.,"busi, composer, analyzer, ai tool, online tool",Busi Composer Analyzer — Use this tool online to busi quickly and easily.,busi-composer-analyzer
IoT/Robotics,Iot/ Assistant Studio,Generative,Iot/ Assistant Studio helps users by providing functionality for iot/ assistant studio.,"iot, assistant, studio, ai tool, online tool",Iot/ Assistant Studio — Use this tool online to iot/ quickly and easily.,iot-assistant-studio
Video/Audio Tools,Ente Studio AI,Generative,Ente Studio AI helps users by providing functionality for ente studio ai.,"ente, studio, ai tool, online tool",Ente Studio AI — Use this tool online to ente quickly and easily.,ente-studio-ai
Personal/Lifestyle,Busi Creator X,Generative,Busi Creator X helps users by providing functionality for busi creator x.,"busi, creator, ai tool, online tool",Busi Creator X — Use this tool online to busi quickly and easily.,busi-creator-x
Business/Finance,Spac Detector Analyzer,Generative,Spac Detector Analyzer helps users by providing functionality for spac detector analyzer.,"spac, detector, analyzer, ai tool, online tool",Spac Detector Analyzer — Use this tool online to spac quickly and easily.,spac-detector-analyzer
Gaming/ARVR,Instant GeneScie Creator,Present,Instant GeneScie Creator helps users by providing functionality for instant genescie creator.,"instant, genescie, creator, ai tool, online tool",Instant GeneScie Creator — Use this tool online to instant quickly and easily.,instant-genescie-creator
Content Writing,Generative Iot/ Simulator,Generative,Generative Iot/ Simulator helps users by providing functionality for generative iot/ simulator.,"generative, iot, simulator, ai tool, online tool",Generative Iot/ Simulator — Use this tool online to generative quickly and easily.,generative-iot-simulator
Technology/Future,Iot/ Composer Studio,Present,Iot/ Composer Studio helps users by providing functionality for iot/ composer studio.,"iot, composer, studio, ai tool, online tool",Iot/ Composer Studio — Use this tool online to iot/ quickly and easily.,iot-composer-studio
Technology/Future,Cloud Seo/Mark Mapper Service,Present,Cloud Seo/Mark Mapper Service helps users by providing functionality for cloud seo/mark mapper service.,"cloud, seo, mark, mapper, service, ai tool, online tool",Cloud Seo/Mark Mapper Service — Use this tool online to cloud quickly and easily.,cloud-seomark-mapper-service
Entertainment/Culture,Instant Ente Assistant,Future,Instant Ente Assistant helps users by providing cutting-edge functionality for instant ente assistant.,"instant, ente, assistant, ai tool, online tool",Instant Ente Assistant — Use this tool online to instant quickly and easily.,instant-ente-assistant
Content Writing,GeneScie Detector AI,Generative,GeneScie Detector AI helps users by providing functionality for genescie detector ai.,"genescie, detector, ai tool, online tool",GeneScie Detector AI — Use this tool online to genescie quickly and easily.,genescie-detector-ai
Climate/Environment,Generative Clim Creator,Future,Generative Clim Creator helps users by providing cutting-edge functionality for generative clim creator.,"generative, clim, creator, ai tool, online tool",Generative Clim Creator — Use this tool online to generative quickly and easily.,generative-clim-creator
Gaming/ARVR,Heal Simulator 2.0,Present,Heal Simulator 2.0 helps users by providing functionality for heal simulator 2.0.,"heal, simulator, 2.0, ai tool, online tool",Heal Simulator 2.0 — Use this tool online to heal quickly and easily.,heal-simulator-20
Climate/Environment,Desi Simulator Analyzer,Generative,Desi Simulator Analyzer helps users by providing functionality for desi simulator analyzer.,"desi, simulator, analyzer, ai tool, online tool",Desi Simulator Analyzer — Use this tool online to desi quickly and easily.,desi-simulator-analyzer
Education/Learning,Virtual Iot/ Finder,Generative,Virtual Iot/ Finder helps users by providing functionality for virtual iot/ finder.,"virtual, iot, finder, ai tool, online tool",Virtual Iot/ Finder — Use this tool online to virtual quickly and easily.,virtual-iot-finder
Education/Learning,Generative Desi Composer,Generative,Generative Desi Composer helps users by providing functionality for generative desi composer.,"generative, desi, composer, ai tool, online tool",Generative Desi Composer — Use this tool online to generative quickly and easily.,generative-desi-composer
HealthTech/BioTech,Auto Deve Enhancer Builder,Generative,Auto Deve Enhancer Builder helps users by providing functionality for auto deve enhancer builder.,"auto, deve, enhancer, builder, ai tool, online tool",Auto Deve Enhancer Builder — Use this tool online to auto quickly and easily.,auto-deve-enhancer-builder
Entertainment/Culture,Iot/ Manager AI,Present,Iot/ Manager AI helps users by providing functionality for iot/ manager ai.,"iot, manager, ai tool, online tool",Iot/ Manager AI — Use this tool online to iot/ quickly and easily.,iot-manager-ai
Education/Learning,Tech Synth 2.0,Present,Tech Synth 2.0 helps users by providing functionality for tech synth 2.0.,"tech, synth, 2.0, ai tool, online tool",Tech Synth 2.0 — Use this tool online to tech quickly and easily.,tech-synth-20
Gaming/ARVR,Spac Dashboard X,Future,Spac Dashboard X helps users by providing cutting-edge functionality for spac dashboard x.,"spac, dashboard, ai tool, online tool",Spac Dashboard X — Use this tool online to spac quickly and easily.,spac-dashboard-x
Developers/Coding,Virtual Tech Composer,Present,Virtual Tech Composer helps users by providing functionality for virtual tech composer.,"virtual, tech, composer, ai tool, online tool",Virtual Tech Composer — Use this tool online to virtual quickly and easily.,virtual-tech-composer
SEO/Digital Marketing,Busi Studio AI,Present,Busi Studio AI helps users by providing functionality for busi studio ai.,"busi, studio, ai tool, online tool",Busi Studio AI — Use this tool online to busi quickly and easily.,busi-studio-ai
Entertainment/Culture,Busi Analyzer AI,Present,Busi Analyzer AI helps users by providing functionality for busi analyzer ai.,"busi, analyzer, ai tool, online tool",Busi Analyzer AI — Use this tool online to busi quickly and easily.,busi-analyzer-ai
Education/Learning,Auto Clim Manager Builder,Present,Auto Clim Manager Builder helps users by providing functionality for auto clim manager builder.,"auto, clim, manager, builder, ai tool, online tool",Auto Clim Manager Builder — Use this tool online to auto quickly and easily.,auto-clim-manager-builder
Personal/Lifestyle,Gami Optimizer AI,Present,Gami Optimizer AI helps users by providing functionality for gami optimizer ai.,"gami, optimizer, ai tool, online tool",Gami Optimizer AI — Use this tool online to gami quickly and easily.,gami-optimizer-ai
Personal/Lifestyle,Iot/ Builder 2.0,Generative,Iot/ Builder 2.0 helps users by providing functionality for iot/ builder 2.0.,"iot, builder, 2.0, ai tool, online tool",Iot/ Builder 2.0 — Use this tool online to iot/ quickly and easily.,iot-builder-20
IoT/Robotics,ContWrit Converter Studio,Present,ContWrit Converter Studio helps users by providing functionality for contwrit converter studio.,"contwrit, converter, studio, ai tool, online tool",ContWrit Converter Studio — Use this tool online to contwrit quickly and easily.,contwrit-converter-studio
Developers/Coding,Heal Dashboard Studio,Present,Heal Dashboard Studio helps users by providing functionality for heal dashboard studio.,"heal, dashboard, studio, ai tool, online tool",Heal Dashboard Studio — Use this tool online to heal quickly and easily.,heal-dashboard-studio
IoT/Robotics,Smart Clim Mixer,Generative,Smart Clim Mixer helps users by providing functionality for smart clim mixer.,"smart, clim, mixer, ai tool, online tool",Smart Clim Mixer — Use this tool online to smart quickly and easily.,smart-clim-mixer
HealthTech/BioTech,Generative Gami Mixer,Present,Generative Gami Mixer helps users by providing functionality for generative gami mixer.,"generative, gami, mixer, ai tool, online tool",Generative Gami Mixer — Use this tool online to generative quickly and easily.,generative-gami-mixer
SEO/Digital Marketing,AI Gami Toolkit Pro,Generative,AI Gami Toolkit Pro helps users by providing functionality for ai gami toolkit pro.,"gami, toolkit, pro, ai tool, online tool",AI Gami Toolkit Pro — Use this tool online to ai quickly and easily.,ai-gami-toolkit-pro
Content Writing,Deve Tracker 2.0,Future,Deve Tracker 2.0 helps users by providing cutting-edge functionality for deve tracker 2.0.,"deve, tracker, 2.0, ai tool, online tool",Deve Tracker 2.0 — Use this tool online to deve quickly and easily.,deve-tracker-20
Business/Finance,Cloud Desi Enhancer Service,Future,Cloud Desi Enhancer Service helps users by providing cutting-edge functionality for cloud desi enhancer service.,"cloud, desi, enhancer, service, ai tool, online tool",Cloud Desi Enhancer Service — Use this tool online to cloud quickly and easily.,cloud-desi-enhancer-service
Gaming/ARVR,NextGen VideTool Toolkit,Generative,NextGen VideTool Toolkit helps users by providing functionality for nextgen videtool toolkit.,"nextgen, videtool, toolkit, ai tool, online tool",NextGen VideTool Toolkit — Use this tool online to nextgen quickly and easily.,nextgen-videtool-toolkit
HealthTech/BioTech,Desi Studio AI,Future,Desi Studio AI helps users by providing cutting-edge functionality for desi studio ai.,"desi, studio, ai tool, online tool",Desi Studio AI — Use this tool online to desi quickly and easily.,desi-studio-ai
Design/Creative,Auto VideTool Builder Builder,Future,Auto VideTool Builder Builder helps users by providing cutting-edge functionality for auto videtool builder builder.,"auto, videtool, builder, builder, ai tool, online tool",Auto VideTool Builder Builder — Use this tool online to auto quickly and easily.,auto-videtool-builder-builder
Generative Science,Auto Tech Manager Builder,Future,Auto Tech Manager Builder helps users by providing cutting-edge functionality for auto tech manager builder.,"auto, tech, manager, builder, ai tool, online tool",Auto Tech Manager Builder — Use this tool online to auto quickly and easily.,auto-tech-manager-builder
Entertainment/Culture,Clim Toolkit 2.0,Future,Clim Toolkit 2.0 helps users by providing cutting-edge functionality for clim toolkit 2.0.,"clim, toolkit, 2.0, ai tool, online tool",Clim Toolkit 2.0 — Use this tool online to clim quickly and easily.,clim-toolkit-20
Generative Science,NextGen Seo/Mark Bot,Present,NextGen Seo/Mark Bot helps users by providing functionality for nextgen seo/mark bot.,"nextgen, seo, mark, bot, ai tool, online tool",NextGen Seo/Mark Bot — Use this tool online to nextgen quickly and easily.,nextgen-seomark-bot
Climate/Environment,Ente Aligner Studio,Present,Ente Aligner Studio helps users by providing functionality for ente aligner studio.,"ente, aligner, studio, ai tool, online tool",Ente Aligner Studio — Use this tool online to ente quickly and easily.,ente-aligner-studio
Education/Learning,Heal Converter X,Generative,Heal Converter X helps users by providing functionality for heal converter x.,"heal, converter, ai tool, online tool",Heal Converter X — Use this tool online to heal quickly and easily.,heal-converter-x
Climate/Environment,VideTool Dashboard AI,Generative,VideTool Dashboard AI helps users by providing functionality for videtool dashboard ai.,"videtool, dashboard, ai tool, online tool",VideTool Dashboard AI — Use this tool online to videtool quickly and easily.,videtool-dashboard-ai
Technology/Future,Spac Builder X,Present,Spac Builder X helps users by providing functionality for spac builder x.,"spac, builder, ai tool, online tool",Spac Builder X — Use this tool online to spac quickly and easily.,spac-builder-x
IoT/Robotics,Cloud Gami Manager Service,Generative,Cloud Gami Manager Service helps users by providing functionality for cloud gami manager service.,"cloud, gami, manager, service, ai tool, online tool",Cloud Gami Manager Service — Use this tool online to cloud quickly and easily.,cloud-gami-manager-service
Design/Creative,Cloud ContWrit Toolkit Service,Present,Cloud ContWrit Toolkit Service helps users by providing functionality for cloud contwrit toolkit service.,"cloud, contwrit, toolkit, service, ai tool, online tool",Cloud ContWrit Toolkit Service — Use this tool online to cloud quickly and easily.,cloud-contwrit-toolkit-service
Climate/Environment,Seo/Mark Lab Analyzer,Future,Seo/Mark Lab Analyzer helps users by providing cutting-edge functionality for seo/mark lab analyzer.,"seo, mark, lab, analyzer, ai tool, online tool",Seo/Mark Lab Analyzer — Use this tool online to seo/mark quickly and easily.,seomark-lab-analyzer
Gaming/ARVR,Auto VideTool Optimizer Builder,Present,Auto VideTool Optimizer Builder helps users by providing functionality for auto videtool optimizer builder.,"auto, videtool, optimizer, builder, ai tool, online tool",Auto VideTool Optimizer Builder — Use this tool online to auto quickly and easily.,auto-videtool-optimizer-builder
Climate/Environment,Auto GeneScie Mixer Builder,Present,Auto GeneScie Mixer Builder helps users by providing functionality for auto genescie mixer builder.,"auto, genescie, mixer, builder, ai tool, online tool",Auto GeneScie Mixer Builder — Use this tool online to auto quickly and easily.,auto-genescie-mixer-builder
Video/Audio Tools,Instant GeneScie Assistant,Present,Instant GeneScie Assistant helps users by providing functionality for instant genescie assistant.,"instant, genescie, assistant, ai tool, online tool",Instant GeneScie Assistant — Use this tool online to instant quickly and easily.,instant-genescie-assistant
Personal/Lifestyle,Pers Generator AI,Present,Pers Generator AI helps users by providing functionality for pers generator ai.,"pers, generator, ai tool, online tool",Pers Generator AI — Use this tool online to pers quickly and easily.,pers-generator-ai
HealthTech/BioTech,Seo/Mark Finder Analyzer,Present,Seo/Mark Finder Analyzer helps users by providing functionality for seo/mark finder analyzer.,"seo, mark, finder, analyzer, ai tool, online tool",Seo/Mark Finder Analyzer — Use this tool online to seo/mark quickly and easily.,seomark-finder-analyzer
HealthTech/BioTech,Iot/ Editor 2.0,Generative,Iot/ Editor 2.0 helps users by providing functionality for iot/ editor 2.0.,"iot, editor, 2.0, ai tool, online tool",Iot/ Editor 2.0 — Use this tool online to iot/ quickly and easily.,iot-editor-20
Space/Astronomy,Auto Gami Manager Builder,Generative,Auto Gami Manager Builder helps users by providing functionality for auto gami manager builder.,"auto, gami, manager, builder, ai tool, online tool",Auto Gami Manager Builder — Use this tool online to auto quickly and easily.,auto-gami-manager-builder
Entertainment/Culture,Smart Deve Finder,Present,Smart Deve Finder helps users by providing functionality for smart deve finder.,"smart, deve, finder, ai tool, online tool",Smart Deve Finder — Use this tool online to smart quickly and easily.,smart-deve-finder
Space/Astronomy,Instant GeneScie Toolkit,Present,Instant GeneScie Toolkit helps users by providing functionality for instant genescie toolkit.,"instant, genescie, toolkit, ai tool, online tool",Instant GeneScie Toolkit — Use this tool online to instant quickly and easily.,instant-genescie-toolkit
Technology/Future,Clim Mixer Analyzer,Generative,Clim Mixer Analyzer helps users by providing functionality for clim mixer analyzer.,"clim, mixer, analyzer, ai tool, online tool",Clim Mixer Analyzer — Use this tool online to clim quickly and easily.,clim-mixer-analyzer
SEO/Digital Marketing,Virtual Iot/ Simulator,Generative,Virtual Iot/ Simulator helps users by providing functionality for virtual iot/ simulator.,"virtual, iot, simulator, ai tool, online tool",Virtual Iot/ Simulator — Use this tool online to virtual quickly and easily.,virtual-iot-simulator
Space/Astronomy,Clim Simulator AI,Present,Clim Simulator AI helps users by providing functionality for clim simulator ai.,"clim, simulator, ai tool, online tool",Clim Simulator AI — Use this tool online to clim quickly and easily.,clim-simulator-ai
Technology/Future,NextGen ContWrit Creator,Generative,NextGen ContWrit Creator helps users by providing functionality for nextgen contwrit creator.,"nextgen, contwrit, creator, ai tool, online tool",NextGen ContWrit Creator — Use this tool online to nextgen quickly and easily.,nextgen-contwrit-creator
Climate/Environment,Smart Seo/Mark Aligner,Future,Smart Seo/Mark Aligner helps users by providing cutting-edge functionality for smart seo/mark aligner.,"smart, seo, mark, aligner, ai tool, online tool",Smart Seo/Mark Aligner — Use this tool online to smart quickly and easily.,smart-seomark-aligner
Technology/Future,Educ Toolkit Studio,Generative,Educ Toolkit Studio helps users by providing functionality for educ toolkit studio.,"educ, toolkit, studio, ai tool, online tool",Educ Toolkit Studio — Use this tool online to educ quickly and easily.,educ-toolkit-studio
Content Writing,Clim Analyzer Analyzer,Present,Clim Analyzer Analyzer helps users by providing functionality for clim analyzer analyzer.,"clim, analyzer, analyzer, ai tool, online tool",Clim Analyzer Analyzer — Use this tool online to clim quickly and easily.,clim-analyzer-analyzer
Generative Science,Cloud Clim Generator Service,Generative,Cloud Clim Generator Service helps users by providing functionality for cloud clim generator service.,"cloud, clim, generator, service, ai tool, online tool",Cloud Clim Generator Service — Use this tool online to cloud quickly and easily.,cloud-clim-generator-service
HealthTech/BioTech,Spac Converter Analyzer,Generative,Spac Converter Analyzer helps users by providing functionality for spac converter analyzer.,"spac, converter, analyzer, ai tool, online tool",Spac Converter Analyzer — Use this tool online to spac quickly and easily.,spac-converter-analyzer
Video/Audio Tools,Auto Pers Composer Builder,Generative,Auto Pers Composer Builder helps users by providing functionality for auto pers composer builder.,"auto, pers, composer, builder, ai tool, online tool",Auto Pers Composer Builder — Use this tool online to auto quickly and easily.,auto-pers-composer-builder
Content Writing,Spac Simulator Studio,Present,Spac Simulator Studio helps users by providing functionality for spac simulator studio.,"spac, simulator, studio, ai tool, online tool",Spac Simulator Studio — Use this tool online to spac quickly and easily.,spac-simulator-studio
Content Writing,ContWrit Planner Analyzer,Present,ContWrit Planner Analyzer helps users by providing functionality for contwrit planner analyzer.,"contwrit, planner, analyzer, ai tool, online tool",ContWrit Planner Analyzer — Use this tool online to contwrit quickly and easily.,contwrit-planner-analyzer
Developers/Coding,Virtual Desi Tracker,Generative,Virtual Desi Tracker helps users by providing functionality for virtual desi tracker.,"virtual, desi, tracker, ai tool, online tool",Virtual Desi Tracker — Use this tool online to virtual quickly and easily.,virtual-desi-tracker
IoT/Robotics,GeneScie Planner X,Present,GeneScie Planner X helps users by providing functionality for genescie planner x.,"genescie, planner, ai tool, online tool",GeneScie Planner X — Use this tool online to genescie quickly and easily.,genescie-planner-x
Gaming/ARVR,Pers Editor Analyzer,Present,Pers Editor Analyzer helps users by providing functionality for pers editor analyzer.,"pers, editor, analyzer, ai tool, online tool",Pers Editor Analyzer — Use this tool online to pers quickly and easily.,pers-editor-analyzer
Developers/Coding,Iot/ Enhancer X,Generative,Iot/ Enhancer X helps users by providing functionality for iot/ enhancer x.,"iot, enhancer, ai tool, online tool",Iot/ Enhancer X — Use this tool online to iot/ quickly and easily.,iot-enhancer-x
Business/Finance,Tech Synth Studio,Future,Tech Synth Studio helps users by providing cutting-edge functionality for tech synth studio.,"tech, synth, studio, ai tool, online tool",Tech Synth Studio — Use this tool online to tech quickly and easily.,tech-synth-studio
Personal/Lifestyle,Seo/Mark Editor AI,Future,Seo/Mark Editor AI helps users by providing cutting-edge functionality for seo/mark editor ai.,"seo, mark, editor, ai tool, online tool",Seo/Mark Editor AI — Use this tool online to seo/mark quickly and easily.,seomark-editor-ai
HealthTech/BioTech,AI GeneScie Composer Pro,Present,AI GeneScie Composer Pro helps users by providing functionality for ai genescie composer pro.,"genescie, composer, pro, ai tool, online tool",AI GeneScie Composer Pro — Use this tool online to ai quickly and easily.,ai-genescie-composer-pro
IoT/Robotics,GeneScie Builder 2.0,Generative,GeneScie Builder 2.0 helps users by providing functionality for genescie builder 2.0.,"genescie, builder, 2.0, ai tool, online tool",GeneScie Builder 2.0 — Use this tool online to genescie quickly and easily.,genescie-builder-20
Generative Science,Generative Deve Editor,Present,Generative Deve Editor helps users by providing functionality for generative deve editor.,"generative, deve, editor, ai tool, online tool",Generative Deve Editor — Use this tool online to generative quickly and easily.,generative-deve-editor
Design/Creative,Virtual GeneScie Dashboard,Present,Virtual GeneScie Dashboard helps users by providing functionality for virtual genescie dashboard.,"virtual, genescie, dashboard, ai tool, online tool",Virtual GeneScie Dashboard — Use this tool online to virtual quickly and easily.,virtual-genescie-dashboard
Video/Audio Tools,Cloud Iot/ Converter Service,Present,Cloud Iot/ Converter Service helps users by providing functionality for cloud iot/ converter service.,"cloud, iot, converter, service, ai tool, online tool",Cloud Iot/ Converter Service — Use this tool online to cloud quickly and easily.,cloud-iot-converter-service
Content Writing,ContWrit Finder Studio,Present,ContWrit Finder Studio helps users by providing functionality for contwrit finder studio.,"contwrit, finder, studio, ai tool, online tool",ContWrit Finder Studio — Use this tool online to contwrit quickly and easily.,contwrit-finder-studio
Content Writing,Iot/ Assistant AI,Present,Iot/ Assistant AI helps users by providing functionality for iot/ assistant ai.,"iot, assistant, ai tool, online tool",Iot/ Assistant AI — Use this tool online to iot/ quickly and easily.,iot-assistant-ai
Technology/Future,Generative Educ Bot,Generative,Generative Educ Bot helps users by providing functionality for generative educ bot.,"generative, educ, bot, ai tool, online tool",Generative Educ Bot — Use this tool online to generative quickly and easily.,generative-educ-bot
Developers/Coding,AI Ente Dashboard Pro,Generative,AI Ente Dashboard Pro helps users by providing functionality for ai ente dashboard pro.,"ente, dashboard, pro, ai tool, online tool",AI Ente Dashboard Pro — Use this tool online to ai quickly and easily.,ai-ente-dashboard-pro
Climate/Environment,Generative Busi Toolkit,Generative,Generative Busi Toolkit helps users by providing functionality for generative busi toolkit.,"generative, busi, toolkit, ai tool, online tool",Generative Busi Toolkit — Use this tool online to generative quickly and easily.,generative-busi-toolkit
HealthTech/BioTech,Generative Tech Finder,Future,Generative Tech Finder helps users by providing cutting-edge functionality for generative tech finder.,"generative, tech, finder, ai tool, online tool",Generative Tech Finder — Use this tool online to generative quickly and easily.,generative-tech-finder
Personal/Lifestyle,Iot/ Converter 2.0,Present,Iot/ Converter 2.0 helps users by providing functionality for iot/ converter 2.0.,"iot, converter, 2.0, ai tool, online tool",Iot/ Converter 2.0 — Use this tool online to iot/ quickly and easily.,iot-converter-20
Business/Finance,AI Busi Simulator Pro,Generative,AI Busi Simulator Pro helps users by providing functionality for ai busi simulator pro.,"busi, simulator, pro, ai tool, online tool",AI Busi Simulator Pro — Use this tool online to ai quickly and easily.,ai-busi-simulator-pro
Space/Astronomy,AI Heal Lab Pro,Future,AI Heal Lab Pro helps users by providing cutting-edge functionality for ai heal lab pro.,"heal, lab, pro, ai tool, online tool",AI Heal Lab Pro — Use this tool online to ai quickly and easily.,ai-heal-lab-pro
Climate/Environment,Cloud Iot/ Creator Service,Generative,Cloud Iot/ Creator Service helps users by providing functionality for cloud iot/ creator service.,"cloud, iot, creator, service, ai tool, online tool",Cloud Iot/ Creator Service — Use this tool online to cloud quickly and easily.,cloud-iot-creator-service
HealthTech/BioTech,Smart Educ Analyzer,Present,Smart Educ Analyzer helps users by providing functionality for smart educ analyzer.,"smart, educ, analyzer, ai tool, online tool",Smart Educ Analyzer — Use this tool online to smart quickly and easily.,smart-educ-analyzer
Entertainment/Culture,GeneScie Synth 2.0,Present,GeneScie Synth 2.0 helps users by providing functionality for genescie synth 2.0.,"genescie, synth, 2.0, ai tool, online tool",GeneScie Synth 2.0 — Use this tool online to genescie quickly and easily.,genescie-synth-20
Generative Science,Smart Iot/ Aligner,Future,Smart Iot/ Aligner helps users by providing cutting-edge functionality for smart iot/ aligner.,"smart, iot, aligner, ai tool, online tool",Smart Iot/ Aligner — Use this tool online to smart quickly and easily.,smart-iot-aligner
IoT/Robotics,Cloud Spac Analyzer Service,Generative,Cloud Spac Analyzer Service helps users by providing functionality for cloud spac analyzer service.,"cloud, spac, analyzer, service, ai tool, online tool",Cloud Spac Analyzer Service — Use this tool online to cloud quickly and easily.,cloud-spac-analyzer-service
Personal/Lifestyle,Cloud Seo/Mark Bot Service,Present,Cloud Seo/Mark Bot Service helps users by providing functionality for cloud seo/mark bot service.,"cloud, seo, mark, bot, service, ai tool, online tool",Cloud Seo/Mark Bot Service — Use this tool online to cloud quickly and easily.,cloud-seomark-bot-service
SEO/Digital Marketing,Tech Editor X,Future,Tech Editor X helps users by providing cutting-edge functionality for tech editor x.,"tech, editor, ai tool, online tool",Tech Editor X — Use this tool online to tech quickly and easily.,tech-editor-x
Technology/Future,Pers Dashboard Studio,Present,Pers Dashboard Studio helps users by providing functionality for pers dashboard studio.,"pers, dashboard, studio, ai tool, online tool",Pers Dashboard Studio — Use this tool online to pers quickly and easily.,pers-dashboard-studio
Content Writing,Pers Enhancer X,Future,Pers Enhancer X helps users by providing cutting-edge functionality for pers enhancer x.,"pers, enhancer, ai tool, online tool",Pers Enhancer X — Use this tool online to pers quickly and easily.,pers-enhancer-x
Technology/Future,Virtual Desi Toolkit,Present,Virtual Desi Toolkit helps users by providing functionality for virtual desi toolkit.,"virtual, desi, toolkit, ai tool, online tool",Virtual Desi Toolkit — Use this tool online to virtual quickly and easily.,virtual-desi-toolkit
Video/Audio Tools,Auto Tech Tracker Builder,Present,Auto Tech Tracker Builder helps users by providing functionality for auto tech tracker builder.,"auto, tech, tracker, builder, ai tool, online tool",Auto Tech Tracker Builder — Use this tool online to auto quickly and easily.,auto-tech-tracker-builder
Design/Creative,Desi Lab AI,Generative,Desi Lab AI helps users by providing functionality for desi lab ai.,"desi, lab, ai tool, online tool",Desi Lab AI — Use this tool online to desi quickly and easily.,desi-lab-ai
Personal/Lifestyle,GeneScie Synth Analyzer,Generative,GeneScie Synth Analyzer helps users by providing functionality for genescie synth analyzer.,"genescie, synth, analyzer, ai tool, online tool",GeneScie Synth Analyzer — Use this tool online to genescie quickly and easily.,genescie-synth-analyzer
Gaming/ARVR,Generative Iot/ Synth,Future,Generative Iot/ Synth helps users by providing cutting-edge functionality for generative iot/ synth.,"generative, iot, synth, ai tool, online tool",Generative Iot/ Synth — Use this tool online to generative quickly and easily.,generative-iot-synth
HealthTech/BioTech,Clim Synth Assistant,Present,Clim Synth Assistant helps users by providing functionality for clim synth assistant.,"clim, synth, assistant, ai tool, online tool",Clim Synth Assistant — Use this tool online to clim quickly and easily.,clim-synth-assistant
Space/Astronomy,Clim Editor X,Present,Clim Editor X helps users by providing functionality for clim editor x.,"clim, editor, ai tool, online tool",Clim Editor X — Use this tool online to clim quickly and easily.,clim-editor-x
Entertainment/Culture,Pers Generator 2.0,Present,Pers Generator 2.0 helps users by providing functionality for pers generator 2.0.,"pers, generator, 2.0, ai tool, online tool",Pers Generator 2.0 — Use this tool online to pers quickly and easily.,pers-generator-20
Climate/Environment,Virtual Heal Assistant,Future,Virtual Heal Assistant helps users by providing cutting-edge functionality for virtual heal assistant.,"virtual, heal, assistant, ai tool, online tool",Virtual Heal Assistant — Use this tool online to virtual quickly and easily.,virtual-heal-assistant
Personal/Lifestyle,AI Educ Optimizer Pro,Generative,AI Educ Optimizer Pro helps users by providing functionality for ai educ optimizer pro.,"educ, optimizer, pro, ai tool, online tool",AI Educ Optimizer Pro — Use this tool online to ai quickly and easily.,ai-educ-optimizer-pro
IoT/Robotics,Auto VideTool Finder Builder,Present,Auto VideTool Finder Builder helps users by providing functionality for auto videtool finder builder.,"auto, videtool, finder, builder, ai tool, online tool",Auto VideTool Finder Builder — Use this tool online to auto quickly and easily.,auto-videtool-finder-builder
Personal/Lifestyle,Desi Synth Assistant,Present,Desi Synth Assistant helps users by providing functionality for desi synth assistant.,"desi, synth, assistant, ai tool, online tool",Desi Synth Assistant — Use this tool online to desi quickly and easily.,desi-synth-assistant
Climate/Environment,Deve Mixer Analyzer,Present,Deve Mixer Analyzer helps users by providing functionality for deve mixer analyzer.,"deve, mixer, analyzer, ai tool, online tool",Deve Mixer Analyzer — Use this tool online to deve quickly and easily.,deve-mixer-analyzer
Entertainment/Culture,Heal Bot AI,Present,Heal Bot AI helps users by providing functionality for heal bot ai.,"heal, bot, ai tool, online tool",Heal Bot AI — Use this tool online to heal quickly and easily.,heal-bot-ai
Space/Astronomy,Virtual GeneScie Enhancer,Present,Virtual GeneScie Enhancer helps users by providing functionality for virtual genescie enhancer.,"virtual, genescie, enhancer, ai tool, online tool",Virtual GeneScie Enhancer — Use this tool online to virtual quickly and easily.,virtual-genescie-enhancer
Content Writing,Smart Heal Bot,Generative,Smart Heal Bot helps users by providing functionality for smart heal bot.,"smart, heal, bot, ai tool, online tool",Smart Heal Bot — Use this tool online to smart quickly and easily.,smart-heal-bot
Content Writing,NextGen ContWrit Detector,Generative,NextGen ContWrit Detector helps users by providing functionality for nextgen contwrit detector.,"nextgen, contwrit, detector, ai tool, online tool",NextGen ContWrit Detector — Use this tool online to nextgen quickly and easily.,nextgen-contwrit-detector
Personal/Lifestyle,Smart Educ Optimizer,Present,Smart Educ Optimizer helps users by providing functionality for smart educ optimizer.,"smart, educ, optimizer, ai tool, online tool",Smart Educ Optimizer — Use this tool online to smart quickly and easily.,smart-educ-optimizer
Generative Science,Deve Dashboard 2.0,Present,Deve Dashboard 2.0 helps users by providing functionality for deve dashboard 2.0.,"deve, dashboard, 2.0, ai tool, online tool",Deve Dashboard 2.0 — Use this tool online to deve quickly and easily.,deve-dashboard-20
Entertainment/Culture,Gami Builder X,Generative,Gami Builder X helps users by providing functionality for gami builder x.,"gami, builder, ai tool, online tool",Gami Builder X — Use this tool online to gami quickly and easily.,gami-builder-x
IoT/Robotics,AI VideTool Finder Pro,Present,AI VideTool Finder Pro helps users by providing functionality for ai videtool finder pro.,"videtool, finder, pro, ai tool, online tool",AI VideTool Finder Pro — Use this tool online to ai quickly and easily.,ai-videtool-finder-pro
Education/Learning,Clim Enhancer AI,Generative,Clim Enhancer AI helps users by providing functionality for clim enhancer ai.,"clim, enhancer, ai tool, online tool",Clim Enhancer AI — Use this tool online to clim quickly and easily.,clim-enhancer-ai
IoT/Robotics,AI Busi Bot Pro,Future,AI Busi Bot Pro helps users by providing cutting-edge functionality for ai busi bot pro.,"busi, bot, pro, ai tool, online tool",AI Busi Bot Pro — Use this tool online to ai quickly and easily.,ai-busi-bot-pro
Design/Creative,Desi Editor Studio,Generative,Desi Editor Studio helps users by providing functionality for desi editor studio.,"desi, editor, studio, ai tool, online tool",Desi Editor Studio — Use this tool online to desi quickly and easily.,desi-editor-studio
Education/Learning,Generative Deve Lab,Future,Generative Deve Lab helps users by providing cutting-edge functionality for generative deve lab.,"generative, deve, lab, ai tool, online tool",Generative Deve Lab — Use this tool online to generative quickly and easily.,generative-deve-lab
Gaming/ARVR,Virtual Busi Assistant,Present,Virtual Busi Assistant helps users by providing functionality for virtual busi assistant.,"virtual, busi, assistant, ai tool, online tool",Virtual Busi Assistant — Use this tool online to virtual quickly and easily.,virtual-busi-assistant
Personal/Lifestyle,Pers Mapper Analyzer,Future,Pers Mapper Analyzer helps users by providing cutting-edge functionality for pers mapper analyzer.,"pers, mapper, analyzer, ai tool, online tool",Pers Mapper Analyzer — Use this tool online to pers quickly and easily.,pers-mapper-analyzer
SEO/Digital Marketing,NextGen Iot/ Detector,Generative,NextGen Iot/ Detector helps users by providing functionality for nextgen iot/ detector.,"nextgen, iot, detector, ai tool, online tool",NextGen Iot/ Detector — Use this tool online to nextgen quickly and easily.,nextgen-iot-detector
Content Writing,Virtual Gami Composer,Present,Virtual Gami Composer helps users by providing functionality for virtual gami composer.,"virtual, gami, composer, ai tool, online tool",Virtual Gami Composer — Use this tool online to virtual quickly and easily.,virtual-gami-composer
Entertainment/Culture,Cloud Pers Detector Service,Present,Cloud Pers Detector Service helps users by providing functionality for cloud pers detector service.,"cloud, pers, detector, service, ai tool, online tool",Cloud Pers Detector Service — Use this tool online to cloud quickly and easily.,cloud-pers-detector-service
Business/Finance,VideTool Builder AI,Present,VideTool Builder AI helps users by providing functionality for videtool builder ai.,"videtool, builder, ai tool, online tool",VideTool Builder AI — Use this tool online to videtool quickly and easily.,videtool-builder-ai
Climate/Environment,Educ Tracker X,Generative,Educ Tracker X helps users by providing functionality for educ tracker x.,"educ, tracker, ai tool, online tool",Educ Tracker X — Use this tool online to educ quickly and easily.,educ-tracker-x
Content Writing,ContWrit Synth 2.0,Present,ContWrit Synth 2.0 helps users by providing functionality for contwrit synth 2.0.,"contwrit, synth, 2.0, ai tool, online tool",ContWrit Synth 2.0 — Use this tool online to contwrit quickly and easily.,contwrit-synth-20
Entertainment/Culture,Instant Iot/ Bot,Present,Instant Iot/ Bot helps users by providing functionality for instant iot/ bot.,"instant, iot, bot, ai tool, online tool",Instant Iot/ Bot — Use this tool online to instant quickly and easily.,instant-iot-bot
Education/Learning,ContWrit Detector X,Future,ContWrit Detector X helps users by providing cutting-edge functionality for contwrit detector x.,"contwrit, detector, ai tool, online tool",ContWrit Detector X — Use this tool online to contwrit quickly and easily.,contwrit-detector-x
Content Writing,Spac Generator X,Present,Spac Generator X helps users by providing functionality for spac generator x.,"spac, generator, ai tool, online tool",Spac Generator X — Use this tool online to spac quickly and easily.,spac-generator-x
Technology/Future,AI Tech Creator Pro,Generative,AI Tech Creator Pro helps users by providing functionality for ai tech creator pro.,"tech, creator, pro, ai tool, online tool",AI Tech Creator Pro — Use this tool online to ai quickly and easily.,ai-tech-creator-pro
Gaming/ARVR,NextGen GeneScie Converter,Future,NextGen GeneScie Converter helps users by providing cutting-edge functionality for nextgen genescie converter.,"nextgen, genescie, converter, ai tool, online tool",NextGen GeneScie Converter — Use this tool online to nextgen quickly and easily.,nextgen-genescie-converter
Personal/Lifestyle,Smart Busi Composer,Generative,Smart Busi Composer helps users by providing functionality for smart busi composer.,"smart, busi, composer, ai tool, online tool",Smart Busi Composer — Use this tool online to smart quickly and easily.,smart-busi-composer
Climate/Environment,Pers Studio X,Present,Pers Studio X helps users by providing functionality for pers studio x.,"pers, studio, ai tool, online tool",Pers Studio X — Use this tool online to pers quickly and easily.,pers-studio-x
SEO/Digital Marketing,Smart GeneScie Tracker,Generative,Smart GeneScie Tracker helps users by providing functionality for smart genescie tracker.,"smart, genescie, tracker, ai tool, online tool",Smart GeneScie Tracker — Use this tool online to smart quickly and easily.,smart-genescie-tracker
Design/Creative,AI Tech Mixer Pro,Present,AI Tech Mixer Pro helps users by providing functionality for ai tech mixer pro.,"tech, mixer, pro, ai tool, online tool",AI Tech Mixer Pro — Use this tool online to ai quickly and easily.,ai-tech-mixer-pro
Gaming/ARVR,ContWrit Detector Assistant,Future,ContWrit Detector Assistant helps users by providing cutting-edge functionality for contwrit detector assistant.,"contwrit, detector, assistant, ai tool, online tool",ContWrit Detector Assistant — Use this tool online to contwrit quickly and easily.,contwrit-detector-assistant
Education/Learning,AI Tech Enhancer Pro,Generative,AI Tech Enhancer Pro helps users by providing functionality for ai tech enhancer pro.,"tech, enhancer, pro, ai tool, online tool",AI Tech Enhancer Pro — Use this tool online to ai quickly and easily.,ai-tech-enhancer-pro
Personal/Lifestyle,Educ Synth Analyzer,Present,Educ Synth Analyzer helps users by providing functionality for educ synth analyzer.,"educ, synth, analyzer, ai tool, online tool",Educ Synth Analyzer — Use this tool online to educ quickly and easily.,educ-synth-analyzer
Business/Finance,Cloud Pers Simulator Service,Generative,Cloud Pers Simulator Service helps users by providing functionality for cloud pers simulator service.,"cloud, pers, simulator, service, ai tool, online tool",Cloud Pers Simulator Service — Use this tool online to cloud quickly and easily.,cloud-pers-simulator-service
HealthTech/BioTech,Virtual ContWrit Studio,Generative,Virtual ContWrit Studio helps users by providing functionality for virtual contwrit studio.,"virtual, contwrit, studio, ai tool, online tool",Virtual ContWrit Studio — Use this tool online to virtual quickly and easily.,virtual-contwrit-studio
SEO/Digital Marketing,GeneScie Analyzer Studio,Present,GeneScie Analyzer Studio helps users by providing functionality for genescie analyzer studio.,"genescie, analyzer, studio, ai tool, online tool",GeneScie Analyzer Studio — Use this tool online to genescie quickly and easily.,genescie-analyzer-studio
Developers/Coding,Pers Detector AI,Generative,Pers Detector AI helps users by providing functionality for pers detector ai.,"pers, detector, ai tool, online tool",Pers Detector AI — Use this tool online to pers quickly and easily.,pers-detector-ai
Design/Creative,Tech Assistant Assistant,Present,Tech Assistant Assistant helps users by providing functionality for tech assistant assistant.,"tech, assistant, assistant, ai tool, online tool",Tech Assistant Assistant — Use this tool online to tech quickly and easily.,tech-assistant-assistant
Education/Learning,Virtual Pers Generator,Present,Virtual Pers Generator helps users by providing functionality for virtual pers generator.,"virtual, pers, generator, ai tool, online tool",Virtual Pers Generator — Use this tool online to virtual quickly and easily.,virtual-pers-generator
IoT/Robotics,Smart ContWrit Toolkit,Present,Smart ContWrit Toolkit helps users by providing functionality for smart contwrit toolkit.,"smart, contwrit, toolkit, ai tool, online tool",Smart ContWrit Toolkit — Use this tool online to smart quickly and easily.,smart-contwrit-toolkit
IoT/Robotics,Clim Aligner 2.0,Present,Clim Aligner 2.0 helps users by providing functionality for clim aligner 2.0.,"clim, aligner, 2.0, ai tool, online tool",Clim Aligner 2.0 — Use this tool online to clim quickly and easily.,clim-aligner-20
SEO/Digital Marketing,ContWrit Lab Assistant,Generative,ContWrit Lab Assistant helps users by providing functionality for contwrit lab assistant.,"contwrit, lab, assistant, ai tool, online tool",ContWrit Lab Assistant — Use this tool online to contwrit quickly and easily.,contwrit-lab-assistant
Gaming/ARVR,Ente Enhancer Assistant,Present,Ente Enhancer Assistant helps users by providing functionality for ente enhancer assistant.,"ente, enhancer, assistant, ai tool, online tool",Ente Enhancer Assistant — Use this tool online to ente quickly and easily.,ente-enhancer-assistant
SEO/Digital Marketing,Cloud Educ Optimizer Service,Generative,Cloud Educ Optimizer Service helps users by providing functionality for cloud educ optimizer service.,"cloud, educ, optimizer, service, ai tool, online tool",Cloud Educ Optimizer Service — Use this tool online to cloud quickly and easily.,cloud-educ-optimizer-service
Business/Finance,Generative Spac Converter,Generative,Generative Spac Converter helps users by providing functionality for generative spac converter.,"generative, spac, converter, ai tool, online tool",Generative Spac Converter — Use this tool online to generative quickly and easily.,generative-spac-converter
Education/Learning,Smart Desi Finder,Present,Smart Desi Finder helps users by providing functionality for smart desi finder.,"smart, desi, finder, ai tool, online tool",Smart Desi Finder — Use this tool online to smart quickly and easily.,smart-desi-finder
SEO/Digital Marketing,Smart Heal Toolkit,Present,Smart Heal Toolkit helps users by providing functionality for smart heal toolkit.,"smart, heal, toolkit, ai tool, online tool",Smart Heal Toolkit — Use this tool online to smart quickly and easily.,smart-heal-toolkit
HealthTech/BioTech,Cloud Busi Enhancer Service,Present,Cloud Busi Enhancer Service helps users by providing functionality for cloud busi enhancer service.,"cloud, busi, enhancer, service, ai tool, online tool",Cloud Busi Enhancer Service — Use this tool online to cloud quickly and easily.,cloud-busi-enhancer-service
Education/Learning,ContWrit Editor Assistant,Future,ContWrit Editor Assistant helps users by providing cutting-edge functionality for contwrit editor assistant.,"contwrit, editor, assistant, ai tool, online tool",ContWrit Editor Assistant — Use this tool online to contwrit quickly and easily.,contwrit-editor-assistant
Entertainment/Culture,GeneScie Creator X,Generative,GeneScie Creator X helps users by providing functionality for genescie creator x.,"genescie, creator, ai tool, online tool",GeneScie Creator X — Use this tool online to genescie quickly and easily.,genescie-creator-x
Design/Creative,Desi Synth Analyzer,Present,Desi Synth Analyzer helps users by providing functionality for desi synth analyzer.,"desi, synth, analyzer, ai tool, online tool",Desi Synth Analyzer — Use this tool online to desi quickly and easily.,desi-synth-analyzer
Climate/Environment,Cloud VideTool Optimizer Service,Future,Cloud VideTool Optimizer Service helps users by providing cutting-edge functionality for cloud videtool optimizer service.,"cloud, videtool, optimizer, service, ai tool, online tool",Cloud VideTool Optimizer Service — Use this tool online to cloud quickly and easily.,cloud-videtool-optimizer-service
Climate/Environment,Virtual Pers Detector,Present,Virtual Pers Detector helps users by providing functionality for virtual pers detector.,"virtual, pers, detector, ai tool, online tool",Virtual Pers Detector — Use this tool online to virtual quickly and easily.,virtual-pers-detector
Developers/Coding,NextGen Educ Detector,Present,NextGen Educ Detector helps users by providing functionality for nextgen educ detector.,"nextgen, educ, detector, ai tool, online tool",NextGen Educ Detector — Use this tool online to nextgen quickly and easily.,nextgen-educ-detector
Climate/Environment,Desi Aligner Analyzer,Present,Desi Aligner Analyzer helps users by providing functionality for desi aligner analyzer.,"desi, aligner, analyzer, ai tool, online tool",Desi Aligner Analyzer — Use this tool online to desi quickly and easily.,desi-aligner-analyzer
HealthTech/BioTech,Pers Mixer Assistant,Generative,Pers Mixer Assistant helps users by providing functionality for pers mixer assistant.,"pers, mixer, assistant, ai tool, online tool",Pers Mixer Assistant — Use this tool online to pers quickly and easily.,pers-mixer-assistant
Personal/Lifestyle,Gami Detector Analyzer,Present,Gami Detector Analyzer helps users by providing functionality for gami detector analyzer.,"gami, detector, analyzer, ai tool, online tool",Gami Detector Analyzer — Use this tool online to gami quickly and easily.,gami-detector-analyzer
Space/Astronomy,Cloud Ente Detector Service,Present,Cloud Ente Detector Service helps users by providing functionality for cloud ente detector service.,"cloud, ente, detector, service, ai tool, online tool",Cloud Ente Detector Service — Use this tool online to cloud quickly and easily.,cloud-ente-detector-service
Business/Finance,Spac Studio 2.0,Generative,Spac Studio 2.0 helps users by providing functionality for spac studio 2.0.,"spac, studio, 2.0, ai tool, online tool",Spac Studio 2.0 — Use this tool online to spac quickly and easily.,spac-studio-20
Generative Science,AI Clim Mixer Pro,Future,AI Clim Mixer Pro helps users by providing cutting-edge functionality for ai clim mixer pro.,"clim, mixer, pro, ai tool, online tool",AI Clim Mixer Pro — Use this tool online to ai quickly and easily.,ai-clim-mixer-pro
HealthTech/BioTech,Deve Optimizer Analyzer,Future,Deve Optimizer Analyzer helps users by providing cutting-edge functionality for deve optimizer analyzer.,"deve, optimizer, analyzer, ai tool, online tool",Deve Optimizer Analyzer — Use this tool online to deve quickly and easily.,deve-optimizer-analyzer
IoT/Robotics,NextGen ContWrit Planner,Generative,NextGen ContWrit Planner helps users by providing functionality for nextgen contwrit planner.,"nextgen, contwrit, planner, ai tool, online tool",NextGen ContWrit Planner — Use this tool online to nextgen quickly and easily.,nextgen-contwrit-planner
HealthTech/BioTech,Seo/Mark Lab X,Present,Seo/Mark Lab X helps users by providing functionality for seo/mark lab x.,"seo, mark, lab, ai tool, online tool",Seo/Mark Lab X — Use this tool online to seo/mark quickly and easily.,seomark-lab-x
IoT/Robotics,Smart Gami Mapper,Generative,Smart Gami Mapper helps users by providing functionality for smart gami mapper.,"smart, gami, mapper, ai tool, online tool",Smart Gami Mapper — Use this tool online to smart quickly and easily.,smart-gami-mapper
Entertainment/Culture,ContWrit Enhancer Analyzer,Generative,ContWrit Enhancer Analyzer helps users by providing functionality for contwrit enhancer analyzer.,"contwrit, enhancer, analyzer, ai tool, online tool",ContWrit Enhancer Analyzer — Use this tool online to contwrit quickly and easily.,contwrit-enhancer-analyzer
IoT/Robotics,Clim Editor 2.0,Generative,Clim Editor 2.0 helps users by providing functionality for clim editor 2.0.,"clim, editor, 2.0, ai tool, online tool",Clim Editor 2.0 — Use this tool online to clim quickly and easily.,clim-editor-20
SEO/Digital Marketing,Ente Tracker Assistant,Present,Ente Tracker Assistant helps users by providing functionality for ente tracker assistant.,"ente, tracker, assistant, ai tool, online tool",Ente Tracker Assistant — Use this tool online to ente quickly and easily.,ente-tracker-assistant
Space/Astronomy,Deve Composer X,Present,Deve Composer X helps users by providing functionality for deve composer x.,"deve, composer, ai tool, online tool",Deve Composer X — Use this tool online to deve quickly and easily.,deve-composer-x
Gaming/ARVR,AI Gami Analyzer Pro,Future,AI Gami Analyzer Pro helps users by providing cutting-edge functionality for ai gami analyzer pro.,"gami, analyzer, pro, ai tool, online tool",AI Gami Analyzer Pro — Use this tool online to ai quickly and easily.,ai-gami-analyzer-pro
IoT/Robotics,Virtual Tech Editor,Present,Virtual Tech Editor helps users by providing functionality for virtual tech editor.,"virtual, tech, editor, ai tool, online tool",Virtual Tech Editor — Use this tool online to virtual quickly and easily.,virtual-tech-editor
Personal/Lifestyle,Auto ContWrit Aligner Builder,Generative,Auto ContWrit Aligner Builder helps users by providing functionality for auto contwrit aligner builder.,"auto, contwrit, aligner, builder, ai tool, online tool",Auto ContWrit Aligner Builder — Use this tool online to auto quickly and easily.,auto-contwrit-aligner-builder
Personal/Lifestyle,Clim Creator 2.0,Present,Clim Creator 2.0 helps users by providing functionality for clim creator 2.0.,"clim, creator, 2.0, ai tool, online tool",Clim Creator 2.0 — Use this tool online to clim quickly and easily.,clim-creator-20
Developers/Coding,Pers Toolkit Analyzer,Present,Pers Toolkit Analyzer helps users by providing functionality for pers toolkit analyzer.,"pers, toolkit, analyzer, ai tool, online tool",Pers Toolkit Analyzer — Use this tool online to pers quickly and easily.,pers-toolkit-analyzer
Design/Creative,VideTool Detector Analyzer,Present,VideTool Detector Analyzer helps users by providing functionality for videtool detector analyzer.,"videtool, detector, analyzer, ai tool, online tool",VideTool Detector Analyzer — Use this tool online to videtool quickly and easily.,videtool-detector-analyzer
Space/Astronomy,Smart GeneScie Planner,Present,Smart GeneScie Planner helps users by providing functionality for smart genescie planner.,"smart, genescie, planner, ai tool, online tool",Smart GeneScie Planner — Use this tool online to smart quickly and easily.,smart-genescie-planner
Technology/Future,Virtual Educ Mapper,Generative,Virtual Educ Mapper helps users by providing functionality for virtual educ mapper.,"virtual, educ, mapper, ai tool, online tool",Virtual Educ Mapper — Use this tool online to virtual quickly and easily.,virtual-educ-mapper
Design/Creative,Tech Synth Analyzer,Present,Tech Synth Analyzer helps users by providing functionality for tech synth analyzer.,"tech, synth, analyzer, ai tool, online tool",Tech Synth Analyzer — Use this tool online to tech quickly and easily.,tech-synth-analyzer
Climate/Environment,Iot/ Toolkit Analyzer,Present,Iot/ Toolkit Analyzer helps users by providing functionality for iot/ toolkit analyzer.,"iot, toolkit, analyzer, ai tool, online tool",Iot/ Toolkit Analyzer — Use this tool online to iot/ quickly and easily.,iot-toolkit-analyzer
Design/Creative,Virtual VideTool Synth,Present,Virtual VideTool Synth helps users by providing functionality for virtual videtool synth.,"virtual, videtool, synth, ai tool, online tool",Virtual VideTool Synth — Use this tool online to virtual quickly and easily.,virtual-videtool-synth
Design/Creative,Tech Lab X,Generative,Tech Lab X helps users by providing functionality for tech lab x.,"tech, lab, ai tool, online tool",Tech Lab X — Use this tool online to tech quickly and easily.,tech-lab-x
Personal/Lifestyle,Desi Assistant AI,Generative,Desi Assistant AI helps users by providing functionality for desi assistant ai.,"desi, assistant, ai tool, online tool",Desi Assistant AI — Use this tool online to desi quickly and easily.,desi-assistant-ai
IoT/Robotics,Tech Editor 2.0,Future,Tech Editor 2.0 helps users by providing cutting-edge functionality for tech editor 2.0.,"tech, editor, 2.0, ai tool, online tool",Tech Editor 2.0 — Use this tool online to tech quickly and easily.,tech-editor-20
Gaming/ARVR,Virtual Deve Tracker,Generative,Virtual Deve Tracker helps users by providing functionality for virtual deve tracker.,"virtual, deve, tracker, ai tool, online tool",Virtual Deve Tracker — Use this tool online to virtual quickly and easily.,virtual-deve-tracker
IoT/Robotics,Desi Studio X,Present,Desi Studio X helps users by providing functionality for desi studio x.,"desi, studio, ai tool, online tool",Desi Studio X — Use this tool online to desi quickly and easily.,desi-studio-x
Technology/Future,Instant GeneScie Editor,Present,Instant GeneScie Editor helps users by providing functionality for instant genescie editor.,"instant, genescie, editor, ai tool, online tool",Instant GeneScie Editor — Use this tool online to instant quickly and easily.,instant-genescie-editor
Video/Audio Tools,Cloud Educ Enhancer Service,Generative,Cloud Educ Enhancer Service helps users by providing functionality for cloud educ enhancer service.,"cloud, educ, enhancer, service, ai tool, online tool",Cloud Educ Enhancer Service — Use this tool online to cloud quickly and easily.,cloud-educ-enhancer-service
SEO/Digital Marketing,Auto Deve Analyzer Builder,Generative,Auto Deve Analyzer Builder helps users by providing functionality for auto deve analyzer builder.,"auto, deve, analyzer, builder, ai tool, online tool",Auto Deve Analyzer Builder — Use this tool online to auto quickly and easily.,auto-deve-analyzer-builder
Business/Finance,NextGen Ente Lab,Present,NextGen Ente Lab helps users by providing functionality for nextgen ente lab.,"nextgen, ente, lab, ai tool, online tool",NextGen Ente Lab — Use this tool online to nextgen quickly and easily.,nextgen-ente-lab
Entertainment/Culture,Auto Seo/Mark Assistant Builder,Generative,Auto Seo/Mark Assistant Builder helps users by providing functionality for auto seo/mark assistant builder.,"auto, seo, mark, assistant, builder, ai tool, online tool",Auto Seo/Mark Assistant Builder — Use this tool online to auto quickly and easily.,auto-seomark-assistant-builder
Gaming/ARVR,Gami Manager Assistant,Generative,Gami Manager Assistant helps users by providing functionality for gami manager assistant.,"gami, manager, assistant, ai tool, online tool",Gami Manager Assistant — Use this tool online to gami quickly and easily.,gami-manager-assistant
Space/Astronomy,Spac Tracker Studio,Present,Spac Tracker Studio helps users by providing functionality for spac tracker studio.,"spac, tracker, studio, ai tool, online tool",Spac Tracker Studio — Use this tool online to spac quickly and easily.,spac-tracker-studio
Business/Finance,Instant Heal Converter,Future,Instant Heal Converter helps users by providing cutting-edge functionality for instant heal converter.,"instant, heal, converter, ai tool, online tool",Instant Heal Converter — Use this tool online to instant quickly and easily.,instant-heal-converter
HealthTech/BioTech,Virtual Iot/ Composer,Future,Virtual Iot/ Composer helps users by providing cutting-edge functionality for virtual iot/ composer.,"virtual, iot, composer, ai tool, online tool",Virtual Iot/ Composer — Use this tool online to virtual quickly and easily.,virtual-iot-composer
Developers/Coding,Spac Bot Studio,Present,Spac Bot Studio helps users by providing functionality for spac bot studio.,"spac, bot, studio, ai tool, online tool",Spac Bot Studio — Use this tool online to spac quickly and easily.,spac-bot-studio
Design/Creative,Auto Deve Toolkit Builder,Present,Auto Deve Toolkit Builder helps users by providing functionality for auto deve toolkit builder.,"auto, deve, toolkit, builder, ai tool, online tool",Auto Deve Toolkit Builder — Use this tool online to auto quickly and easily.,auto-deve-toolkit-builder
Gaming/ARVR,Smart Iot/ Studio,Present,Smart Iot/ Studio helps users by providing functionality for smart iot/ studio.,"smart, iot, studio, ai tool, online tool",Smart Iot/ Studio — Use this tool online to smart quickly and easily.,smart-iot-studio
Gaming/ARVR,Instant Seo/Mark Toolkit,Present,Instant Seo/Mark Toolkit helps users by providing functionality for instant seo/mark toolkit.,"instant, seo, mark, toolkit, ai tool, online tool",Instant Seo/Mark Toolkit — Use this tool online to instant quickly and easily.,instant-seomark-toolkit
Business/Finance,Heal Manager X,Generative,Heal Manager X helps users by providing functionality for heal manager x.,"heal, manager, ai tool, online tool",Heal Manager X — Use this tool online to heal quickly and easily.,heal-manager-x
Developers/Coding,Auto Heal Bot Builder,Present,Auto Heal Bot Builder helps users by providing functionality for auto heal bot builder.,"auto, heal, bot, builder, ai tool, online tool",Auto Heal Bot Builder — Use this tool online to auto quickly and easily.,auto-heal-bot-builder
Content Writing,Instant Educ Synth,Future,Instant Educ Synth helps users by providing cutting-edge functionality for instant educ synth.,"instant, educ, synth, ai tool, online tool",Instant Educ Synth — Use this tool online to instant quickly and easily.,instant-educ-synth
Developers/Coding,VideTool Builder Analyzer,Present,VideTool Builder Analyzer helps users by providing functionality for videtool builder analyzer.,"videtool, builder, analyzer, ai tool, online tool",VideTool Builder Analyzer — Use this tool online to videtool quickly and easily.,videtool-builder-analyzer
Entertainment/Culture,Pers Tracker 2.0,Present,Pers Tracker 2.0 helps users by providing functionality for pers tracker 2.0.,"pers, tracker, 2.0, ai tool, online tool",Pers Tracker 2.0 — Use this tool online to pers quickly and easily.,pers-tracker-20
Generative Science,Cloud Heal Studio Service,Present,Cloud Heal Studio Service helps users by providing functionality for cloud heal studio service.,"cloud, heal, studio, service, ai tool, online tool",Cloud Heal Studio Service — Use this tool online to cloud quickly and easily.,cloud-heal-studio-service
Video/Audio Tools,Instant ContWrit Bot,Generative,Instant ContWrit Bot helps users by providing functionality for instant contwrit bot.,"instant, contwrit, bot, ai tool, online tool",Instant ContWrit Bot — Use this tool online to instant quickly and easily.,instant-contwrit-bot
Content Writing,Auto Deve Finder Builder,Present,Auto Deve Finder Builder helps users by providing functionality for auto deve finder builder.,"auto, deve, finder, builder, ai tool, online tool",Auto Deve Finder Builder — Use this tool online to auto quickly and easily.,auto-deve-finder-builder
Generative Science,Virtual Desi Finder,Generative,Virtual Desi Finder helps users by providing functionality for virtual desi finder.,"virtual, desi, finder, ai tool, online tool",Virtual Desi Finder — Use this tool online to virtual quickly and easily.,virtual-desi-finder
Entertainment/Culture,Virtual Ente Creator,Generative,Virtual Ente Creator helps users by providing functionality for virtual ente creator.,"virtual, ente, creator, ai tool, online tool",Virtual Ente Creator — Use this tool online to virtual quickly and easily.,virtual-ente-creator
Design/Creative,Instant Seo/Mark Creator,Present,Instant Seo/Mark Creator helps users by providing functionality for instant seo/mark creator.,"instant, seo, mark, creator, ai tool, online tool",Instant Seo/Mark Creator — Use this tool online to instant quickly and easily.,instant-seomark-creator
Space/Astronomy,NextGen Clim Toolkit,Generative,NextGen Clim Toolkit helps users by providing functionality for nextgen clim toolkit.,"nextgen, clim, toolkit, ai tool, online tool",NextGen Clim Toolkit — Use this tool online to nextgen quickly and easily.,nextgen-clim-toolkit
Generative Science,GeneScie Mapper AI,Generative,GeneScie Mapper AI helps users by providing functionality for genescie mapper ai.,"genescie, mapper, ai tool, online tool",GeneScie Mapper AI — Use this tool online to genescie quickly and easily.,genescie-mapper-ai
Personal/Lifestyle,Educ Planner Studio,Present,Educ Planner Studio helps users by providing functionality for educ planner studio.,"educ, planner, studio, ai tool, online tool",Educ Planner Studio — Use this tool online to educ quickly and easily.,educ-planner-studio
Education/Learning,VideTool Bot Analyzer,Present,VideTool Bot Analyzer helps users by providing functionality for videtool bot analyzer.,"videtool, bot, analyzer, ai tool, online tool",VideTool Bot Analyzer — Use this tool online to videtool quickly and easily.,videtool-bot-analyzer
Design/Creative,ContWrit Toolkit Analyzer,Generative,ContWrit Toolkit Analyzer helps users by providing functionality for contwrit toolkit analyzer.,"contwrit, toolkit, analyzer, ai tool, online tool",ContWrit Toolkit Analyzer — Use this tool online to contwrit quickly and easily.,contwrit-toolkit-analyzer
Space/Astronomy,Generative Deve Studio,Future,Generative Deve Studio helps users by providing cutting-edge functionality for generative deve studio.,"generative, deve, studio, ai tool, online tool",Generative Deve Studio — Use this tool online to generative quickly and easily.,generative-deve-studio
IoT/Robotics,Gami Converter X,Present,Gami Converter X helps users by providing functionality for gami converter x.,"gami, converter, ai tool, online tool",Gami Converter X — Use this tool online to gami quickly and easily.,gami-converter-x
Technology/Future,NextGen Deve Analyzer,Future,NextGen Deve Analyzer helps users by providing cutting-edge functionality for nextgen deve analyzer.,"nextgen, deve, analyzer, ai tool, online tool",NextGen Deve Analyzer — Use this tool online to nextgen quickly and easily.,nextgen-deve-analyzer
Education/Learning,Spac Creator Assistant,Generative,Spac Creator Assistant helps users by providing functionality for spac creator assistant.,"spac, creator, assistant, ai tool, online tool",Spac Creator Assistant — Use this tool online to spac quickly and easily.,spac-creator-assistant
HealthTech/BioTech,Desi Finder Assistant,Present,Desi Finder Assistant helps users by providing functionality for desi finder assistant.,"desi, finder, assistant, ai tool, online tool",Desi Finder Assistant — Use this tool online to desi quickly and easily.,desi-finder-assistant
Design/Creative,NextGen Busi Assistant,Present,NextGen Busi Assistant helps users by providing functionality for nextgen busi assistant.,"nextgen, busi, assistant, ai tool, online tool",NextGen Busi Assistant — Use this tool online to nextgen quickly and easily.,nextgen-busi-assistant
IoT/Robotics,Virtual GeneScie Composer,Future,Virtual GeneScie Composer helps users by providing cutting-edge functionality for virtual genescie composer.,"virtual, genescie, composer, ai tool, online tool",Virtual GeneScie Composer — Use this tool online to virtual quickly and easily.,virtual-genescie-composer
Developers/Coding,NextGen Busi Enhancer,Generative,NextGen Busi Enhancer helps users by providing functionality for nextgen busi enhancer.,"nextgen, busi, enhancer, ai tool, online tool",NextGen Busi Enhancer — Use this tool online to nextgen quickly and easily.,nextgen-busi-enhancer
Developers/Coding,Generative Seo/Mark Manager,Generative,Generative Seo/Mark Manager helps users by providing functionality for generative seo/mark manager.,"generative, seo, mark, manager, ai tool, online tool",Generative Seo/Mark Manager — Use this tool online to generative quickly and easily.,generative-seomark-manager
Gaming/ARVR,Virtual Deve Synth,Present,Virtual Deve Synth helps users by providing functionality for virtual deve synth.,"virtual, deve, synth, ai tool, online tool",Virtual Deve Synth — Use this tool online to virtual quickly and easily.,virtual-deve-synth
Education/Learning,Spac Planner X,Generative,Spac Planner X helps users by providing functionality for spac planner x.,"spac, planner, ai tool, online tool",Spac Planner X — Use this tool online to spac quickly and easily.,spac-planner-x
SEO/Digital Marketing,Pers Simulator Analyzer,Generative,Pers Simulator Analyzer helps users by providing functionality for pers simulator analyzer.,"pers, simulator, analyzer, ai tool, online tool",Pers Simulator Analyzer — Use this tool online to pers quickly and easily.,pers-simulator-analyzer
Gaming/ARVR,Ente Optimizer Studio,Generative,Ente Optimizer Studio helps users by providing functionality for ente optimizer studio.,"ente, optimizer, studio, ai tool, online tool",Ente Optimizer Studio — Use this tool online to ente quickly and easily.,ente-optimizer-studio
Space/Astronomy,Busi Detector AI,Present,Busi Detector AI helps users by providing functionality for busi detector ai.,"busi, detector, ai tool, online tool",Busi Detector AI — Use this tool online to busi quickly and easily.,busi-detector-ai
Video/Audio Tools,Heal Manager Assistant,Future,Heal Manager Assistant helps users by providing cutting-edge functionality for heal manager assistant.,"heal, manager, assistant, ai tool, online tool",Heal Manager Assistant — Use this tool online to heal quickly and easily.,heal-manager-assistant
Generative Science,GeneScie Enhancer Studio,Generative,GeneScie Enhancer Studio helps users by providing functionality for genescie enhancer studio.,"genescie, enhancer, studio, ai tool, online tool",GeneScie Enhancer Studio — Use this tool online to genescie quickly and easily.,genescie-enhancer-studio
SEO/Digital Marketing,Iot/ Lab Assistant,Generative,Iot/ Lab Assistant helps users by providing functionality for iot/ lab assistant.,"iot, lab, assistant, ai tool, online tool",Iot/ Lab Assistant — Use this tool online to iot/ quickly and easily.,iot-lab-assistant
IoT/Robotics,Generative Pers Mixer,Future,Generative Pers Mixer helps users by providing cutting-edge functionality for generative pers mixer.,"generative, pers, mixer, ai tool, online tool",Generative Pers Mixer — Use this tool online to generative quickly and easily.,generative-pers-mixer
Climate/Environment,Auto Heal Lab Builder,Future,Auto Heal Lab Builder helps users by providing cutting-edge functionality for auto heal lab builder.,"auto, heal, lab, builder, ai tool, online tool",Auto Heal Lab Builder — Use this tool online to auto quickly and easily.,auto-heal-lab-builder
Developers/Coding,Tech Bot 2.0,Generative,Tech Bot 2.0 helps users by providing functionality for tech bot 2.0.,"tech, bot, 2.0, ai tool, online tool",Tech Bot 2.0 — Use this tool online to tech quickly and easily.,tech-bot-20
Climate/Environment,Virtual Heal Tracker,Future,Virtual Heal Tracker helps users by providing cutting-edge functionality for virtual heal tracker.,"virtual, heal, tracker, ai tool, online tool",Virtual Heal Tracker — Use this tool online to virtual quickly and easily.,virtual-heal-tracker
Content Writing,AI Ente Converter Pro,Present,AI Ente Converter Pro helps users by providing functionality for ai ente converter pro.,"ente, converter, pro, ai tool, online tool",AI Ente Converter Pro — Use this tool online to ai quickly and easily.,ai-ente-converter-pro
Generative Science,NextGen Ente Enhancer,Present,NextGen Ente Enhancer helps users by providing functionality for nextgen ente enhancer.,"nextgen, ente, enhancer, ai tool, online tool",NextGen Ente Enhancer — Use this tool online to nextgen quickly and easily.,nextgen-ente-enhancer
Generative Science,Desi Generator Analyzer,Present,Desi Generator Analyzer helps users by providing functionality for desi generator analyzer.,"desi, generator, analyzer, ai tool, online tool",Desi Generator Analyzer — Use this tool online to desi quickly and easily.,desi-generator-analyzer
Developers/Coding,Generative Educ Enhancer,Future,Generative Educ Enhancer helps users by providing cutting-edge functionality for generative educ enhancer.,"generative, educ, enhancer, ai tool, online tool",Generative Educ Enhancer — Use this tool online to generative quickly and easily.,generative-educ-enhancer
Education/Learning,Smart Busi Aligner,Present,Smart Busi Aligner helps users by providing functionality for smart busi aligner.,"smart, busi, aligner, ai tool, online tool",Smart Busi Aligner — Use this tool online to smart quickly and easily.,smart-busi-aligner
SEO/Digital Marketing,Auto Pers Generator Builder,Present,Auto Pers Generator Builder helps users by providing functionality for auto pers generator builder.,"auto, pers, generator, builder, ai tool, online tool",Auto Pers Generator Builder — Use this tool online to auto quickly and easily.,auto-pers-generator-builder
Content Writing,Smart Gami Composer,Present,Smart Gami Composer helps users by providing functionality for smart gami composer.,"smart, gami, composer, ai tool, online tool",Smart Gami Composer — Use this tool online to smart quickly and easily.,smart-gami-composer
Personal/Lifestyle,Tech Converter AI,Present,Tech Converter AI helps users by providing functionality for tech converter ai.,"tech, converter, ai tool, online tool",Tech Converter AI — Use this tool online to tech quickly and easily.,tech-converter-ai
Design/Creative,ContWrit Composer AI,Present,ContWrit Composer AI helps users by providing functionality for contwrit composer ai.,"contwrit, composer, ai tool, online tool",ContWrit Composer AI — Use this tool online to contwrit quickly and easily.,contwrit-composer-ai
Developers/Coding,Heal Simulator Studio,Generative,Heal Simulator Studio helps users by providing functionality for heal simulator studio.,"heal, simulator, studio, ai tool, online tool",Heal Simulator Studio — Use this tool online to heal quickly and easily.,heal-simulator-studio
Generative Science,Clim Creator X,Present,Clim Creator X helps users by providing functionality for clim creator x.,"clim, creator, ai tool, online tool",Clim Creator X — Use this tool online to clim quickly and easily.,clim-creator-x
Design/Creative,Iot/ Toolkit Assistant,Future,Iot/ Toolkit Assistant helps users by providing cutting-edge functionality for iot/ toolkit assistant.,"iot, toolkit, assistant, ai tool, online tool",Iot/ Toolkit Assistant — Use this tool online to iot/ quickly and easily.,iot-toolkit-assistant
Developers/Coding,Educ Finder AI,Present,Educ Finder AI helps users by providing functionality for educ finder ai.,"educ, finder, ai tool, online tool",Educ Finder AI — Use this tool online to educ quickly and easily.,educ-finder-ai
SEO/Digital Marketing,Cloud Deve Editor Service,Generative,Cloud Deve Editor Service helps users by providing functionality for cloud deve editor service.,"cloud, deve, editor, service, ai tool, online tool",Cloud Deve Editor Service — Use this tool online to cloud quickly and easily.,cloud-deve-editor-service
Climate/Environment,Seo/Mark Converter Studio,Present,Seo/Mark Converter Studio helps users by providing functionality for seo/mark converter studio.,"seo, mark, converter, studio, ai tool, online tool",Seo/Mark Converter Studio — Use this tool online to seo/mark quickly and easily.,seomark-converter-studio
Developers/Coding,Virtual Pers Editor,Generative,Virtual Pers Editor helps users by providing functionality for virtual pers editor.,"virtual, pers, editor, ai tool, online tool",Virtual Pers Editor — Use this tool online to virtual quickly and easily.,virtual-pers-editor
SEO/Digital Marketing,Smart Iot/ Finder,Generative,Smart Iot/ Finder helps users by providing functionality for smart iot/ finder.,"smart, iot, finder, ai tool, online tool",Smart Iot/ Finder — Use this tool online to smart quickly and easily.,smart-iot-finder
Business/Finance,Instant VideTool Builder,Present,Instant VideTool Builder helps users by providing functionality for instant videtool builder.,"instant, videtool, builder, ai tool, online tool",Instant VideTool Builder — Use this tool online to instant quickly and easily.,instant-videtool-builder
Developers/Coding,Generative GeneScie Creator,Future,Generative GeneScie Creator helps users by providing cutting-edge functionality for generative genescie creator.,"generative, genescie, creator, ai tool, online tool",Generative GeneScie Creator — Use this tool online to generative quickly and easily.,generative-genescie-creator
Generative Science,Gami Optimizer X,Future,Gami Optimizer X helps users by providing cutting-edge functionality for gami optimizer x.,"gami, optimizer, ai tool, online tool",Gami Optimizer X — Use this tool online to gami quickly and easily.,gami-optimizer-x
Developers/Coding,ContWrit Toolkit Studio,Generative,ContWrit Toolkit Studio helps users by providing functionality for contwrit toolkit studio.,"contwrit, toolkit, studio, ai tool, online tool",ContWrit Toolkit Studio — Use this tool online to contwrit quickly and easily.,contwrit-toolkit-studio
Gaming/ARVR,Spac Manager AI,Present,Spac Manager AI helps users by providing functionality for spac manager ai.,"spac, manager, ai tool, online tool",Spac Manager AI — Use this tool online to spac quickly and easily.,spac-manager-ai
Developers/Coding,Educ Enhancer Assistant,Present,Educ Enhancer Assistant helps users by providing functionality for educ enhancer assistant.,"educ, enhancer, assistant, ai tool, online tool",Educ Enhancer Assistant — Use this tool online to educ quickly and easily.,educ-enhancer-assistant
HealthTech/BioTech,Deve Composer 2.0,Generative,Deve Composer 2.0 helps users by providing functionality for deve composer 2.0.,"deve, composer, 2.0, ai tool, online tool",Deve Composer 2.0 — Use this tool online to deve quickly and easily.,deve-composer-20
HealthTech/BioTech,AI Iot/ Manager Pro,Present,AI Iot/ Manager Pro helps users by providing functionality for ai iot/ manager pro.,"iot, manager, pro, ai tool, online tool",AI Iot/ Manager Pro — Use this tool online to ai quickly and easily.,ai-iot-manager-pro
Technology/Future,Spac Aligner 2.0,Generative,Spac Aligner 2.0 helps users by providing functionality for spac aligner 2.0.,"spac, aligner, 2.0, ai tool, online tool",Spac Aligner 2.0 — Use this tool online to spac quickly and easily.,spac-aligner-20
Content Writing,Busi Mixer X,Generative,Busi Mixer X helps users by providing functionality for busi mixer x.,"busi, mixer, ai tool, online tool",Busi Mixer X — Use this tool online to busi quickly and easily.,busi-mixer-x
Entertainment/Culture,Generative Ente Bot,Present,Generative Ente Bot helps users by providing functionality for generative ente bot.,"generative, ente, bot, ai tool, online tool",Generative Ente Bot — Use this tool online to generative quickly and easily.,generative-ente-bot
SEO/Digital Marketing,Instant Gami Tracker,Generative,Instant Gami Tracker helps users by providing functionality for instant gami tracker.,"instant, gami, tracker, ai tool, online tool",Instant Gami Tracker — Use this tool online to instant quickly and easily.,instant-gami-tracker
Climate/Environment,VideTool Assistant Assistant,Present,VideTool Assistant Assistant helps users by providing functionality for videtool assistant assistant.,"videtool, assistant, assistant, ai tool, online tool",VideTool Assistant Assistant — Use this tool online to videtool quickly and easily.,videtool-assistant-assistant
Space/Astronomy,Cloud Spac Creator Service,Generative,Cloud Spac Creator Service helps users by providing functionality for cloud spac creator service.,"cloud, spac, creator, service, ai tool, online tool",Cloud Spac Creator Service — Use this tool online to cloud quickly and easily.,cloud-spac-creator-service
Entertainment/Culture,Virtual Desi Simulator,Future,Virtual Desi Simulator helps users by providing cutting-edge functionality for virtual desi simulator.,"virtual, desi, simulator, ai tool, online tool",Virtual Desi Simulator — Use this tool online to virtual quickly and easily.,virtual-desi-simulator
SEO/Digital Marketing,Instant VideTool Finder,Present,Instant VideTool Finder helps users by providing functionality for instant videtool finder.,"instant, videtool, finder, ai tool, online tool",Instant VideTool Finder — Use this tool online to instant quickly and easily.,instant-videtool-finder
Content Writing,AI Deve Assistant Pro,Future,AI Deve Assistant Pro helps users by providing cutting-edge functionality for ai deve assistant pro.,"deve, assistant, pro, ai tool, online tool",AI Deve Assistant Pro — Use this tool online to ai quickly and easily.,ai-deve-assistant-pro
HealthTech/BioTech,Pers Mixer 2.0,Generative,Pers Mixer 2.0 helps users by providing functionality for pers mixer 2.0.,"pers, mixer, 2.0, ai tool, online tool",Pers Mixer 2.0 — Use this tool online to pers quickly and easily.,pers-mixer-20
IoT/Robotics,Virtual Heal Synth,Present,Virtual Heal Synth helps users by providing functionality for virtual heal synth.,"virtual, heal, synth, ai tool, online tool",Virtual Heal Synth — Use this tool online to virtual quickly and easily.,virtual-heal-synth
Developers/Coding,Gami Manager 2.0,Present,Gami Manager 2.0 helps users by providing functionality for gami manager 2.0.,"gami, manager, 2.0, ai tool, online tool",Gami Manager 2.0 — Use this tool online to gami quickly and easily.,gami-manager-20
Technology/Future,Tech Generator Studio,Future,Tech Generator Studio helps users by providing cutting-edge functionality for tech generator studio.,"tech, generator, studio, ai tool, online tool",Tech Generator Studio — Use this tool online to tech quickly and easily.,tech-generator-studio
Climate/Environment,Desi Analyzer 2.0,Present,Desi Analyzer 2.0 helps users by providing functionality for desi analyzer 2.0.,"desi, analyzer, 2.0, ai tool, online tool",Desi Analyzer 2.0 — Use this tool online to desi quickly and easily.,desi-analyzer-20
SEO/Digital Marketing,Virtual Gami Detector,Present,Virtual Gami Detector helps users by providing functionality for virtual gami detector.,"virtual, gami, detector, ai tool, online tool",Virtual Gami Detector — Use this tool online to virtual quickly and easily.,virtual-gami-detector
Personal/Lifestyle,Educ Manager AI,Present,Educ Manager AI helps users by providing functionality for educ manager ai.,"educ, manager, ai tool, online tool",Educ Manager AI — Use this tool online to educ quickly and easily.,educ-manager-ai
Content Writing,Seo/Mark Dashboard Analyzer,Present,Seo/Mark Dashboard Analyzer helps users by providing functionality for seo/mark dashboard analyzer.,"seo, mark, dashboard, analyzer, ai tool, online tool",Seo/Mark Dashboard Analyzer — Use this tool online to seo/mark quickly and easily.,seomark-dashboard-analyzer
Business/Finance,GeneScie Manager X,Present,GeneScie Manager X helps users by providing functionality for genescie manager x.,"genescie, manager, ai tool, online tool",GeneScie Manager X — Use this tool online to genescie quickly and easily.,genescie-manager-x
Business/Finance,AI Iot/ Mixer Pro,Present,AI Iot/ Mixer Pro helps users by providing functionality for ai iot/ mixer pro.,"iot, mixer, pro, ai tool, online tool",AI Iot/ Mixer Pro — Use this tool online to ai quickly and easily.,ai-iot-mixer-pro
Education/Learning,Tech Mixer 2.0,Present,Tech Mixer 2.0 helps users by providing functionality for tech mixer 2.0.,"tech, mixer, 2.0, ai tool, online tool",Tech Mixer 2.0 — Use this tool online to tech quickly and easily.,tech-mixer-20
Education/Learning,Seo/Mark Detector AI,Generative,Seo/Mark Detector AI helps users by providing functionality for seo/mark detector ai.,"seo, mark, detector, ai tool, online tool",Seo/Mark Detector AI — Use this tool online to seo/mark quickly and easily.,seomark-detector-ai
Video/Audio Tools,Virtual Seo/Mark Finder,Present,Virtual Seo/Mark Finder helps users by providing functionality for virtual seo/mark finder.,"virtual, seo, mark, finder, ai tool, online tool",Virtual Seo/Mark Finder — Use this tool online to virtual quickly and easily.,virtual-seomark-finder
SEO/Digital Marketing,Auto Educ Enhancer Builder,Present,Auto Educ Enhancer Builder helps users by providing functionality for auto educ enhancer builder.,"auto, educ, enhancer, builder, ai tool, online tool",Auto Educ Enhancer Builder — Use this tool online to auto quickly and easily.,auto-educ-enhancer-builder
Generative Science,ContWrit Editor Analyzer,Generative,ContWrit Editor Analyzer helps users by providing functionality for contwrit editor analyzer.,"contwrit, editor, analyzer, ai tool, online tool",ContWrit Editor Analyzer — Use this tool online to contwrit quickly and easily.,contwrit-editor-analyzer
Business/Finance,ContWrit Generator Analyzer,Present,ContWrit Generator Analyzer helps users by providing functionality for contwrit generator analyzer.,"contwrit, generator, analyzer, ai tool, online tool",ContWrit Generator Analyzer — Use this tool online to contwrit quickly and easily.,contwrit-generator-analyzer
Design/Creative,Virtual Busi Converter,Future,Virtual Busi Converter helps users by providing cutting-edge functionality for virtual busi converter.,"virtual, busi, converter, ai tool, online tool",Virtual Busi Converter — Use this tool online to virtual quickly and easily.,virtual-busi-converter
Design/Creative,Iot/ Dashboard AI,Present,Iot/ Dashboard AI helps users by providing functionality for iot/ dashboard ai.,"iot, dashboard, ai tool, online tool",Iot/ Dashboard AI — Use this tool online to iot/ quickly and easily.,iot-dashboard-ai
Content Writing,AI Clim Converter Pro,Future,AI Clim Converter Pro helps users by providing cutting-edge functionality for ai clim converter pro.,"clim, converter, pro, ai tool, online tool",AI Clim Converter Pro — Use this tool online to ai quickly and easily.,ai-clim-converter-pro
Content Writing,Generative VideTool Assistant,Present,Generative VideTool Assistant helps users by providing functionality for generative videtool assistant.,"generative, videtool, assistant, ai tool, online tool",Generative VideTool Assistant — Use this tool online to generative quickly and easily.,generative-videtool-assistant
Business/Finance,Smart Pers Tracker,Future,Smart Pers Tracker helps users by providing cutting-edge functionality for smart pers tracker.,"smart, pers, tracker, ai tool, online tool",Smart Pers Tracker — Use this tool online to smart quickly and easily.,smart-pers-tracker
IoT/Robotics,VideTool Toolkit 2.0,Present,VideTool Toolkit 2.0 helps users by providing functionality for videtool toolkit 2.0.,"videtool, toolkit, 2.0, ai tool, online tool",VideTool Toolkit 2.0 — Use this tool online to videtool quickly and easily.,videtool-toolkit-20
Climate/Environment,Cloud Deve Composer Service,Present,Cloud Deve Composer Service helps users by providing functionality for cloud deve composer service.,"cloud, deve, composer, service, ai tool, online tool",Cloud Deve Composer Service — Use this tool online to cloud quickly and easily.,cloud-deve-composer-service
Space/Astronomy,Instant ContWrit Editor,Present,Instant ContWrit Editor helps users by providing functionality for instant contwrit editor.,"instant, contwrit, editor, ai tool, online tool",Instant ContWrit Editor — Use this tool online to instant quickly and easily.,instant-contwrit-editor
Business/Finance,AI Iot/ Assistant Pro,Present,AI Iot/ Assistant Pro helps users by providing functionality for ai iot/ assistant pro.,"iot, assistant, pro, ai tool, online tool",AI Iot/ Assistant Pro — Use this tool online to ai quickly and easily.,ai-iot-assistant-pro
Gaming/ARVR,AI Clim Builder Pro,Present,AI Clim Builder Pro helps users by providing functionality for ai clim builder pro.,"clim, builder, pro, ai tool, online tool",AI Clim Builder Pro — Use this tool online to ai quickly and easily.,ai-clim-builder-pro
HealthTech/BioTech,NextGen Heal Builder,Generative,NextGen Heal Builder helps users by providing functionality for nextgen heal builder.,"nextgen, heal, builder, ai tool, online tool",NextGen Heal Builder — Use this tool online to nextgen quickly and easily.,nextgen-heal-builder
SEO/Digital Marketing,Tech Optimizer Assistant,Generative,Tech Optimizer Assistant helps users by providing functionality for tech optimizer assistant.,"tech, optimizer, assistant, ai tool, online tool",Tech Optimizer Assistant — Use this tool online to tech quickly and easily.,tech-optimizer-assistant
Technology/Future,VideTool Builder Assistant,Present,VideTool Builder Assistant helps users by providing functionality for videtool builder assistant.,"videtool, builder, assistant, ai tool, online tool",VideTool Builder Assistant — Use this tool online to videtool quickly and easily.,videtool-builder-assistant
Personal/Lifestyle,Auto Ente Enhancer Builder,Present,Auto Ente Enhancer Builder helps users by providing functionality for auto ente enhancer builder.,"auto, ente, enhancer, builder, ai tool, online tool",Auto Ente Enhancer Builder — Use this tool online to auto quickly and easily.,auto-ente-enhancer-builder
Technology/Future,Spac Bot Analyzer,Generative,Spac Bot Analyzer helps users by providing functionality for spac bot analyzer.,"spac, bot, analyzer, ai tool, online tool",Spac Bot Analyzer — Use this tool online to spac quickly and easily.,spac-bot-analyzer
Personal/Lifestyle,Virtual Clim Lab,Present,Virtual Clim Lab helps users by providing functionality for virtual clim lab.,"virtual, clim, lab, ai tool, online tool",Virtual Clim Lab — Use this tool online to virtual quickly and easily.,virtual-clim-lab
Personal/Lifestyle,AI Educ Analyzer Pro,Generative,AI Educ Analyzer Pro helps users by providing functionality for ai educ analyzer pro.,"educ, analyzer, pro, ai tool, online tool",AI Educ Analyzer Pro — Use this tool online to ai quickly and easily.,ai-educ-analyzer-pro
Climate/Environment,AI Iot/ Studio Pro,Present,AI Iot/ Studio Pro helps users by providing functionality for ai iot/ studio pro.,"iot, studio, pro, ai tool, online tool",AI Iot/ Studio Pro — Use this tool online to ai quickly and easily.,ai-iot-studio-pro
HealthTech/BioTech,Cloud Gami Aligner Service,Present,Cloud Gami Aligner Service helps users by providing functionality for cloud gami aligner service.,"cloud, gami, aligner, service, ai tool, online tool",Cloud Gami Aligner Service — Use this tool online to cloud quickly and easily.,cloud-gami-aligner-service
IoT/Robotics,Generative Clim Enhancer,Present,Generative Clim Enhancer helps users by providing functionality for generative clim enhancer.,"generative, clim, enhancer, ai tool, online tool",Generative Clim Enhancer — Use this tool online to generative quickly and easily.,generative-clim-enhancer
SEO/Digital Marketing,Auto GeneScie Converter Builder,Present,Auto GeneScie Converter Builder helps users by providing functionality for auto genescie converter builder.,"auto, genescie, converter, builder, ai tool, online tool",Auto GeneScie Converter Builder — Use this tool online to auto quickly and easily.,auto-genescie-converter-builder
IoT/Robotics,NextGen Deve Tracker,Generative,NextGen Deve Tracker helps users by providing functionality for nextgen deve tracker.,"nextgen, deve, tracker, ai tool, online tool",NextGen Deve Tracker — Use this tool online to nextgen quickly and easily.,nextgen-deve-tracker
SEO/Digital Marketing,Pers Finder Analyzer,Generative,Pers Finder Analyzer helps users by providing functionality for pers finder analyzer.,"pers, finder, analyzer, ai tool, online tool",Pers Finder Analyzer — Use this tool online to pers quickly and easily.,pers-finder-analyzer
Gaming/ARVR,Smart Heal Aligner,Present,Smart Heal Aligner helps users by providing functionality for smart heal aligner.,"smart, heal, aligner, ai tool, online tool",Smart Heal Aligner — Use this tool online to smart quickly and easily.,smart-heal-aligner
HealthTech/BioTech,Generative Seo/Mark Tracker,Present,Generative Seo/Mark Tracker helps users by providing functionality for generative seo/mark tracker.,"generative, seo, mark, tracker, ai tool, online tool",Generative Seo/Mark Tracker — Use this tool online to generative quickly and easily.,generative-seomark-tracker
Gaming/ARVR,Virtual Tech Creator,Generative,Virtual Tech Creator helps users by providing functionality for virtual tech creator.,"virtual, tech, creator, ai tool, online tool",Virtual Tech Creator — Use this tool online to virtual quickly and easily.,virtual-tech-creator
Climate/Environment,GeneScie Detector Assistant,Present,GeneScie Detector Assistant helps users by providing functionality for genescie detector assistant.,"genescie, detector, assistant, ai tool, online tool",GeneScie Detector Assistant — Use this tool online to genescie quickly and easily.,genescie-detector-assistant
Technology/Future,Deve Manager Studio,Present,Deve Manager Studio helps users by providing functionality for deve manager studio.,"deve, manager, studio, ai tool, online tool",Deve Manager Studio — Use this tool online to deve quickly and easily.,deve-manager-studio
Design/Creative,Smart Seo/Mark Optimizer,Present,Smart Seo/Mark Optimizer helps users by providing functionality for smart seo/mark optimizer.,"smart, seo, mark, optimizer, ai tool, online tool",Smart Seo/Mark Optimizer — Use this tool online to smart quickly and easily.,smart-seomark-optimizer
IoT/Robotics,Heal Builder Assistant,Present,Heal Builder Assistant helps users by providing functionality for heal builder assistant.,"heal, builder, assistant, ai tool, online tool",Heal Builder Assistant — Use this tool online to heal quickly and easily.,heal-builder-assistant
HealthTech/BioTech,Deve Generator Analyzer,Present,Deve Generator Analyzer helps users by providing functionality for deve generator analyzer.,"deve, generator, analyzer, ai tool, online tool",Deve Generator Analyzer — Use this tool online to deve quickly and easily.,deve-generator-analyzer
Business/Finance,Seo/Mark Planner Studio,Future,Seo/Mark Planner Studio helps users by providing cutting-edge functionality for seo/mark planner studio.,"seo, mark, planner, studio, ai tool, online tool",Seo/Mark Planner Studio — Use this tool online to seo/mark quickly and easily.,seomark-planner-studio
Content Writing,NextGen Busi Mapper,Present,NextGen Busi Mapper helps users by providing functionality for nextgen busi mapper.,"nextgen, busi, mapper, ai tool, online tool",NextGen Busi Mapper — Use this tool online to nextgen quickly and easily.,nextgen-busi-mapper
SEO/Digital Marketing,Smart Tech Enhancer,Generative,Smart Tech Enhancer helps users by providing functionality for smart tech enhancer.,"smart, tech, enhancer, ai tool, online tool",Smart Tech Enhancer — Use this tool online to smart quickly and easily.,smart-tech-enhancer
Content Writing,Cloud Pers Converter Service,Generative,Cloud Pers Converter Service helps users by providing functionality for cloud pers converter service.,"cloud, pers, converter, service, ai tool, online tool",Cloud Pers Converter Service — Use this tool online to cloud quickly and easily.,cloud-pers-converter-service
Business/Finance,NextGen Busi Optimizer,Present,NextGen Busi Optimizer helps users by providing functionality for nextgen busi optimizer.,"nextgen, busi, optimizer, ai tool, online tool",NextGen Busi Optimizer — Use this tool online to nextgen quickly and easily.,nextgen-busi-optimizer
Generative Science,NextGen Pers Mapper,Generative,NextGen Pers Mapper helps users by providing functionality for nextgen pers mapper.,"nextgen, pers, mapper, ai tool, online tool",NextGen Pers Mapper — Use this tool online to nextgen quickly and easily.,nextgen-pers-mapper
Design/Creative,Generative Clim Mixer,Present,Generative Clim Mixer helps users by providing functionality for generative clim mixer.,"generative, clim, mixer, ai tool, online tool",Generative Clim Mixer — Use this tool online to generative quickly and easily.,generative-clim-mixer
Developers/Coding,Virtual Ente Mixer,Present,Virtual Ente Mixer helps users by providing functionality for virtual ente mixer.,"virtual, ente, mixer, ai tool, online tool",Virtual Ente Mixer — Use this tool online to virtual quickly and easily.,virtual-ente-mixer
Developers/Coding,Generative Ente Planner,Present,Generative Ente Planner helps users by providing functionality for generative ente planner.,"generative, ente, planner, ai tool, online tool",Generative Ente Planner — Use this tool online to generative quickly and easily.,generative-ente-planner
SEO/Digital Marketing,Pers Composer Assistant,Generative,Pers Composer Assistant helps users by providing functionality for pers composer assistant.,"pers, composer, assistant, ai tool, online tool",Pers Composer Assistant — Use this tool online to pers quickly and easily.,pers-composer-assistant
SEO/Digital Marketing,NextGen Busi Generator,Present,NextGen Busi Generator helps users by providing functionality for nextgen busi generator.,"nextgen, busi, generator, ai tool, online tool",NextGen Busi Generator — Use this tool online to nextgen quickly and easily.,nextgen-busi-generator
Developers/Coding,Gami Toolkit Analyzer,Present,Gami Toolkit Analyzer helps users by providing functionality for gami toolkit analyzer.,"gami, toolkit, analyzer, ai tool, online tool",Gami Toolkit Analyzer — Use this tool online to gami quickly and easily.,gami-toolkit-analyzer
Design/Creative,Ente Aligner Assistant,Present,Ente Aligner Assistant helps users by providing functionality for ente aligner assistant.,"ente, aligner, assistant, ai tool, online tool",Ente Aligner Assistant — Use this tool online to ente quickly and easily.,ente-aligner-assistant
Business/Finance,AI Heal Generator Pro,Future,AI Heal Generator Pro helps users by providing cutting-edge functionality for ai heal generator pro.,"heal, generator, pro, ai tool, online tool",AI Heal Generator Pro — Use this tool online to ai quickly and easily.,ai-heal-generator-pro
Gaming/ARVR,NextGen Educ Editor,Present,NextGen Educ Editor helps users by providing functionality for nextgen educ editor.,"nextgen, educ, editor, ai tool, online tool",NextGen Educ Editor — Use this tool online to nextgen quickly and easily.,nextgen-educ-editor
IoT/Robotics,Pers Editor X,Present,Pers Editor X helps users by providing functionality for pers editor x.,"pers, editor, ai tool, online tool",Pers Editor X — Use this tool online to pers quickly and easily.,pers-editor-x
Education/Learning,Smart Deve Creator,Present,Smart Deve Creator helps users by providing functionality for smart deve creator.,"smart, deve, creator, ai tool, online tool",Smart Deve Creator — Use this tool online to smart quickly and easily.,smart-deve-creator
Personal/Lifestyle,AI Seo/Mark Aligner Pro,Generative,AI Seo/Mark Aligner Pro helps users by providing functionality for ai seo/mark aligner pro.,"seo, mark, aligner, pro, ai tool, online tool",AI Seo/Mark Aligner Pro — Use this tool online to ai quickly and easily.,ai-seomark-aligner-pro
Education/Learning,ContWrit Creator Studio,Present,ContWrit Creator Studio helps users by providing functionality for contwrit creator studio.,"contwrit, creator, studio, ai tool, online tool",ContWrit Creator Studio — Use this tool online to contwrit quickly and easily.,contwrit-creator-studio
Video/Audio Tools,Generative Clim Planner,Future,Generative Clim Planner helps users by providing cutting-edge functionality for generative clim planner.,"generative, clim, planner, ai tool, online tool",Generative Clim Planner — Use this tool online to generative quickly and easily.,generative-clim-planner
Space/Astronomy,Ente Simulator AI,Present,Ente Simulator AI helps users by providing functionality for ente simulator ai.,"ente, simulator, ai tool, online tool",Ente Simulator AI — Use this tool online to ente quickly and easily.,ente-simulator-ai
Space/Astronomy,Ente Simulator Analyzer,Future,Ente Simulator Analyzer helps users by providing cutting-edge functionality for ente simulator analyzer.,"ente, simulator, analyzer, ai tool, online tool",Ente Simulator Analyzer — Use this tool online to ente quickly and easily.,ente-simulator-analyzer
Gaming/ARVR,Heal Composer Assistant,Present,Heal Composer Assistant helps users by providing functionality for heal composer assistant.,"heal, composer, assistant, ai tool, online tool",Heal Composer Assistant — Use this tool online to heal quickly and easily.,heal-composer-assistant
Video/Audio Tools,Generative Spac Lab,Future,Generative Spac Lab helps users by providing cutting-edge functionality for generative spac lab.,"generative, spac, lab, ai tool, online tool",Generative Spac Lab — Use this tool online to generative quickly and easily.,generative-spac-lab
Content Writing,Auto Ente Finder Builder,Future,Auto Ente Finder Builder helps users by providing cutting-edge functionality for auto ente finder builder.,"auto, ente, finder, builder, ai tool, online tool",Auto Ente Finder Builder — Use this tool online to auto quickly and easily.,auto-ente-finder-builder
Space/Astronomy,Heal Dashboard 2.0,Generative,Heal Dashboard 2.0 helps users by providing functionality for heal dashboard 2.0.,"heal, dashboard, 2.0, ai tool, online tool",Heal Dashboard 2.0 — Use this tool online to heal quickly and easily.,heal-dashboard-20
Design/Creative,Smart Deve Manager,Present,Smart Deve Manager helps users by providing functionality for smart deve manager.,"smart, deve, manager, ai tool, online tool",Smart Deve Manager — Use this tool online to smart quickly and easily.,smart-deve-manager
Content Writing,Auto Deve Lab Builder,Generative,Auto Deve Lab Builder helps users by providing functionality for auto deve lab builder.,"auto, deve, lab, builder, ai tool, online tool",Auto Deve Lab Builder — Use this tool online to auto quickly and easily.,auto-deve-lab-builder
Gaming/ARVR,Instant Deve Finder,Present,Instant Deve Finder helps users by providing functionality for instant deve finder.,"instant, deve, finder, ai tool, online tool",Instant Deve Finder — Use this tool online to instant quickly and easily.,instant-deve-finder
Personal/Lifestyle,Smart Desi Simulator,Generative,Smart Desi Simulator helps users by providing functionality for smart desi simulator.,"smart, desi, simulator, ai tool, online tool",Smart Desi Simulator — Use this tool online to smart quickly and easily.,smart-desi-simulator
Space/Astronomy,Ente Synth AI,Future,Ente Synth AI helps users by providing cutting-edge functionality for ente synth ai.,"ente, synth, ai tool, online tool",Ente Synth AI — Use this tool online to ente quickly and easily.,ente-synth-ai
Space/Astronomy,VideTool Tracker AI,Future,VideTool Tracker AI helps users by providing cutting-edge functionality for videtool tracker ai.,"videtool, tracker, ai tool, online tool",VideTool Tracker AI — Use this tool online to videtool quickly and easily.,videtool-tracker-ai
Technology/Future,Smart Spac Generator,Future,Smart Spac Generator helps users by providing cutting-edge functionality for smart spac generator.,"smart, spac, generator, ai tool, online tool",Smart Spac Generator — Use this tool online to smart quickly and easily.,smart-spac-generator
HealthTech/BioTech,Ente Aligner Analyzer,Present,Ente Aligner Analyzer helps users by providing functionality for ente aligner analyzer.,"ente, aligner, analyzer, ai tool, online tool",Ente Aligner Analyzer — Use this tool online to ente quickly and easily.,ente-aligner-analyzer
Content Writing,VideTool Lab Studio,Present,VideTool Lab Studio helps users by providing functionality for videtool lab studio.,"videtool, lab, studio, ai tool, online tool",VideTool Lab Studio — Use this tool online to videtool quickly and easily.,videtool-lab-studio
Entertainment/Culture,AI Deve Finder Pro,Present,AI Deve Finder Pro helps users by providing functionality for ai deve finder pro.,"deve, finder, pro, ai tool, online tool",AI Deve Finder Pro — Use this tool online to ai quickly and easily.,ai-deve-finder-pro
Developers/Coding,Generative Gami Generator,Present,Generative Gami Generator helps users by providing functionality for generative gami generator.,"generative, gami, generator, ai tool, online tool",Generative Gami Generator — Use this tool online to generative quickly and easily.,generative-gami-generator
Climate/Environment,Virtual Desi Detector,Present,Virtual Desi Detector helps users by providing functionality for virtual desi detector.,"virtual, desi, detector, ai tool, online tool",Virtual Desi Detector — Use this tool online to virtual quickly and easily.,virtual-desi-detector
Developers/Coding,Instant Seo/Mark Composer,Generative,Instant Seo/Mark Composer helps users by providing functionality for instant seo/mark composer.,"instant, seo, mark, composer, ai tool, online tool",Instant Seo/Mark Composer — Use this tool online to instant quickly and easily.,instant-seomark-composer
Space/Astronomy,NextGen Clim Planner,Future,NextGen Clim Planner helps users by providing cutting-edge functionality for nextgen clim planner.,"nextgen, clim, planner, ai tool, online tool",NextGen Clim Planner — Use this tool online to nextgen quickly and easily.,nextgen-clim-planner
Gaming/ARVR,Pers Planner AI,Generative,Pers Planner AI helps users by providing functionality for pers planner ai.,"pers, planner, ai tool, online tool",Pers Planner AI — Use this tool online to pers quickly and easily.,pers-planner-ai
Climate/Environment,Auto Tech Bot Builder,Present,Auto Tech Bot Builder helps users by providing functionality for auto tech bot builder.,"auto, tech, bot, builder, ai tool, online tool",Auto Tech Bot Builder — Use this tool online to auto quickly and easily.,auto-tech-bot-builder
Entertainment/Culture,Virtual Educ Manager,Generative,Virtual Educ Manager helps users by providing functionality for virtual educ manager.,"virtual, educ, manager, ai tool, online tool",Virtual Educ Manager — Use this tool online to virtual quickly and easily.,virtual-educ-manager
Space/Astronomy,Desi Enhancer AI,Present,Desi Enhancer AI helps users by providing functionality for desi enhancer ai.,"desi, enhancer, ai tool, online tool",Desi Enhancer AI — Use this tool online to desi quickly and easily.,desi-enhancer-ai
Business/Finance,NextGen Spac Manager,Present,NextGen Spac Manager helps users by providing functionality for nextgen spac manager.,"nextgen, spac, manager, ai tool, online tool",NextGen Spac Manager — Use this tool online to nextgen quickly and easily.,nextgen-spac-manager
HealthTech/BioTech,GeneScie Enhancer AI,Present,GeneScie Enhancer AI helps users by providing functionality for genescie enhancer ai.,"genescie, enhancer, ai tool, online tool",GeneScie Enhancer AI — Use this tool online to genescie quickly and easily.,genescie-enhancer-ai
Gaming/ARVR,AI GeneScie Planner Pro,Future,AI GeneScie Planner Pro helps users by providing cutting-edge functionality for ai genescie planner pro.,"genescie, planner, pro, ai tool, online tool",AI GeneScie Planner Pro — Use this tool online to ai quickly and easily.,ai-genescie-planner-pro
Climate/Environment,Smart VideTool Bot,Future,Smart VideTool Bot helps users by providing cutting-edge functionality for smart videtool bot.,"smart, videtool, bot, ai tool, online tool",Smart VideTool Bot — Use this tool online to smart quickly and easily.,smart-videtool-bot
Design/Creative,Generative Gami Analyzer,Future,Generative Gami Analyzer helps users by providing cutting-edge functionality for generative gami analyzer.,"generative, gami, analyzer, ai tool, online tool",Generative Gami Analyzer — Use this tool online to generative quickly and easily.,generative-gami-analyzer
SEO/Digital Marketing,Seo/Mark Composer Assistant,Present,Seo/Mark Composer Assistant helps users by providing functionality for seo/mark composer assistant.,"seo, mark, composer, assistant, ai tool, online tool",Seo/Mark Composer Assistant — Use this tool online to seo/mark quickly and easily.,seomark-composer-assistant
Climate/Environment,Gami Editor Studio,Present,Gami Editor Studio helps users by providing functionality for gami editor studio.,"gami, editor, studio, ai tool, online tool",Gami Editor Studio — Use this tool online to gami quickly and easily.,gami-editor-studio
Personal/Lifestyle,Generative Busi Creator,Generative,Generative Busi Creator helps users by providing functionality for generative busi creator.,"generative, busi, creator, ai tool, online tool",Generative Busi Creator — Use this tool online to generative quickly and easily.,generative-busi-creator
Design/Creative,Auto Tech Composer Builder,Generative,Auto Tech Composer Builder helps users by providing functionality for auto tech composer builder.,"auto, tech, composer, builder, ai tool, online tool",Auto Tech Composer Builder — Use this tool online to auto quickly and easily.,auto-tech-composer-builder
Generative Science,Cloud VideTool Aligner Service,Generative,Cloud VideTool Aligner Service helps users by providing functionality for cloud videtool aligner service.,"cloud, videtool, aligner, service, ai tool, online tool",Cloud VideTool Aligner Service — Use this tool online to cloud quickly and easily.,cloud-videtool-aligner-service
Entertainment/Culture,Cloud Desi Dashboard Service,Future,Cloud Desi Dashboard Service helps users by providing cutting-edge functionality for cloud desi dashboard service.,"cloud, desi, dashboard, service, ai tool, online tool",Cloud Desi Dashboard Service — Use this tool online to cloud quickly and easily.,cloud-desi-dashboard-service
Gaming/ARVR,Tech Composer 2.0,Present,Tech Composer 2.0 helps users by providing functionality for tech composer 2.0.,"tech, composer, 2.0, ai tool, online tool",Tech Composer 2.0 — Use this tool online to tech quickly and easily.,tech-composer-20
Personal/Lifestyle,Virtual Heal Enhancer,Present,Virtual Heal Enhancer helps users by providing functionality for virtual heal enhancer.,"virtual, heal, enhancer, ai tool, online tool",Virtual Heal Enhancer — Use this tool online to virtual quickly and easily.,virtual-heal-enhancer
Content Writing,Virtual ContWrit Enhancer,Present,Virtual ContWrit Enhancer helps users by providing functionality for virtual contwrit enhancer.,"virtual, contwrit, enhancer, ai tool, online tool",Virtual ContWrit Enhancer — Use this tool online to virtual quickly and easily.,virtual-contwrit-enhancer
Design/Creative,Auto Tech Dashboard Builder,Present,Auto Tech Dashboard Builder helps users by providing functionality for auto tech dashboard builder.,"auto, tech, dashboard, builder, ai tool, online tool",Auto Tech Dashboard Builder — Use this tool online to auto quickly and easily.,auto-tech-dashboard-builder
Business/Finance,Cloud Desi Planner Service,Generative,Cloud Desi Planner Service helps users by providing functionality for cloud desi planner service.,"cloud, desi, planner, service, ai tool, online tool",Cloud Desi Planner Service — Use this tool online to cloud quickly and easily.,cloud-desi-planner-service
Climate/Environment,Clim Composer Studio,Generative,Clim Composer Studio helps users by providing functionality for clim composer studio.,"clim, composer, studio, ai tool, online tool",Clim Composer Studio — Use this tool online to clim quickly and easily.,clim-composer-studio
Video/Audio Tools,Gami Generator Analyzer,Present,Gami Generator Analyzer helps users by providing functionality for gami generator analyzer.,"gami, generator, analyzer, ai tool, online tool",Gami Generator Analyzer — Use this tool online to gami quickly and easily.,gami-generator-analyzer
IoT/Robotics,Smart Gami Synth,Present,Smart Gami Synth helps users by providing functionality for smart gami synth.,"smart, gami, synth, ai tool, online tool",Smart Gami Synth — Use this tool online to smart quickly and easily.,smart-gami-synth
Technology/Future,ContWrit Mapper Assistant,Future,ContWrit Mapper Assistant helps users by providing cutting-edge functionality for contwrit mapper assistant.,"contwrit, mapper, assistant, ai tool, online tool",ContWrit Mapper Assistant — Use this tool online to contwrit quickly and easily.,contwrit-mapper-assistant
Education/Learning,Educ Analyzer AI,Generative,Educ Analyzer AI helps users by providing functionality for educ analyzer ai.,"educ, analyzer, ai tool, online tool",Educ Analyzer AI — Use this tool online to educ quickly and easily.,educ-analyzer-ai
Design/Creative,Generative Busi Synth,Present,Generative Busi Synth helps users by providing functionality for generative busi synth.,"generative, busi, synth, ai tool, online tool",Generative Busi Synth — Use this tool online to generative quickly and easily.,generative-busi-synth
Entertainment/Culture,Spac Assistant 2.0,Present,Spac Assistant 2.0 helps users by providing functionality for spac assistant 2.0.,"spac, assistant, 2.0, ai tool, online tool",Spac Assistant 2.0 — Use this tool online to spac quickly and easily.,spac-assistant-20
IoT/Robotics,AI Pers Generator Pro,Present,AI Pers Generator Pro helps users by providing functionality for ai pers generator pro.,"pers, generator, pro, ai tool, online tool",AI Pers Generator Pro — Use this tool online to ai quickly and easily.,ai-pers-generator-pro
Entertainment/Culture,Iot/ Converter X,Present,Iot/ Converter X helps users by providing functionality for iot/ converter x.,"iot, converter, ai tool, online tool",Iot/ Converter X — Use this tool online to iot/ quickly and easily.,iot-converter-x
Business/Finance,Generative VideTool Editor,Generative,Generative VideTool Editor helps users by providing functionality for generative videtool editor.,"generative, videtool, editor, ai tool, online tool",Generative VideTool Editor — Use this tool online to generative quickly and easily.,generative-videtool-editor
Design/Creative,ContWrit Manager Analyzer,Present,ContWrit Manager Analyzer helps users by providing functionality for contwrit manager analyzer.,"contwrit, manager, analyzer, ai tool, online tool",ContWrit Manager Analyzer — Use this tool online to contwrit quickly and easily.,contwrit-manager-analyzer
Entertainment/Culture,Pers Mixer Analyzer,Future,Pers Mixer Analyzer helps users by providing cutting-edge functionality for pers mixer analyzer.,"pers, mixer, analyzer, ai tool, online tool",Pers Mixer Analyzer — Use this tool online to pers quickly and easily.,pers-mixer-analyzer
Gaming/ARVR,Busi Creator Studio,Present,Busi Creator Studio helps users by providing functionality for busi creator studio.,"busi, creator, studio, ai tool, online tool",Busi Creator Studio — Use this tool online to busi quickly and easily.,busi-creator-studio
Business/Finance,Pers Editor Assistant,Present,Pers Editor Assistant helps users by providing functionality for pers editor assistant.,"pers, editor, assistant, ai tool, online tool",Pers Editor Assistant — Use this tool online to pers quickly and easily.,pers-editor-assistant
Generative Science,Busi Builder Analyzer,Present,Busi Builder Analyzer helps users by providing functionality for busi builder analyzer.,"busi, builder, analyzer, ai tool, online tool",Busi Builder Analyzer — Use this tool online to busi quickly and easily.,busi-builder-analyzer
Content Writing,Instant Busi Dashboard,Present,Instant Busi Dashboard helps users by providing functionality for instant busi dashboard.,"instant, busi, dashboard, ai tool, online tool",Instant Busi Dashboard — Use this tool online to instant quickly and easily.,instant-busi-dashboard
Design/Creative,Iot/ Toolkit X,Present,Iot/ Toolkit X helps users by providing functionality for iot/ toolkit x.,"iot, toolkit, ai tool, online tool",Iot/ Toolkit X — Use this tool online to iot/ quickly and easily.,iot-toolkit-x
Personal/Lifestyle,Cloud Clim Studio Service,Generative,Cloud Clim Studio Service helps users by providing functionality for cloud clim studio service.,"cloud, clim, studio, service, ai tool, online tool",Cloud Clim Studio Service — Use this tool online to cloud quickly and easily.,cloud-clim-studio-service
IoT/Robotics,NextGen Pers Bot,Future,NextGen Pers Bot helps users by providing cutting-edge functionality for nextgen pers bot.,"nextgen, pers, bot, ai tool, online tool",NextGen Pers Bot — Use this tool online to nextgen quickly and easily.,nextgen-pers-bot
Entertainment/Culture,NextGen Iot/ Editor,Generative,NextGen Iot/ Editor helps users by providing functionality for nextgen iot/ editor.,"nextgen, iot, editor, ai tool, online tool",NextGen Iot/ Editor — Use this tool online to nextgen quickly and easily.,nextgen-iot-editor
HealthTech/BioTech,Deve Bot Analyzer,Present,Deve Bot Analyzer helps users by providing functionality for deve bot analyzer.,"deve, bot, analyzer, ai tool, online tool",Deve Bot Analyzer — Use this tool online to deve quickly and easily.,deve-bot-analyzer
Developers/Coding,AI GeneScie Analyzer Pro,Present,AI GeneScie Analyzer Pro helps users by providing functionality for ai genescie analyzer pro.,"genescie, analyzer, pro, ai tool, online tool",AI GeneScie Analyzer Pro — Use this tool online to ai quickly and easily.,ai-genescie-analyzer-pro
Business/Finance,GeneScie Composer Analyzer,Future,GeneScie Composer Analyzer helps users by providing cutting-edge functionality for genescie composer analyzer.,"genescie, composer, analyzer, ai tool, online tool",GeneScie Composer Analyzer — Use this tool online to genescie quickly and easily.,genescie-composer-analyzer
Technology/Future,Generative Desi Dashboard,Present,Generative Desi Dashboard helps users by providing functionality for generative desi dashboard.,"generative, desi, dashboard, ai tool, online tool",Generative Desi Dashboard — Use this tool online to generative quickly and easily.,generative-desi-dashboard
IoT/Robotics,Educ Finder Studio,Present,Educ Finder Studio helps users by providing functionality for educ finder studio.,"educ, finder, studio, ai tool, online tool",Educ Finder Studio — Use this tool online to educ quickly and easily.,educ-finder-studio
Education/Learning,Smart Gami Planner,Present,Smart Gami Planner helps users by providing functionality for smart gami planner.,"smart, gami, planner, ai tool, online tool",Smart Gami Planner — Use this tool online to smart quickly and easily.,smart-gami-planner
SEO/Digital Marketing,Virtual GeneScie Finder,Present,Virtual GeneScie Finder helps users by providing functionality for virtual genescie finder.,"virtual, genescie, finder, ai tool, online tool",Virtual GeneScie Finder — Use this tool online to virtual quickly and easily.,virtual-genescie-finder
Climate/Environment,Cloud Clim Aligner Service,Future,Cloud Clim Aligner Service helps users by providing cutting-edge functionality for cloud clim aligner service.,"cloud, clim, aligner, service, ai tool, online tool",Cloud Clim Aligner Service — Use this tool online to cloud quickly and easily.,cloud-clim-aligner-service
Video/Audio Tools,Clim Assistant Analyzer,Generative,Clim Assistant Analyzer helps users by providing functionality for clim assistant analyzer.,"clim, assistant, analyzer, ai tool, online tool",Clim Assistant Analyzer — Use this tool online to clim quickly and easily.,clim-assistant-analyzer
IoT/Robotics,Instant Gami Dashboard,Present,Instant Gami Dashboard helps users by providing functionality for instant gami dashboard.,"instant, gami, dashboard, ai tool, online tool",Instant Gami Dashboard — Use this tool online to instant quickly and easily.,instant-gami-dashboard
Design/Creative,Instant Spac Builder,Future,Instant Spac Builder helps users by providing cutting-edge functionality for instant spac builder.,"instant, spac, builder, ai tool, online tool",Instant Spac Builder — Use this tool online to instant quickly and easily.,instant-spac-builder
HealthTech/BioTech,Virtual ContWrit Mapper,Future,Virtual ContWrit Mapper helps users by providing cutting-edge functionality for virtual contwrit mapper.,"virtual, contwrit, mapper, ai tool, online tool",Virtual ContWrit Mapper — Use this tool online to virtual quickly and easily.,virtual-contwrit-mapper
Education/Learning,Cloud Tech Composer Service,Present,Cloud Tech Composer Service helps users by providing functionality for cloud tech composer service.,"cloud, tech, composer, service, ai tool, online tool",Cloud Tech Composer Service — Use this tool online to cloud quickly and easily.,cloud-tech-composer-service
Entertainment/Culture,Instant Heal Tracker,Present,Instant Heal Tracker helps users by providing functionality for instant heal tracker.,"instant, heal, tracker, ai tool, online tool",Instant Heal Tracker — Use this tool online to instant quickly and easily.,instant-heal-tracker
Gaming/ARVR,Instant Seo/Mark Mixer,Present,Instant Seo/Mark Mixer helps users by providing functionality for instant seo/mark mixer.,"instant, seo, mark, mixer, ai tool, online tool",Instant Seo/Mark Mixer — Use this tool online to instant quickly and easily.,instant-seomark-mixer
Personal/Lifestyle,Tech Editor AI,Present,Tech Editor AI helps users by providing functionality for tech editor ai.,"tech, editor, ai tool, online tool",Tech Editor AI — Use this tool online to tech quickly and easily.,tech-editor-ai
Space/Astronomy,Auto Heal Planner Builder,Present,Auto Heal Planner Builder helps users by providing functionality for auto heal planner builder.,"auto, heal, planner, builder, ai tool, online tool",Auto Heal Planner Builder — Use this tool online to auto quickly and easily.,auto-heal-planner-builder
HealthTech/BioTech,Auto Ente Bot Builder,Present,Auto Ente Bot Builder helps users by providing functionality for auto ente bot builder.,"auto, ente, bot, builder, ai tool, online tool",Auto Ente Bot Builder — Use this tool online to auto quickly and easily.,auto-ente-bot-builder
Design/Creative,NextGen Heal Studio,Future,NextGen Heal Studio helps users by providing cutting-edge functionality for nextgen heal studio.,"nextgen, heal, studio, ai tool, online tool",NextGen Heal Studio — Use this tool online to nextgen quickly and easily.,nextgen-heal-studio
HealthTech/BioTech,Smart Deve Detector,Future,Smart Deve Detector helps users by providing cutting-edge functionality for smart deve detector.,"smart, deve, detector, ai tool, online tool",Smart Deve Detector — Use this tool online to smart quickly and easily.,smart-deve-detector
Climate/Environment,Virtual Educ Toolkit,Present,Virtual Educ Toolkit helps users by providing functionality for virtual educ toolkit.,"virtual, educ, toolkit, ai tool, online tool",Virtual Educ Toolkit — Use this tool online to virtual quickly and easily.,virtual-educ-toolkit
Technology/Future,Desi Toolkit Analyzer,Future,Desi Toolkit Analyzer helps users by providing cutting-edge functionality for desi toolkit analyzer.,"desi, toolkit, analyzer, ai tool, online tool",Desi Toolkit Analyzer — Use this tool online to desi quickly and easily.,desi-toolkit-analyzer
Entertainment/Culture,Educ Converter AI,Generative,Educ Converter AI helps users by providing functionality for educ converter ai.,"educ, converter, ai tool, online tool",Educ Converter AI — Use this tool online to educ quickly and easily.,educ-converter-ai
Content Writing,NextGen Pers Planner,Generative,NextGen Pers Planner helps users by providing functionality for nextgen pers planner.,"nextgen, pers, planner, ai tool, online tool",NextGen Pers Planner — Use this tool online to nextgen quickly and easily.,nextgen-pers-planner
HealthTech/BioTech,Desi Optimizer Studio,Generative,Desi Optimizer Studio helps users by providing functionality for desi optimizer studio.,"desi, optimizer, studio, ai tool, online tool",Desi Optimizer Studio — Use this tool online to desi quickly and easily.,desi-optimizer-studio
Video/Audio Tools,Smart Pers Aligner,Present,Smart Pers Aligner helps users by providing functionality for smart pers aligner.,"smart, pers, aligner, ai tool, online tool",Smart Pers Aligner — Use this tool online to smart quickly and easily.,smart-pers-aligner
Content Writing,Generative ContWrit Optimizer,Present,Generative ContWrit Optimizer helps users by providing functionality for generative contwrit optimizer.,"generative, contwrit, optimizer, ai tool, online tool",Generative ContWrit Optimizer — Use this tool online to generative quickly and easily.,generative-contwrit-optimizer
Space/Astronomy,Auto Desi Composer Builder,Future,Auto Desi Composer Builder helps users by providing cutting-edge functionality for auto desi composer builder.,"auto, desi, composer, builder, ai tool, online tool",Auto Desi Composer Builder — Use this tool online to auto quickly and easily.,auto-desi-composer-builder
Design/Creative,Cloud Heal Aligner Service,Generative,Cloud Heal Aligner Service helps users by providing functionality for cloud heal aligner service.,"cloud, heal, aligner, service, ai tool, online tool",Cloud Heal Aligner Service — Use this tool online to cloud quickly and easily.,cloud-heal-aligner-service
Entertainment/Culture,Deve Lab Assistant,Generative,Deve Lab Assistant helps users by providing functionality for deve lab assistant.,"deve, lab, assistant, ai tool, online tool",Deve Lab Assistant — Use this tool online to deve quickly and easily.,deve-lab-assistant
Entertainment/Culture,NextGen Desi Detector,Generative,NextGen Desi Detector helps users by providing functionality for nextgen desi detector.,"nextgen, desi, detector, ai tool, online tool",NextGen Desi Detector — Use this tool online to nextgen quickly and easily.,nextgen-desi-detector
Business/Finance,Tech Composer Assistant,Future,Tech Composer Assistant helps users by providing cutting-edge functionality for tech composer assistant.,"tech, composer, assistant, ai tool, online tool",Tech Composer Assistant — Use this tool online to tech quickly and easily.,tech-composer-assistant
SEO/Digital Marketing,Busi Generator AI,Present,Busi Generator AI helps users by providing functionality for busi generator ai.,"busi, generator, ai tool, online tool",Busi Generator AI — Use this tool online to busi quickly and easily.,busi-generator-ai
Business/Finance,AI Pers Manager Pro,Future,AI Pers Manager Pro helps users by providing cutting-edge functionality for ai pers manager pro.,"pers, manager, pro, ai tool, online tool",AI Pers Manager Pro — Use this tool online to ai quickly and easily.,ai-pers-manager-pro
Technology/Future,Deve Enhancer X,Present,Deve Enhancer X helps users by providing functionality for deve enhancer x.,"deve, enhancer, ai tool, online tool",Deve Enhancer X — Use this tool online to deve quickly and easily.,deve-enhancer-x
Video/Audio Tools,Educ Analyzer 2.0,Future,Educ Analyzer 2.0 helps users by providing cutting-edge functionality for educ analyzer 2.0.,"educ, analyzer, 2.0, ai tool, online tool",Educ Analyzer 2.0 — Use this tool online to educ quickly and easily.,educ-analyzer-20
Video/Audio Tools,Ente Generator X,Present,Ente Generator X helps users by providing functionality for ente generator x.,"ente, generator, ai tool, online tool",Ente Generator X — Use this tool online to ente quickly and easily.,ente-generator-x
Business/Finance,Seo/Mark Manager X,Generative,Seo/Mark Manager X helps users by providing functionality for seo/mark manager x.,"seo, mark, manager, ai tool, online tool",Seo/Mark Manager X — Use this tool online to seo/mark quickly and easily.,seomark-manager-x
Education/Learning,Generative VideTool Builder,Generative,Generative VideTool Builder helps users by providing functionality for generative videtool builder.,"generative, videtool, builder, ai tool, online tool",Generative VideTool Builder — Use this tool online to generative quickly and easily.,generative-videtool-builder
Education/Learning,Iot/ Mapper X,Present,Iot/ Mapper X helps users by providing functionality for iot/ mapper x.,"iot, mapper, ai tool, online tool",Iot/ Mapper X — Use this tool online to iot/ quickly and easily.,iot-mapper-x
Space/Astronomy,NextGen Pers Simulator,Present,NextGen Pers Simulator helps users by providing functionality for nextgen pers simulator.,"nextgen, pers, simulator, ai tool, online tool",NextGen Pers Simulator — Use this tool online to nextgen quickly and easily.,nextgen-pers-simulator
HealthTech/BioTech,Deve Dashboard Analyzer,Generative,Deve Dashboard Analyzer helps users by providing functionality for deve dashboard analyzer.,"deve, dashboard, analyzer, ai tool, online tool",Deve Dashboard Analyzer — Use this tool online to deve quickly and easily.,deve-dashboard-analyzer
Design/Creative,Cloud Gami Dashboard Service,Present,Cloud Gami Dashboard Service helps users by providing functionality for cloud gami dashboard service.,"cloud, gami, dashboard, service, ai tool, online tool",Cloud Gami Dashboard Service — Use this tool online to cloud quickly and easily.,cloud-gami-dashboard-service
HealthTech/BioTech,Pers Planner 2.0,Present,Pers Planner 2.0 helps users by providing functionality for pers planner 2.0.,"pers, planner, 2.0, ai tool, online tool",Pers Planner 2.0 — Use this tool online to pers quickly and easily.,pers-planner-20
SEO/Digital Marketing,Seo/Mark Optimizer Analyzer,Present,Seo/Mark Optimizer Analyzer helps users by providing functionality for seo/mark optimizer analyzer.,"seo, mark, optimizer, analyzer, ai tool, online tool",Seo/Mark Optimizer Analyzer — Use this tool online to seo/mark quickly and easily.,seomark-optimizer-analyzer
Climate/Environment,Busi Enhancer X,Future,Busi Enhancer X helps users by providing cutting-edge functionality for busi enhancer x.,"busi, enhancer, ai tool, online tool",Busi Enhancer X — Use this tool online to busi quickly and easily.,busi-enhancer-x
HealthTech/BioTech,Busi Optimizer X,Present,Busi Optimizer X helps users by providing functionality for busi optimizer x.,"busi, optimizer, ai tool, online tool",Busi Optimizer X — Use this tool online to busi quickly and easily.,busi-optimizer-x
Personal/Lifestyle,Virtual Clim Builder,Future,Virtual Clim Builder helps users by providing cutting-edge functionality for virtual clim builder.,"virtual, clim, builder, ai tool, online tool",Virtual Clim Builder — Use this tool online to virtual quickly and easily.,virtual-clim-builder
Gaming/ARVR,NextGen Ente Synth,Generative,NextGen Ente Synth helps users by providing functionality for nextgen ente synth.,"nextgen, ente, synth, ai tool, online tool",NextGen Ente Synth — Use this tool online to nextgen quickly and easily.,nextgen-ente-synth
Video/Audio Tools,Smart Iot/ Simulator,Generative,Smart Iot/ Simulator helps users by providing functionality for smart iot/ simulator.,"smart, iot, simulator, ai tool, online tool",Smart Iot/ Simulator — Use this tool online to smart quickly and easily.,smart-iot-simulator
IoT/Robotics,Auto Busi Mixer Builder,Present,Auto Busi Mixer Builder helps users by providing functionality for auto busi mixer builder.,"auto, busi, mixer, builder, ai tool, online tool",Auto Busi Mixer Builder — Use this tool online to auto quickly and easily.,auto-busi-mixer-builder
Technology/Future,AI GeneScie Editor Pro,Present,AI GeneScie Editor Pro helps users by providing functionality for ai genescie editor pro.,"genescie, editor, pro, ai tool, online tool",AI GeneScie Editor Pro — Use this tool online to ai quickly and easily.,ai-genescie-editor-pro
Entertainment/Culture,Generative GeneScie Analyzer,Future,Generative GeneScie Analyzer helps users by providing cutting-edge functionality for generative genescie analyzer.,"generative, genescie, analyzer, ai tool, online tool",Generative GeneScie Analyzer — Use this tool online to generative quickly and easily.,generative-genescie-analyzer
HealthTech/BioTech,Iot/ Creator Assistant,Future,Iot/ Creator Assistant helps users by providing cutting-edge functionality for iot/ creator assistant.,"iot, creator, assistant, ai tool, online tool",Iot/ Creator Assistant — Use this tool online to iot/ quickly and easily.,iot-creator-assistant
Business/Finance,Gami Aligner 2.0,Present,Gami Aligner 2.0 helps users by providing functionality for gami aligner 2.0.,"gami, aligner, 2.0, ai tool, online tool",Gami Aligner 2.0 — Use this tool online to gami quickly and easily.,gami-aligner-20
Education/Learning,Smart Heal Dashboard,Generative,Smart Heal Dashboard helps users by providing functionality for smart heal dashboard.,"smart, heal, dashboard, ai tool, online tool",Smart Heal Dashboard — Use this tool online to smart quickly and easily.,smart-heal-dashboard
Business/Finance,Virtual Spac Converter,Future,Virtual Spac Converter helps users by providing cutting-edge functionality for virtual spac converter.,"virtual, spac, converter, ai tool, online tool",Virtual Spac Converter — Use this tool online to virtual quickly and easily.,virtual-spac-converter
SEO/Digital Marketing,Tech Manager X,Present,Tech Manager X helps users by providing functionality for tech manager x.,"tech, manager, ai tool, online tool",Tech Manager X — Use this tool online to tech quickly and easily.,tech-manager-x
HealthTech/BioTech,Deve Simulator AI,Present,Deve Simulator AI helps users by providing functionality for deve simulator ai.,"deve, simulator, ai tool, online tool",Deve Simulator AI — Use this tool online to deve quickly and easily.,deve-simulator-ai
Education/Learning,Tech Editor Assistant,Generative,Tech Editor Assistant helps users by providing functionality for tech editor assistant.,"tech, editor, assistant, ai tool, online tool",Tech Editor Assistant — Use this tool online to tech quickly and easily.,tech-editor-assistant
Design/Creative,NextGen Heal Optimizer,Present,NextGen Heal Optimizer helps users by providing functionality for nextgen heal optimizer.,"nextgen, heal, optimizer, ai tool, online tool",NextGen Heal Optimizer — Use this tool online to nextgen quickly and easily.,nextgen-heal-optimizer
SEO/Digital Marketing,Instant Gami Detector,Present,Instant Gami Detector helps users by providing functionality for instant gami detector.,"instant, gami, detector, ai tool, online tool",Instant Gami Detector — Use this tool online to instant quickly and easily.,instant-gami-detector
Design/Creative,Desi Mixer 2.0,Future,Desi Mixer 2.0 helps users by providing cutting-edge functionality for desi mixer 2.0.,"desi, mixer, 2.0, ai tool, online tool",Desi Mixer 2.0 — Use this tool online to desi quickly and easily.,desi-mixer-20
HealthTech/BioTech,Pers Editor 2.0,Present,Pers Editor 2.0 helps users by providing functionality for pers editor 2.0.,"pers, editor, 2.0, ai tool, online tool",Pers Editor 2.0 — Use this tool online to pers quickly and easily.,pers-editor-20
Technology/Future,Smart Seo/Mark Mapper,Present,Smart Seo/Mark Mapper helps users by providing functionality for smart seo/mark mapper.,"smart, seo, mark, mapper, ai tool, online tool",Smart Seo/Mark Mapper — Use this tool online to smart quickly and easily.,smart-seomark-mapper
Developers/Coding,Spac Creator Analyzer,Present,Spac Creator Analyzer helps users by providing functionality for spac creator analyzer.,"spac, creator, analyzer, ai tool, online tool",Spac Creator Analyzer — Use this tool online to spac quickly and easily.,spac-creator-analyzer
SEO/Digital Marketing,Smart GeneScie Generator,Present,Smart GeneScie Generator helps users by providing functionality for smart genescie generator.,"smart, genescie, generator, ai tool, online tool",Smart GeneScie Generator — Use this tool online to smart quickly and easily.,smart-genescie-generator
Climate/Environment,Smart Gami Enhancer,Generative,Smart Gami Enhancer helps users by providing functionality for smart gami enhancer.,"smart, gami, enhancer, ai tool, online tool",Smart Gami Enhancer — Use this tool online to smart quickly and easily.,smart-gami-enhancer
Education/Learning,VideTool Generator Analyzer,Present,VideTool Generator Analyzer helps users by providing functionality for videtool generator analyzer.,"videtool, generator, analyzer, ai tool, online tool",VideTool Generator Analyzer — Use this tool online to videtool quickly and easily.,videtool-generator-analyzer
Business/Finance,Smart Ente Assistant,Present,Smart Ente Assistant helps users by providing functionality for smart ente assistant.,"smart, ente, assistant, ai tool, online tool",Smart Ente Assistant — Use this tool online to smart quickly and easily.,smart-ente-assistant
IoT/Robotics,Smart ContWrit Lab,Generative,Smart ContWrit Lab helps users by providing functionality for smart contwrit lab.,"smart, contwrit, lab, ai tool, online tool",Smart ContWrit Lab — Use this tool online to smart quickly and easily.,smart-contwrit-lab
Entertainment/Culture,Cloud Pers Aligner Service,Present,Cloud Pers Aligner Service helps users by providing functionality for cloud pers aligner service.,"cloud, pers, aligner, service, ai tool, online tool",Cloud Pers Aligner Service — Use this tool online to cloud quickly and easily.,cloud-pers-aligner-service
Technology/Future,VideTool Lab 2.0,Generative,VideTool Lab 2.0 helps users by providing functionality for videtool lab 2.0.,"videtool, lab, 2.0, ai tool, online tool",VideTool Lab 2.0 — Use this tool online to videtool quickly and easily.,videtool-lab-20
Technology/Future,VideTool Dashboard Assistant,Present,VideTool Dashboard Assistant helps users by providing functionality for videtool dashboard assistant.,"videtool, dashboard, assistant, ai tool, online tool",VideTool Dashboard Assistant — Use this tool online to videtool quickly and easily.,videtool-dashboard-assistant
Personal/Lifestyle,VideTool Generator X,Present,VideTool Generator X helps users by providing functionality for videtool generator x.,"videtool, generator, ai tool, online tool",VideTool Generator X — Use this tool online to videtool quickly and easily.,videtool-generator-x
Gaming/ARVR,Seo/Mark Tracker Studio,Generative,Seo/Mark Tracker Studio helps users by providing functionality for seo/mark tracker studio.,"seo, mark, tracker, studio, ai tool, online tool",Seo/Mark Tracker Studio — Use this tool online to seo/mark quickly and easily.,seomark-tracker-studio
SEO/Digital Marketing,Smart Tech Converter,Future,Smart Tech Converter helps users by providing cutting-edge functionality for smart tech converter.,"smart, tech, converter, ai tool, online tool",Smart Tech Converter — Use this tool online to smart quickly and easily.,smart-tech-converter
Generative Science,Auto Busi Synth Builder,Generative,Auto Busi Synth Builder helps users by providing functionality for auto busi synth builder.,"auto, busi, synth, builder, ai tool, online tool",Auto Busi Synth Builder — Use this tool online to auto quickly and easily.,auto-busi-synth-builder
Developers/Coding,Cloud Tech Bot Service,Present,Cloud Tech Bot Service helps users by providing functionality for cloud tech bot service.,"cloud, tech, bot, service, ai tool, online tool",Cloud Tech Bot Service — Use this tool online to cloud quickly and easily.,cloud-tech-bot-service
Technology/Future,Heal Bot Assistant,Present,Heal Bot Assistant helps users by providing functionality for heal bot assistant.,"heal, bot, assistant, ai tool, online tool",Heal Bot Assistant — Use this tool online to heal quickly and easily.,heal-bot-assistant
Video/Audio Tools,Cloud Ente Mapper Service,Present,Cloud Ente Mapper Service helps users by providing functionality for cloud ente mapper service.,"cloud, ente, mapper, service, ai tool, online tool",Cloud Ente Mapper Service — Use this tool online to cloud quickly and easily.,cloud-ente-mapper-service
Video/Audio Tools,Deve Builder AI,Generative,Deve Builder AI helps users by providing functionality for deve builder ai.,"deve, builder, ai tool, online tool",Deve Builder AI — Use this tool online to deve quickly and easily.,deve-builder-ai
Space/Astronomy,Desi Finder Studio,Generative,Desi Finder Studio helps users by providing functionality for desi finder studio.,"desi, finder, studio, ai tool, online tool",Desi Finder Studio — Use this tool online to desi quickly and easily.,desi-finder-studio
Education/Learning,Pers Simulator X,Generative,Pers Simulator X helps users by providing functionality for pers simulator x.,"pers, simulator, ai tool, online tool",Pers Simulator X — Use this tool online to pers quickly and easily.,pers-simulator-x
Content Writing,AI Gami Dashboard Pro,Generative,AI Gami Dashboard Pro helps users by providing functionality for ai gami dashboard pro.,"gami, dashboard, pro, ai tool, online tool",AI Gami Dashboard Pro — Use this tool online to ai quickly and easily.,ai-gami-dashboard-pro
Video/Audio Tools,NextGen Gami Synth,Present,NextGen Gami Synth helps users by providing functionality for nextgen gami synth.,"nextgen, gami, synth, ai tool, online tool",NextGen Gami Synth — Use this tool online to nextgen quickly and easily.,nextgen-gami-synth
Generative Science,Cloud Seo/Mark Dashboard Service,Present,Cloud Seo/Mark Dashboard Service helps users by providing functionality for cloud seo/mark dashboard service.,"cloud, seo, mark, dashboard, service, ai tool, online tool",Cloud Seo/Mark Dashboard Service — Use this tool online to cloud quickly and easily.,cloud-seomark-dashboard-service
Video/Audio Tools,Generative Desi Converter,Present,Generative Desi Converter helps users by providing functionality for generative desi converter.,"generative, desi, converter, ai tool, online tool",Generative Desi Converter — Use this tool online to generative quickly and easily.,generative-desi-converter
Education/Learning,Iot/ Converter Studio,Generative,Iot/ Converter Studio helps users by providing functionality for iot/ converter studio.,"iot, converter, studio, ai tool, online tool",Iot/ Converter Studio — Use this tool online to iot/ quickly and easily.,iot-converter-studio
IoT/Robotics,Smart Iot/ Composer,Future,Smart Iot/ Composer helps users by providing cutting-edge functionality for smart iot/ composer.,"smart, iot, composer, ai tool, online tool",Smart Iot/ Composer — Use this tool online to smart quickly and easily.,smart-iot-composer
Design/Creative,Seo/Mark Analyzer 2.0,Present,Seo/Mark Analyzer 2.0 helps users by providing functionality for seo/mark analyzer 2.0.,"seo, mark, analyzer, 2.0, ai tool, online tool",Seo/Mark Analyzer 2.0 — Use this tool online to seo/mark quickly and easily.,seomark-analyzer-20
Entertainment/Culture,Ente Enhancer Studio,Present,Ente Enhancer Studio helps users by providing functionality for ente enhancer studio.,"ente, enhancer, studio, ai tool, online tool",Ente Enhancer Studio — Use this tool online to ente quickly and easily.,ente-enhancer-studio
Education/Learning,Virtual Desi Aligner,Future,Virtual Desi Aligner helps users by providing cutting-edge functionality for virtual desi aligner.,"virtual, desi, aligner, ai tool, online tool",Virtual Desi Aligner — Use this tool online to virtual quickly and easily.,virtual-desi-aligner
IoT/Robotics,Desi Mapper Assistant,Present,Desi Mapper Assistant helps users by providing functionality for desi mapper assistant.,"desi, mapper, assistant, ai tool, online tool",Desi Mapper Assistant — Use this tool online to desi quickly and easily.,desi-mapper-assistant
Entertainment/Culture,VideTool Composer 2.0,Future,VideTool Composer 2.0 helps users by providing cutting-edge functionality for videtool composer 2.0.,"videtool, composer, 2.0, ai tool, online tool",VideTool Composer 2.0 — Use this tool online to videtool quickly and easily.,videtool-composer-20
Climate/Environment,Iot/ Tracker Analyzer,Present,Iot/ Tracker Analyzer helps users by providing functionality for iot/ tracker analyzer.,"iot, tracker, analyzer, ai tool, online tool",Iot/ Tracker Analyzer — Use this tool online to iot/ quickly and easily.,iot-tracker-analyzer
SEO/Digital Marketing,VideTool Assistant X,Future,VideTool Assistant X helps users by providing cutting-edge functionality for videtool assistant x.,"videtool, assistant, ai tool, online tool",VideTool Assistant X — Use this tool online to videtool quickly and easily.,videtool-assistant-x
SEO/Digital Marketing,Virtual ContWrit Composer,Generative,Virtual ContWrit Composer helps users by providing functionality for virtual contwrit composer.,"virtual, contwrit, composer, ai tool, online tool",Virtual ContWrit Composer — Use this tool online to virtual quickly and easily.,virtual-contwrit-composer
Personal/Lifestyle,Auto ContWrit Mapper Builder,Present,Auto ContWrit Mapper Builder helps users by providing functionality for auto contwrit mapper builder.,"auto, contwrit, mapper, builder, ai tool, online tool",Auto ContWrit Mapper Builder — Use this tool online to auto quickly and easily.,auto-contwrit-mapper-builder
Design/Creative,AI Heal Optimizer Pro,Future,AI Heal Optimizer Pro helps users by providing cutting-edge functionality for ai heal optimizer pro.,"heal, optimizer, pro, ai tool, online tool",AI Heal Optimizer Pro — Use this tool online to ai quickly and easily.,ai-heal-optimizer-pro
HealthTech/BioTech,NextGen VideTool Composer,Present,NextGen VideTool Composer helps users by providing functionality for nextgen videtool composer.,"nextgen, videtool, composer, ai tool, online tool",NextGen VideTool Composer — Use this tool online to nextgen quickly and easily.,nextgen-videtool-composer
IoT/Robotics,Iot/ Finder Assistant,Generative,Iot/ Finder Assistant helps users by providing functionality for iot/ finder assistant.,"iot, finder, assistant, ai tool, online tool",Iot/ Finder Assistant — Use this tool online to iot/ quickly and easily.,iot-finder-assistant
Content Writing,NextGen ContWrit Synth,Present,NextGen ContWrit Synth helps users by providing functionality for nextgen contwrit synth.,"nextgen, contwrit, synth, ai tool, online tool",NextGen ContWrit Synth — Use this tool online to nextgen quickly and easily.,nextgen-contwrit-synth
Business/Finance,Seo/Mark Toolkit X,Present,Seo/Mark Toolkit X helps users by providing functionality for seo/mark toolkit x.,"seo, mark, toolkit, ai tool, online tool",Seo/Mark Toolkit X — Use this tool online to seo/mark quickly and easily.,seomark-toolkit-x
Education/Learning,Instant Educ Bot,Future,Instant Educ Bot helps users by providing cutting-edge functionality for instant educ bot.,"instant, educ, bot, ai tool, online tool",Instant Educ Bot — Use this tool online to instant quickly and easily.,instant-educ-bot
Climate/Environment,ContWrit Mixer Assistant,Present,ContWrit Mixer Assistant helps users by providing functionality for contwrit mixer assistant.,"contwrit, mixer, assistant, ai tool, online tool",ContWrit Mixer Assistant — Use this tool online to contwrit quickly and easily.,contwrit-mixer-assistant
Generative Science,Cloud Pers Composer Service,Present,Cloud Pers Composer Service helps users by providing functionality for cloud pers composer service.,"cloud, pers, composer, service, ai tool, online tool",Cloud Pers Composer Service — Use this tool online to cloud quickly and easily.,cloud-pers-composer-service
Entertainment/Culture,Pers Manager AI,Generative,Pers Manager AI helps users by providing functionality for pers manager ai.,"pers, manager, ai tool, online tool",Pers Manager AI — Use this tool online to pers quickly and easily.,pers-manager-ai
Developers/Coding,Desi Dashboard Studio,Generative,Desi Dashboard Studio helps users by providing functionality for desi dashboard studio.,"desi, dashboard, studio, ai tool, online tool",Desi Dashboard Studio — Use this tool online to desi quickly and easily.,desi-dashboard-studio
Business/Finance,NextGen ContWrit Builder,Present,NextGen ContWrit Builder helps users by providing functionality for nextgen contwrit builder.,"nextgen, contwrit, builder, ai tool, online tool",NextGen ContWrit Builder — Use this tool online to nextgen quickly and easily.,nextgen-contwrit-builder
Generative Science,Instant Ente Composer,Present,Instant Ente Composer helps users by providing functionality for instant ente composer.,"instant, ente, composer, ai tool, online tool",Instant Ente Composer — Use this tool online to instant quickly and easily.,instant-ente-composer
Video/Audio Tools,Instant Pers Analyzer,Future,Instant Pers Analyzer helps users by providing cutting-edge functionality for instant pers analyzer.,"instant, pers, analyzer, ai tool, online tool",Instant Pers Analyzer — Use this tool online to instant quickly and easily.,instant-pers-analyzer
Generative Science,Cloud Seo/Mark Creator Service,Present,Cloud Seo/Mark Creator Service helps users by providing functionality for cloud seo/mark creator service.,"cloud, seo, mark, creator, service, ai tool, online tool",Cloud Seo/Mark Creator Service — Use this tool online to cloud quickly and easily.,cloud-seomark-creator-service
Personal/Lifestyle,AI Tech Builder Pro,Future,AI Tech Builder Pro helps users by providing cutting-edge functionality for ai tech builder pro.,"tech, builder, pro, ai tool, online tool",AI Tech Builder Pro — Use this tool online to ai quickly and easily.,ai-tech-builder-pro
Climate/Environment,NextGen Iot/ Builder,Generative,NextGen Iot/ Builder helps users by providing functionality for nextgen iot/ builder.,"nextgen, iot, builder, ai tool, online tool",NextGen Iot/ Builder — Use this tool online to nextgen quickly and easily.,nextgen-iot-builder
Design/Creative,Iot/ Tracker AI,Present,Iot/ Tracker AI helps users by providing functionality for iot/ tracker ai.,"iot, tracker, ai tool, online tool",Iot/ Tracker AI — Use this tool online to iot/ quickly and easily.,iot-tracker-ai
Entertainment/Culture,Generative GeneScie Finder,Present,Generative GeneScie Finder helps users by providing functionality for generative genescie finder.,"generative, genescie, finder, ai tool, online tool",Generative GeneScie Finder — Use this tool online to generative quickly and easily.,generative-genescie-finder
Gaming/ARVR,Iot/ Finder X,Present,Iot/ Finder X helps users by providing functionality for iot/ finder x.,"iot, finder, ai tool, online tool",Iot/ Finder X — Use this tool online to iot/ quickly and easily.,iot-finder-x
Content Writing,Instant Clim Mapper,Present,Instant Clim Mapper helps users by providing functionality for instant clim mapper.,"instant, clim, mapper, ai tool, online tool",Instant Clim Mapper — Use this tool online to instant quickly and easily.,instant-clim-mapper
Entertainment/Culture,Desi Generator 2.0,Future,Desi Generator 2.0 helps users by providing cutting-edge functionality for desi generator 2.0.,"desi, generator, 2.0, ai tool, online tool",Desi Generator 2.0 — Use this tool online to desi quickly and easily.,desi-generator-20
Entertainment/Culture,Desi Assistant Studio,Present,Desi Assistant Studio helps users by providing functionality for desi assistant studio.,"desi, assistant, studio, ai tool, online tool",Desi Assistant Studio — Use this tool online to desi quickly and easily.,desi-assistant-studio
Content Writing,Auto Tech Editor Builder,Generative,Auto Tech Editor Builder helps users by providing functionality for auto tech editor builder.,"auto, tech, editor, builder, ai tool, online tool",Auto Tech Editor Builder — Use this tool online to auto quickly and easily.,auto-tech-editor-builder
Gaming/ARVR,Clim Mixer X,Present,Clim Mixer X helps users by providing functionality for clim mixer x.,"clim, mixer, ai tool, online tool",Clim Mixer X — Use this tool online to clim quickly and easily.,clim-mixer-x
Generative Science,Deve Bot Studio,Present,Deve Bot Studio helps users by providing functionality for deve bot studio.,"deve, bot, studio, ai tool, online tool",Deve Bot Studio — Use this tool online to deve quickly and easily.,deve-bot-studio
SEO/Digital Marketing,Spac Dashboard Analyzer,Future,Spac Dashboard Analyzer helps users by providing cutting-edge functionality for spac dashboard analyzer.,"spac, dashboard, analyzer, ai tool, online tool",Spac Dashboard Analyzer — Use this tool online to spac quickly and easily.,spac-dashboard-analyzer
Design/Creative,Educ Composer Assistant,Future,Educ Composer Assistant helps users by providing cutting-edge functionality for educ composer assistant.,"educ, composer, assistant, ai tool, online tool",Educ Composer Assistant — Use this tool online to educ quickly and easily.,educ-composer-assistant
Video/Audio Tools,GeneScie Studio X,Present,GeneScie Studio X helps users by providing functionality for genescie studio x.,"genescie, studio, ai tool, online tool",GeneScie Studio X — Use this tool online to genescie quickly and easily.,genescie-studio-x
Video/Audio Tools,Clim Mapper 2.0,Future,Clim Mapper 2.0 helps users by providing cutting-edge functionality for clim mapper 2.0.,"clim, mapper, 2.0, ai tool, online tool",Clim Mapper 2.0 — Use this tool online to clim quickly and easily.,clim-mapper-20
HealthTech/BioTech,Instant Ente Manager,Future,Instant Ente Manager helps users by providing cutting-edge functionality for instant ente manager.,"instant, ente, manager, ai tool, online tool",Instant Ente Manager — Use this tool online to instant quickly and easily.,instant-ente-manager
Generative Science,Gami Composer X,Future,Gami Composer X helps users by providing cutting-edge functionality for gami composer x.,"gami, composer, ai tool, online tool",Gami Composer X — Use this tool online to gami quickly and easily.,gami-composer-x
Content Writing,NextGen Pers Builder,Future,NextGen Pers Builder helps users by providing cutting-edge functionality for nextgen pers builder.,"nextgen, pers, builder, ai tool, online tool",NextGen Pers Builder — Use this tool online to nextgen quickly and easily.,nextgen-pers-builder
Entertainment/Culture,Instant Gami Creator,Generative,Instant Gami Creator helps users by providing functionality for instant gami creator.,"instant, gami, creator, ai tool, online tool",Instant Gami Creator — Use this tool online to instant quickly and easily.,instant-gami-creator
Generative Science,Pers Builder AI,Present,Pers Builder AI helps users by providing functionality for pers builder ai.,"pers, builder, ai tool, online tool",Pers Builder AI — Use this tool online to pers quickly and easily.,pers-builder-ai
Personal/Lifestyle,GeneScie Aligner X,Present,GeneScie Aligner X helps users by providing functionality for genescie aligner x.,"genescie, aligner, ai tool, online tool",GeneScie Aligner X — Use this tool online to genescie quickly and easily.,genescie-aligner-x
HealthTech/BioTech,NextGen Tech Mapper,Generative,NextGen Tech Mapper helps users by providing functionality for nextgen tech mapper.,"nextgen, tech, mapper, ai tool, online tool",NextGen Tech Mapper — Use this tool online to nextgen quickly and easily.,nextgen-tech-mapper
Business/Finance,AI Seo/Mark Generator Pro,Present,AI Seo/Mark Generator Pro helps users by providing functionality for ai seo/mark generator pro.,"seo, mark, generator, pro, ai tool, online tool",AI Seo/Mark Generator Pro — Use this tool online to ai quickly and easily.,ai-seomark-generator-pro
IoT/Robotics,GeneScie Optimizer AI,Present,GeneScie Optimizer AI helps users by providing functionality for genescie optimizer ai.,"genescie, optimizer, ai tool, online tool",GeneScie Optimizer AI — Use this tool online to genescie quickly and easily.,genescie-optimizer-ai
Technology/Future,Generative Gami Converter,Present,Generative Gami Converter helps users by providing functionality for generative gami converter.,"generative, gami, converter, ai tool, online tool",Generative Gami Converter — Use this tool online to generative quickly and easily.,generative-gami-converter
Generative Science,Generative Pers Lab,Future,Generative Pers Lab helps users by providing cutting-edge functionality for generative pers lab.,"generative, pers, lab, ai tool, online tool",Generative Pers Lab — Use this tool online to generative quickly and easily.,generative-pers-lab
IoT/Robotics,Tech Studio Studio,Present,Tech Studio Studio helps users by providing functionality for tech studio studio.,"tech, studio, studio, ai tool, online tool",Tech Studio Studio — Use this tool online to tech quickly and easily.,tech-studio-studio
Design/Creative,Instant Iot/ Assistant,Generative,Instant Iot/ Assistant helps users by providing functionality for instant iot/ assistant.,"instant, iot, assistant, ai tool, online tool",Instant Iot/ Assistant — Use this tool online to instant quickly and easily.,instant-iot-assistant
Developers/Coding,Instant Gami Mapper,Future,Instant Gami Mapper helps users by providing cutting-edge functionality for instant gami mapper.,"instant, gami, mapper, ai tool, online tool",Instant Gami Mapper — Use this tool online to instant quickly and easily.,instant-gami-mapper
Content Writing,VideTool Generator 2.0,Generative,VideTool Generator 2.0 helps users by providing functionality for videtool generator 2.0.,"videtool, generator, 2.0, ai tool, online tool",VideTool Generator 2.0 — Use this tool online to videtool quickly and easily.,videtool-generator-20
Business/Finance,Virtual Clim Converter,Generative,Virtual Clim Converter helps users by providing functionality for virtual clim converter.,"virtual, clim, converter, ai tool, online tool",Virtual Clim Converter — Use this tool online to virtual quickly and easily.,virtual-clim-converter
Developers/Coding,Desi Simulator AI,Present,Desi Simulator AI helps users by providing functionality for desi simulator ai.,"desi, simulator, ai tool, online tool",Desi Simulator AI — Use this tool online to desi quickly and easily.,desi-simulator-ai
Gaming/ARVR,Spac Aligner Assistant,Present,Spac Aligner Assistant helps users by providing functionality for spac aligner assistant.,"spac, aligner, assistant, ai tool, online tool",Spac Aligner Assistant — Use this tool online to spac quickly and easily.,spac-aligner-assistant
Personal/Lifestyle,Spac Mapper AI,Present,Spac Mapper AI helps users by providing functionality for spac mapper ai.,"spac, mapper, ai tool, online tool",Spac Mapper AI — Use this tool online to spac quickly and easily.,spac-mapper-ai
Generative Science,Auto Tech Lab Builder,Future,Auto Tech Lab Builder helps users by providing cutting-edge functionality for auto tech lab builder.,"auto, tech, lab, builder, ai tool, online tool",Auto Tech Lab Builder — Use this tool online to auto quickly and easily.,auto-tech-lab-builder
HealthTech/BioTech,Cloud Seo/Mark Toolkit Service,Future,Cloud Seo/Mark Toolkit Service helps users by providing cutting-edge functionality for cloud seo/mark toolkit service.,"cloud, seo, mark, toolkit, service, ai tool, online tool",Cloud Seo/Mark Toolkit Service — Use this tool online to cloud quickly and easily.,cloud-seomark-toolkit-service
Technology/Future,Tech Builder AI,Present,Tech Builder AI helps users by providing functionality for tech builder ai.,"tech, builder, ai tool, online tool",Tech Builder AI — Use this tool online to tech quickly and easily.,tech-builder-ai
Space/Astronomy,Busi Toolkit X,Future,Busi Toolkit X helps users by providing cutting-edge functionality for busi toolkit x.,"busi, toolkit, ai tool, online tool",Busi Toolkit X — Use this tool online to busi quickly and easily.,busi-toolkit-x
Climate/Environment,Heal Composer 2.0,Generative,Heal Composer 2.0 helps users by providing functionality for heal composer 2.0.,"heal, composer, 2.0, ai tool, online tool",Heal Composer 2.0 — Use this tool online to heal quickly and easily.,heal-composer-20
Entertainment/Culture,GeneScie Mapper Assistant,Generative,GeneScie Mapper Assistant helps users by providing functionality for genescie mapper assistant.,"genescie, mapper, assistant, ai tool, online tool",GeneScie Mapper Assistant — Use this tool online to genescie quickly and easily.,genescie-mapper-assistant
IoT/Robotics,Iot/ Optimizer AI,Generative,Iot/ Optimizer AI helps users by providing functionality for iot/ optimizer ai.,"iot, optimizer, ai tool, online tool",Iot/ Optimizer AI — Use this tool online to iot/ quickly and easily.,iot-optimizer-ai
IoT/Robotics,Auto Clim Editor Builder,Future,Auto Clim Editor Builder helps users by providing cutting-edge functionality for auto clim editor builder.,"auto, clim, editor, builder, ai tool, online tool",Auto Clim Editor Builder — Use this tool online to auto quickly and easily.,auto-clim-editor-builder
Video/Audio Tools,Clim Dashboard Studio,Present,Clim Dashboard Studio helps users by providing functionality for clim dashboard studio.,"clim, dashboard, studio, ai tool, online tool",Clim Dashboard Studio — Use this tool online to clim quickly and easily.,clim-dashboard-studio
Content Writing,ContWrit Analyzer X,Present,ContWrit Analyzer X helps users by providing functionality for contwrit analyzer x.,"contwrit, analyzer, ai tool, online tool",ContWrit Analyzer X — Use this tool online to contwrit quickly and easily.,contwrit-analyzer-x
Education/Learning,Auto Desi Builder Builder,Present,Auto Desi Builder Builder helps users by providing functionality for auto desi builder builder.,"auto, desi, builder, builder, ai tool, online tool",Auto Desi Builder Builder — Use this tool online to auto quickly and easily.,auto-desi-builder-builder
HealthTech/BioTech,ContWrit Creator AI,Present,ContWrit Creator AI helps users by providing functionality for contwrit creator ai.,"contwrit, creator, ai tool, online tool",ContWrit Creator AI — Use this tool online to contwrit quickly and easily.,contwrit-creator-ai
Generative Science,NextGen Pers Analyzer,Present,NextGen Pers Analyzer helps users by providing functionality for nextgen pers analyzer.,"nextgen, pers, analyzer, ai tool, online tool",NextGen Pers Analyzer — Use this tool online to nextgen quickly and easily.,nextgen-pers-analyzer
Personal/Lifestyle,NextGen Spac Analyzer,Generative,NextGen Spac Analyzer helps users by providing functionality for nextgen spac analyzer.,"nextgen, spac, analyzer, ai tool, online tool",NextGen Spac Analyzer — Use this tool online to nextgen quickly and easily.,nextgen-spac-analyzer
HealthTech/BioTech,Deve Studio 2.0,Generative,Deve Studio 2.0 helps users by providing functionality for deve studio 2.0.,"deve, studio, 2.0, ai tool, online tool",Deve Studio 2.0 — Use this tool online to deve quickly and easily.,deve-studio-20
Climate/Environment,Cloud Pers Bot Service,Future,Cloud Pers Bot Service helps users by providing cutting-edge functionality for cloud pers bot service.,"cloud, pers, bot, service, ai tool, online tool",Cloud Pers Bot Service — Use this tool online to cloud quickly and easily.,cloud-pers-bot-service
Education/Learning,AI ContWrit Analyzer Pro,Present,AI ContWrit Analyzer Pro helps users by providing functionality for ai contwrit analyzer pro.,"contwrit, analyzer, pro, ai tool, online tool",AI ContWrit Analyzer Pro — Use this tool online to ai quickly and easily.,ai-contwrit-analyzer-pro
Generative Science,NextGen Ente Planner,Future,NextGen Ente Planner helps users by providing cutting-edge functionality for nextgen ente planner.,"nextgen, ente, planner, ai tool, online tool",NextGen Ente Planner — Use this tool online to nextgen quickly and easily.,nextgen-ente-planner
Space/Astronomy,Gami Detector AI,Generative,Gami Detector AI helps users by providing functionality for gami detector ai.,"gami, detector, ai tool, online tool",Gami Detector AI — Use this tool online to gami quickly and easily.,gami-detector-ai
Technology/Future,Clim Lab AI,Generative,Clim Lab AI helps users by providing functionality for clim lab ai.,"clim, lab, ai tool, online tool",Clim Lab AI — Use this tool online to clim quickly and easily.,clim-lab-ai
SEO/Digital Marketing,Smart Educ Mixer,Present,Smart Educ Mixer helps users by providing functionality for smart educ mixer.,"smart, educ, mixer, ai tool, online tool",Smart Educ Mixer — Use this tool online to smart quickly and easily.,smart-educ-mixer
Gaming/ARVR,Clim Optimizer Studio,Present,Clim Optimizer Studio helps users by providing functionality for clim optimizer studio.,"clim, optimizer, studio, ai tool, online tool",Clim Optimizer Studio — Use this tool online to clim quickly and easily.,clim-optimizer-studio
Education/Learning,Busi Detector 2.0,Present,Busi Detector 2.0 helps users by providing functionality for busi detector 2.0.,"busi, detector, 2.0, ai tool, online tool",Busi Detector 2.0 — Use this tool online to busi quickly and easily.,busi-detector-20
Education/Learning,NextGen Spac Editor,Present,NextGen Spac Editor helps users by providing functionality for nextgen spac editor.,"nextgen, spac, editor, ai tool, online tool",NextGen Spac Editor — Use this tool online to nextgen quickly and easily.,nextgen-spac-editor
Developers/Coding,Heal Builder AI,Present,Heal Builder AI helps users by providing functionality for heal builder ai.,"heal, builder, ai tool, online tool",Heal Builder AI — Use this tool online to heal quickly and easily.,heal-builder-ai
Content Writing,Instant Tech Planner,Generative,Instant Tech Planner helps users by providing functionality for instant tech planner.,"instant, tech, planner, ai tool, online tool",Instant Tech Planner — Use this tool online to instant quickly and easily.,instant-tech-planner
HealthTech/BioTech,Instant Gami Finder,Present,Instant Gami Finder helps users by providing functionality for instant gami finder.,"instant, gami, finder, ai tool, online tool",Instant Gami Finder — Use this tool online to instant quickly and easily.,instant-gami-finder
Space/Astronomy,Spac Dashboard 2.0,Present,Spac Dashboard 2.0 helps users by providing functionality for spac dashboard 2.0.,"spac, dashboard, 2.0, ai tool, online tool",Spac Dashboard 2.0 — Use this tool online to spac quickly and easily.,spac-dashboard-20
Personal/Lifestyle,Iot/ Aligner Assistant,Future,Iot/ Aligner Assistant helps users by providing cutting-edge functionality for iot/ aligner assistant.,"iot, aligner, assistant, ai tool, online tool",Iot/ Aligner Assistant — Use this tool online to iot/ quickly and easily.,iot-aligner-assistant
Business/Finance,Clim Assistant Studio,Present,Clim Assistant Studio helps users by providing functionality for clim assistant studio.,"clim, assistant, studio, ai tool, online tool",Clim Assistant Studio — Use this tool online to clim quickly and easily.,clim-assistant-studio
SEO/Digital Marketing,Cloud Clim Tracker Service,Present,Cloud Clim Tracker Service helps users by providing functionality for cloud clim tracker service.,"cloud, clim, tracker, service, ai tool, online tool",Cloud Clim Tracker Service — Use this tool online to cloud quickly and easily.,cloud-clim-tracker-service
Climate/Environment,Deve Creator X,Present,Deve Creator X helps users by providing functionality for deve creator x.,"deve, creator, ai tool, online tool",Deve Creator X — Use this tool online to deve quickly and easily.,deve-creator-x
Entertainment/Culture,Generative Busi Composer,Future,Generative Busi Composer helps users by providing cutting-edge functionality for generative busi composer.,"generative, busi, composer, ai tool, online tool",Generative Busi Composer — Use this tool online to generative quickly and easily.,generative-busi-composer
Space/Astronomy,VideTool Builder Studio,Present,VideTool Builder Studio helps users by providing functionality for videtool builder studio.,"videtool, builder, studio, ai tool, online tool",VideTool Builder Studio — Use this tool online to videtool quickly and easily.,videtool-builder-studio
Personal/Lifestyle,Instant Gami Bot,Future,Instant Gami Bot helps users by providing cutting-edge functionality for instant gami bot.,"instant, gami, bot, ai tool, online tool",Instant Gami Bot — Use this tool online to instant quickly and easily.,instant-gami-bot
Gaming/ARVR,Iot/ Enhancer Assistant,Future,Iot/ Enhancer Assistant helps users by providing cutting-edge functionality for iot/ enhancer assistant.,"iot, enhancer, assistant, ai tool, online tool",Iot/ Enhancer Assistant — Use this tool online to iot/ quickly and easily.,iot-enhancer-assistant
Education/Learning,Cloud Seo/Mark Assistant Service,Generative,Cloud Seo/Mark Assistant Service helps users by providing functionality for cloud seo/mark assistant service.,"cloud, seo, mark, assistant, service, ai tool, online tool",Cloud Seo/Mark Assistant Service — Use this tool online to cloud quickly and easily.,cloud-seomark-assistant-service
Space/Astronomy,AI Busi Tracker Pro,Generative,AI Busi Tracker Pro helps users by providing functionality for ai busi tracker pro.,"busi, tracker, pro, ai tool, online tool",AI Busi Tracker Pro — Use this tool online to ai quickly and easily.,ai-busi-tracker-pro
Entertainment/Culture,Clim Converter Analyzer,Present,Clim Converter Analyzer helps users by providing functionality for clim converter analyzer.,"clim, converter, analyzer, ai tool, online tool",Clim Converter Analyzer — Use this tool online to clim quickly and easily.,clim-converter-analyzer
SEO/Digital Marketing,Tech Finder 2.0,Future,Tech Finder 2.0 helps users by providing cutting-edge functionality for tech finder 2.0.,"tech, finder, 2.0, ai tool, online tool",Tech Finder 2.0 — Use this tool online to tech quickly and easily.,tech-finder-20
Video/Audio Tools,Virtual Desi Dashboard,Generative,Virtual Desi Dashboard helps users by providing functionality for virtual desi dashboard.,"virtual, desi, dashboard, ai tool, online tool",Virtual Desi Dashboard — Use this tool online to virtual quickly and easily.,virtual-desi-dashboard
Technology/Future,Virtual Gami Simulator,Future,Virtual Gami Simulator helps users by providing cutting-edge functionality for virtual gami simulator.,"virtual, gami, simulator, ai tool, online tool",Virtual Gami Simulator — Use this tool online to virtual quickly and easily.,virtual-gami-simulator
Design/Creative,NextGen Educ Planner,Present,NextGen Educ Planner helps users by providing functionality for nextgen educ planner.,"nextgen, educ, planner, ai tool, online tool",NextGen Educ Planner — Use this tool online to nextgen quickly and easily.,nextgen-educ-planner
IoT/Robotics,Iot/ Mixer AI,Generative,Iot/ Mixer AI helps users by providing functionality for iot/ mixer ai.,"iot, mixer, ai tool, online tool",Iot/ Mixer AI — Use this tool online to iot/ quickly and easily.,iot-mixer-ai
Developers/Coding,ContWrit Simulator AI,Present,ContWrit Simulator AI helps users by providing functionality for contwrit simulator ai.,"contwrit, simulator, ai tool, online tool",ContWrit Simulator AI — Use this tool online to contwrit quickly and easily.,contwrit-simulator-ai
Business/Finance,AI ContWrit Enhancer Pro,Generative,AI ContWrit Enhancer Pro helps users by providing functionality for ai contwrit enhancer pro.,"contwrit, enhancer, pro, ai tool, online tool",AI ContWrit Enhancer Pro — Use this tool online to ai quickly and easily.,ai-contwrit-enhancer-pro
Personal/Lifestyle,Clim Mapper Studio,Future,Clim Mapper Studio helps users by providing cutting-edge functionality for clim mapper studio.,"clim, mapper, studio, ai tool, online tool",Clim Mapper Studio — Use this tool online to clim quickly and easily.,clim-mapper-studio
Generative Science,Cloud Educ Converter Service,Generative,Cloud Educ Converter Service helps users by providing functionality for cloud educ converter service.,"cloud, educ, converter, service, ai tool, online tool",Cloud Educ Converter Service — Use this tool online to cloud quickly and easily.,cloud-educ-converter-service
Video/Audio Tools,Educ Editor Assistant,Present,Educ Editor Assistant helps users by providing functionality for educ editor assistant.,"educ, editor, assistant, ai tool, online tool",Educ Editor Assistant — Use this tool online to educ quickly and easily.,educ-editor-assistant
Video/Audio Tools,Seo/Mark Finder 2.0,Generative,Seo/Mark Finder 2.0 helps users by providing functionality for seo/mark finder 2.0.,"seo, mark, finder, 2.0, ai tool, online tool",Seo/Mark Finder 2.0 — Use this tool online to seo/mark quickly and easily.,seomark-finder-20
Content Writing,Gami Builder Studio,Generative,Gami Builder Studio helps users by providing functionality for gami builder studio.,"gami, builder, studio, ai tool, online tool",Gami Builder Studio — Use this tool online to gami quickly and easily.,gami-builder-studio
Design/Creative,ContWrit Enhancer Assistant,Present,ContWrit Enhancer Assistant helps users by providing functionality for contwrit enhancer assistant.,"contwrit, enhancer, assistant, ai tool, online tool",ContWrit Enhancer Assistant — Use this tool online to contwrit quickly and easily.,contwrit-enhancer-assistant
SEO/Digital Marketing,Auto Iot/ Editor Builder,Present,Auto Iot/ Editor Builder helps users by providing functionality for auto iot/ editor builder.,"auto, iot, editor, builder, ai tool, online tool",Auto Iot/ Editor Builder — Use this tool online to auto quickly and easily.,auto-iot-editor-builder
Gaming/ARVR,Cloud Educ Bot Service,Future,Cloud Educ Bot Service helps users by providing cutting-edge functionality for cloud educ bot service.,"cloud, educ, bot, service, ai tool, online tool",Cloud Educ Bot Service — Use this tool online to cloud quickly and easily.,cloud-educ-bot-service
Business/Finance,VideTool Manager Analyzer,Generative,VideTool Manager Analyzer helps users by providing functionality for videtool manager analyzer.,"videtool, manager, analyzer, ai tool, online tool",VideTool Manager Analyzer — Use this tool online to videtool quickly and easily.,videtool-manager-analyzer
Gaming/ARVR,Seo/Mark Studio AI,Generative,Seo/Mark Studio AI helps users by providing functionality for seo/mark studio ai.,"seo, mark, studio, ai tool, online tool",Seo/Mark Studio AI — Use this tool online to seo/mark quickly and easily.,seomark-studio-ai
Developers/Coding,Auto Clim Lab Builder,Present,Auto Clim Lab Builder helps users by providing functionality for auto clim lab builder.,"auto, clim, lab, builder, ai tool, online tool",Auto Clim Lab Builder — Use this tool online to auto quickly and easily.,auto-clim-lab-builder
Developers/Coding,AI Pers Planner Pro,Present,AI Pers Planner Pro helps users by providing functionality for ai pers planner pro.,"pers, planner, pro, ai tool, online tool",AI Pers Planner Pro — Use this tool online to ai quickly and easily.,ai-pers-planner-pro
Gaming/ARVR,Instant VideTool Generator,Generative,Instant VideTool Generator helps users by providing functionality for instant videtool generator.,"instant, videtool, generator, ai tool, online tool",Instant VideTool Generator — Use this tool online to instant quickly and easily.,instant-videtool-generator
Technology/Future,Auto ContWrit Studio Builder,Generative,Auto ContWrit Studio Builder helps users by providing functionality for auto contwrit studio builder.,"auto, contwrit, studio, builder, ai tool, online tool",Auto ContWrit Studio Builder — Use this tool online to auto quickly and easily.,auto-contwrit-studio-builder
Technology/Future,GeneScie Dashboard Assistant,Present,GeneScie Dashboard Assistant helps users by providing functionality for genescie dashboard assistant.,"genescie, dashboard, assistant, ai tool, online tool",GeneScie Dashboard Assistant — Use this tool online to genescie quickly and easily.,genescie-dashboard-assistant
Developers/Coding,NextGen Gami Toolkit,Present,NextGen Gami Toolkit helps users by providing functionality for nextgen gami toolkit.,"nextgen, gami, toolkit, ai tool, online tool",NextGen Gami Toolkit — Use this tool online to nextgen quickly and easily.,nextgen-gami-toolkit
Design/Creative,Generative Deve Mapper,Present,Generative Deve Mapper helps users by providing functionality for generative deve mapper.,"generative, deve, mapper, ai tool, online tool",Generative Deve Mapper — Use this tool online to generative quickly and easily.,generative-deve-mapper
Content Writing,Instant Ente Lab,Future,Instant Ente Lab helps users by providing cutting-edge functionality for instant ente lab.,"instant, ente, lab, ai tool, online tool",Instant Ente Lab — Use this tool online to instant quickly and easily.,instant-ente-lab
SEO/Digital Marketing,Gami Toolkit 2.0,Present,Gami Toolkit 2.0 helps users by providing functionality for gami toolkit 2.0.,"gami, toolkit, 2.0, ai tool, online tool",Gami Toolkit 2.0 — Use this tool online to gami quickly and easily.,gami-toolkit-20
Design/Creative,Auto ContWrit Finder Builder,Present,Auto ContWrit Finder Builder helps users by providing functionality for auto contwrit finder builder.,"auto, contwrit, finder, builder, ai tool, online tool",Auto ContWrit Finder Builder — Use this tool online to auto quickly and easily.,auto-contwrit-finder-builder
Climate/Environment,Spac Enhancer Analyzer,Present,Spac Enhancer Analyzer helps users by providing functionality for spac enhancer analyzer.,"spac, enhancer, analyzer, ai tool, online tool",Spac Enhancer Analyzer — Use this tool online to spac quickly and easily.,spac-enhancer-analyzer
Personal/Lifestyle,Iot/ Creator X,Present,Iot/ Creator X helps users by providing functionality for iot/ creator x.,"iot, creator, ai tool, online tool",Iot/ Creator X — Use this tool online to iot/ quickly and easily.,iot-creator-x
Technology/Future,Gami Creator Studio,Present,Gami Creator Studio helps users by providing functionality for gami creator studio.,"gami, creator, studio, ai tool, online tool",Gami Creator Studio — Use this tool online to gami quickly and easily.,gami-creator-studio
HealthTech/BioTech,Educ Synth Assistant,Generative,Educ Synth Assistant helps users by providing functionality for educ synth assistant.,"educ, synth, assistant, ai tool, online tool",Educ Synth Assistant — Use this tool online to educ quickly and easily.,educ-synth-assistant
Space/Astronomy,Instant Desi Converter,Future,Instant Desi Converter helps users by providing cutting-edge functionality for instant desi converter.,"instant, desi, converter, ai tool, online tool",Instant Desi Converter — Use this tool online to instant quickly and easily.,instant-desi-converter
Personal/Lifestyle,VideTool Generator Assistant,Generative,VideTool Generator Assistant helps users by providing functionality for videtool generator assistant.,"videtool, generator, assistant, ai tool, online tool",VideTool Generator Assistant — Use this tool online to videtool quickly and easily.,videtool-generator-assistant
IoT/Robotics,GeneScie Converter AI,Present,GeneScie Converter AI helps users by providing functionality for genescie converter ai.,"genescie, converter, ai tool, online tool",GeneScie Converter AI — Use this tool online to genescie quickly and easily.,genescie-converter-ai
Climate/Environment,Smart Pers Generator,Future,Smart Pers Generator helps users by providing cutting-edge functionality for smart pers generator.,"smart, pers, generator, ai tool, online tool",Smart Pers Generator — Use this tool online to smart quickly and easily.,smart-pers-generator
Space/Astronomy,Heal Generator Analyzer,Generative,Heal Generator Analyzer helps users by providing functionality for heal generator analyzer.,"heal, generator, analyzer, ai tool, online tool",Heal Generator Analyzer — Use this tool online to heal quickly and easily.,heal-generator-analyzer
Design/Creative,Heal Manager 2.0,Present,Heal Manager 2.0 helps users by providing functionality for heal manager 2.0.,"heal, manager, 2.0, ai tool, online tool",Heal Manager 2.0 — Use this tool online to heal quickly and easily.,heal-manager-20
Education/Learning,Spac Aligner Studio,Future,Spac Aligner Studio helps users by providing cutting-edge functionality for spac aligner studio.,"spac, aligner, studio, ai tool, online tool",Spac Aligner Studio — Use this tool online to spac quickly and easily.,spac-aligner-studio
Technology/Future,Seo/Mark Lab 2.0,Present,Seo/Mark Lab 2.0 helps users by providing functionality for seo/mark lab 2.0.,"seo, mark, lab, 2.0, ai tool, online tool",Seo/Mark Lab 2.0 — Use this tool online to seo/mark quickly and easily.,seomark-lab-20
SEO/Digital Marketing,Gami Finder Studio,Future,Gami Finder Studio helps users by providing cutting-edge functionality for gami finder studio.,"gami, finder, studio, ai tool, online tool",Gami Finder Studio — Use this tool online to gami quickly and easily.,gami-finder-studio
Video/Audio Tools,Heal Mapper X,Future,Heal Mapper X helps users by providing cutting-edge functionality for heal mapper x.,"heal, mapper, ai tool, online tool",Heal Mapper X — Use this tool online to heal quickly and easily.,heal-mapper-x
Technology/Future,Cloud Spac Simulator Service,Future,Cloud Spac Simulator Service helps users by providing cutting-edge functionality for cloud spac simulator service.,"cloud, spac, simulator, service, ai tool, online tool",Cloud Spac Simulator Service — Use this tool online to cloud quickly and easily.,cloud-spac-simulator-service
Entertainment/Culture,Auto Clim Synth Builder,Generative,Auto Clim Synth Builder helps users by providing functionality for auto clim synth builder.,"auto, clim, synth, builder, ai tool, online tool",Auto Clim Synth Builder — Use this tool online to auto quickly and easily.,auto-clim-synth-builder
Gaming/ARVR,Seo/Mark Aligner Assistant,Present,Seo/Mark Aligner Assistant helps users by providing functionality for seo/mark aligner assistant.,"seo, mark, aligner, assistant, ai tool, online tool",Seo/Mark Aligner Assistant — Use this tool online to seo/mark quickly and easily.,seomark-aligner-assistant
HealthTech/BioTech,Instant Ente Creator,Present,Instant Ente Creator helps users by providing functionality for instant ente creator.,"instant, ente, creator, ai tool, online tool",Instant Ente Creator — Use this tool online to instant quickly and easily.,instant-ente-creator
SEO/Digital Marketing,Heal Synth 2.0,Present,Heal Synth 2.0 helps users by providing functionality for heal synth 2.0.,"heal, synth, 2.0, ai tool, online tool",Heal Synth 2.0 — Use this tool online to heal quickly and easily.,heal-synth-20
Personal/Lifestyle,AI Heal Composer Pro,Future,AI Heal Composer Pro helps users by providing cutting-edge functionality for ai heal composer pro.,"heal, composer, pro, ai tool, online tool",AI Heal Composer Pro — Use this tool online to ai quickly and easily.,ai-heal-composer-pro
Business/Finance,Instant Ente Synth,Generative,Instant Ente Synth helps users by providing functionality for instant ente synth.,"instant, ente, synth, ai tool, online tool",Instant Ente Synth — Use this tool online to instant quickly and easily.,instant-ente-synth
Developers/Coding,Smart Desi Optimizer,Generative,Smart Desi Optimizer helps users by providing functionality for smart desi optimizer.,"smart, desi, optimizer, ai tool, online tool",Smart Desi Optimizer — Use this tool online to smart quickly and easily.,smart-desi-optimizer
Content Writing,Heal Editor Assistant,Present,Heal Editor Assistant helps users by providing functionality for heal editor assistant.,"heal, editor, assistant, ai tool, online tool",Heal Editor Assistant — Use this tool online to heal quickly and easily.,heal-editor-assistant
SEO/Digital Marketing,Generative Heal Manager,Present,Generative Heal Manager helps users by providing functionality for generative heal manager.,"generative, heal, manager, ai tool, online tool",Generative Heal Manager — Use this tool online to generative quickly and easily.,generative-heal-manager
Technology/Future,AI Deve Manager Pro,Generative,AI Deve Manager Pro helps users by providing functionality for ai deve manager pro.,"deve, manager, pro, ai tool, online tool",AI Deve Manager Pro — Use this tool online to ai quickly and easily.,ai-deve-manager-pro
Gaming/ARVR,Ente Manager Assistant,Present,Ente Manager Assistant helps users by providing functionality for ente manager assistant.,"ente, manager, assistant, ai tool, online tool",Ente Manager Assistant — Use this tool online to ente quickly and easily.,ente-manager-assistant
Climate/Environment,VideTool Composer X,Present,VideTool Composer X helps users by providing functionality for videtool composer x.,"videtool, composer, ai tool, online tool",VideTool Composer X — Use this tool online to videtool quickly and easily.,videtool-composer-x
Education/Learning,Clim Assistant X,Future,Clim Assistant X helps users by providing cutting-edge functionality for clim assistant x.,"clim, assistant, ai tool, online tool",Clim Assistant X — Use this tool online to clim quickly and easily.,clim-assistant-x
Business/Finance,Instant Busi Builder,Present,Instant Busi Builder helps users by providing functionality for instant busi builder.,"instant, busi, builder, ai tool, online tool",Instant Busi Builder — Use this tool online to instant quickly and easily.,instant-busi-builder
SEO/Digital Marketing,Pers Enhancer Assistant,Generative,Pers Enhancer Assistant helps users by providing functionality for pers enhancer assistant.,"pers, enhancer, assistant, ai tool, online tool",Pers Enhancer Assistant — Use this tool online to pers quickly and easily.,pers-enhancer-assistant
Gaming/ARVR,Generative Pers Simulator,Present,Generative Pers Simulator helps users by providing functionality for generative pers simulator.,"generative, pers, simulator, ai tool, online tool",Generative Pers Simulator — Use this tool online to generative quickly and easily.,generative-pers-simulator
Entertainment/Culture,Tech Composer Analyzer,Future,Tech Composer Analyzer helps users by providing cutting-edge functionality for tech composer analyzer.,"tech, composer, analyzer, ai tool, online tool",Tech Composer Analyzer — Use this tool online to tech quickly and easily.,tech-composer-analyzer
Developers/Coding,VideTool Optimizer 2.0,Present,VideTool Optimizer 2.0 helps users by providing functionality for videtool optimizer 2.0.,"videtool, optimizer, 2.0, ai tool, online tool",VideTool Optimizer 2.0 — Use this tool online to videtool quickly and easily.,videtool-optimizer-20
Education/Learning,Deve Editor Studio,Present,Deve Editor Studio helps users by providing functionality for deve editor studio.,"deve, editor, studio, ai tool, online tool",Deve Editor Studio — Use this tool online to deve quickly and easily.,deve-editor-studio
Space/Astronomy,Smart Desi Studio,Generative,Smart Desi Studio helps users by providing functionality for smart desi studio.,"smart, desi, studio, ai tool, online tool",Smart Desi Studio — Use this tool online to smart quickly and easily.,smart-desi-studio
Design/Creative,Ente Mapper Assistant,Present,Ente Mapper Assistant helps users by providing functionality for ente mapper assistant.,"ente, mapper, assistant, ai tool, online tool",Ente Mapper Assistant — Use this tool online to ente quickly and easily.,ente-mapper-assistant
Technology/Future,Heal Enhancer Analyzer,Generative,Heal Enhancer Analyzer helps users by providing functionality for heal enhancer analyzer.,"heal, enhancer, analyzer, ai tool, online tool",Heal Enhancer Analyzer — Use this tool online to heal quickly and easily.,heal-enhancer-analyzer
IoT/Robotics,NextGen Gami Lab,Present,NextGen Gami Lab helps users by providing functionality for nextgen gami lab.,"nextgen, gami, lab, ai tool, online tool",NextGen Gami Lab — Use this tool online to nextgen quickly and easily.,nextgen-gami-lab
Business/Finance,Smart VideTool Synth,Present,Smart VideTool Synth helps users by providing functionality for smart videtool synth.,"smart, videtool, synth, ai tool, online tool",Smart VideTool Synth — Use this tool online to smart quickly and easily.,smart-videtool-synth
Developers/Coding,AI Clim Generator Pro,Present,AI Clim Generator Pro helps users by providing functionality for ai clim generator pro.,"clim, generator, pro, ai tool, online tool",AI Clim Generator Pro — Use this tool online to ai quickly and easily.,ai-clim-generator-pro
Gaming/ARVR,Smart Busi Generator,Generative,Smart Busi Generator helps users by providing functionality for smart busi generator.,"smart, busi, generator, ai tool, online tool",Smart Busi Generator — Use this tool online to smart quickly and easily.,smart-busi-generator
HealthTech/BioTech,VideTool Planner AI,Future,VideTool Planner AI helps users by providing cutting-edge functionality for videtool planner ai.,"videtool, planner, ai tool, online tool",VideTool Planner AI — Use this tool online to videtool quickly and easily.,videtool-planner-ai
Entertainment/Culture,Deve Assistant Analyzer,Future,Deve Assistant Analyzer helps users by providing cutting-edge functionality for deve assistant analyzer.,"deve, assistant, analyzer, ai tool, online tool",Deve Assistant Analyzer — Use this tool online to deve quickly and easily.,deve-assistant-analyzer
IoT/Robotics,Generative Desi Planner,Generative,Generative Desi Planner helps users by providing functionality for generative desi planner.,"generative, desi, planner, ai tool, online tool",Generative Desi Planner — Use this tool online to generative quickly and easily.,generative-desi-planner
Business/Finance,Instant Ente Bot,Generative,Instant Ente Bot helps users by providing functionality for instant ente bot.,"instant, ente, bot, ai tool, online tool",Instant Ente Bot — Use this tool online to instant quickly and easily.,instant-ente-bot
Business/Finance,Auto Clim Analyzer Builder,Generative,Auto Clim Analyzer Builder helps users by providing functionality for auto clim analyzer builder.,"auto, clim, analyzer, builder, ai tool, online tool",Auto Clim Analyzer Builder — Use this tool online to auto quickly and easily.,auto-clim-analyzer-builder
SEO/Digital Marketing,Tech Lab Analyzer,Present,Tech Lab Analyzer helps users by providing functionality for tech lab analyzer.,"tech, lab, analyzer, ai tool, online tool",Tech Lab Analyzer — Use this tool online to tech quickly and easily.,tech-lab-analyzer
Design/Creative,Smart Pers Manager,Present,Smart Pers Manager helps users by providing functionality for smart pers manager.,"smart, pers, manager, ai tool, online tool",Smart Pers Manager — Use this tool online to smart quickly and easily.,smart-pers-manager
IoT/Robotics,NextGen Clim Dashboard,Future,NextGen Clim Dashboard helps users by providing cutting-edge functionality for nextgen clim dashboard.,"nextgen, clim, dashboard, ai tool, online tool",NextGen Clim Dashboard — Use this tool online to nextgen quickly and easily.,nextgen-clim-dashboard
Content Writing,Desi Detector Analyzer,Future,Desi Detector Analyzer helps users by providing cutting-edge functionality for desi detector analyzer.,"desi, detector, analyzer, ai tool, online tool",Desi Detector Analyzer — Use this tool online to desi quickly and easily.,desi-detector-analyzer
Design/Creative,Clim Detector 2.0,Present,Clim Detector 2.0 helps users by providing functionality for clim detector 2.0.,"clim, detector, 2.0, ai tool, online tool",Clim Detector 2.0 — Use this tool online to clim quickly and easily.,clim-detector-20
Video/Audio Tools,Spac Synth 2.0,Future,Spac Synth 2.0 helps users by providing cutting-edge functionality for spac synth 2.0.,"spac, synth, 2.0, ai tool, online tool",Spac Synth 2.0 — Use this tool online to spac quickly and easily.,spac-synth-20
IoT/Robotics,Ente Assistant X,Generative,Ente Assistant X helps users by providing functionality for ente assistant x.,"ente, assistant, ai tool, online tool",Ente Assistant X — Use this tool online to ente quickly and easily.,ente-assistant-x
Content Writing,NextGen Pers Dashboard,Generative,NextGen Pers Dashboard helps users by providing functionality for nextgen pers dashboard.,"nextgen, pers, dashboard, ai tool, online tool",NextGen Pers Dashboard — Use this tool online to nextgen quickly and easily.,nextgen-pers-dashboard
Gaming/ARVR,Virtual Ente Tracker,Present,Virtual Ente Tracker helps users by providing functionality for virtual ente tracker.,"virtual, ente, tracker, ai tool, online tool",Virtual Ente Tracker — Use this tool online to virtual quickly and easily.,virtual-ente-tracker
Design/Creative,NextGen GeneScie Mapper,Present,NextGen GeneScie Mapper helps users by providing functionality for nextgen genescie mapper.,"nextgen, genescie, mapper, ai tool, online tool",NextGen GeneScie Mapper — Use this tool online to nextgen quickly and easily.,nextgen-genescie-mapper
Personal/Lifestyle,Busi Converter Analyzer,Future,Busi Converter Analyzer helps users by providing cutting-edge functionality for busi converter analyzer.,"busi, converter, analyzer, ai tool, online tool",Busi Converter Analyzer — Use this tool online to busi quickly and easily.,busi-converter-analyzer
IoT/Robotics,Auto ContWrit Bot Builder,Present,Auto ContWrit Bot Builder helps users by providing functionality for auto contwrit bot builder.,"auto, contwrit, bot, builder, ai tool, online tool",Auto ContWrit Bot Builder — Use this tool online to auto quickly and easily.,auto-contwrit-bot-builder
Video/Audio Tools,VideTool Generator AI,Generative,VideTool Generator AI helps users by providing functionality for videtool generator ai.,"videtool, generator, ai tool, online tool",VideTool Generator AI — Use this tool online to videtool quickly and easily.,videtool-generator-ai
Climate/Environment,Generative Gami Composer,Present,Generative Gami Composer helps users by providing functionality for generative gami composer.,"generative, gami, composer, ai tool, online tool",Generative Gami Composer — Use this tool online to generative quickly and easily.,generative-gami-composer
IoT/Robotics,Smart Seo/Mark Generator,Generative,Smart Seo/Mark Generator helps users by providing functionality for smart seo/mark generator.,"smart, seo, mark, generator, ai tool, online tool",Smart Seo/Mark Generator — Use this tool online to smart quickly and easily.,smart-seomark-generator
IoT/Robotics,Auto Deve Mapper Builder,Generative,Auto Deve Mapper Builder helps users by providing functionality for auto deve mapper builder.,"auto, deve, mapper, builder, ai tool, online tool",Auto Deve Mapper Builder — Use this tool online to auto quickly and easily.,auto-deve-mapper-builder
Technology/Future,Cloud Iot/ Simulator Service,Present,Cloud Iot/ Simulator Service helps users by providing functionality for cloud iot/ simulator service.,"cloud, iot, simulator, service, ai tool, online tool",Cloud Iot/ Simulator Service — Use this tool online to cloud quickly and easily.,cloud-iot-simulator-service
Entertainment/Culture,Ente Enhancer 2.0,Present,Ente Enhancer 2.0 helps users by providing functionality for ente enhancer 2.0.,"ente, enhancer, 2.0, ai tool, online tool",Ente Enhancer 2.0 — Use this tool online to ente quickly and easily.,ente-enhancer-20
Entertainment/Culture,Spac Converter 2.0,Present,Spac Converter 2.0 helps users by providing functionality for spac converter 2.0.,"spac, converter, 2.0, ai tool, online tool",Spac Converter 2.0 — Use this tool online to spac quickly and easily.,spac-converter-20
Developers/Coding,Cloud Iot/ Composer Service,Future,Cloud Iot/ Composer Service helps users by providing cutting-edge functionality for cloud iot/ composer service.,"cloud, iot, composer, service, ai tool, online tool",Cloud Iot/ Composer Service — Use this tool online to cloud quickly and easily.,cloud-iot-composer-service
Personal/Lifestyle,Gami Mapper Studio,Present,Gami Mapper Studio helps users by providing functionality for gami mapper studio.,"gami, mapper, studio, ai tool, online tool",Gami Mapper Studio — Use this tool online to gami quickly and easily.,gami-mapper-studio
Gaming/ARVR,Generative ContWrit Mapper,Generative,Generative ContWrit Mapper helps users by providing functionality for generative contwrit mapper.,"generative, contwrit, mapper, ai tool, online tool",Generative ContWrit Mapper — Use this tool online to generative quickly and easily.,generative-contwrit-mapper
Content Writing,Ente Composer 2.0,Present,Ente Composer 2.0 helps users by providing functionality for ente composer 2.0.,"ente, composer, 2.0, ai tool, online tool",Ente Composer 2.0 — Use this tool online to ente quickly and easily.,ente-composer-20
SEO/Digital Marketing,AI Gami Editor Pro,Future,AI Gami Editor Pro helps users by providing cutting-edge functionality for ai gami editor pro.,"gami, editor, pro, ai tool, online tool",AI Gami Editor Pro — Use this tool online to ai quickly and easily.,ai-gami-editor-pro
IoT/Robotics,Instant Heal Dashboard,Present,Instant Heal Dashboard helps users by providing functionality for instant heal dashboard.,"instant, heal, dashboard, ai tool, online tool",Instant Heal Dashboard — Use this tool online to instant quickly and easily.,instant-heal-dashboard
Space/Astronomy,Generative Busi Builder,Present,Generative Busi Builder helps users by providing functionality for generative busi builder.,"generative, busi, builder, ai tool, online tool",Generative Busi Builder — Use this tool online to generative quickly and easily.,generative-busi-builder
Gaming/ARVR,VideTool Lab AI,Future,VideTool Lab AI helps users by providing cutting-edge functionality for videtool lab ai.,"videtool, lab, ai tool, online tool",VideTool Lab AI — Use this tool online to videtool quickly and easily.,videtool-lab-ai
HealthTech/BioTech,Instant Pers Composer,Generative,Instant Pers Composer helps users by providing functionality for instant pers composer.,"instant, pers, composer, ai tool, online tool",Instant Pers Composer — Use this tool online to instant quickly and easily.,instant-pers-composer
Business/Finance,NextGen Ente Assistant,Generative,NextGen Ente Assistant helps users by providing functionality for nextgen ente assistant.,"nextgen, ente, assistant, ai tool, online tool",NextGen Ente Assistant — Use this tool online to nextgen quickly and easily.,nextgen-ente-assistant
Technology/Future,AI Educ Bot Pro,Future,AI Educ Bot Pro helps users by providing cutting-edge functionality for ai educ bot pro.,"educ, bot, pro, ai tool, online tool",AI Educ Bot Pro — Use this tool online to ai quickly and easily.,ai-educ-bot-pro
Content Writing,Generative Busi Bot,Generative,Generative Busi Bot helps users by providing functionality for generative busi bot.,"generative, busi, bot, ai tool, online tool",Generative Busi Bot — Use this tool online to generative quickly and easily.,generative-busi-bot
Personal/Lifestyle,Clim Analyzer 2.0,Generative,Clim Analyzer 2.0 helps users by providing functionality for clim analyzer 2.0.,"clim, analyzer, 2.0, ai tool, online tool",Clim Analyzer 2.0 — Use this tool online to clim quickly and easily.,clim-analyzer-20
Space/Astronomy,AI Iot/ Dashboard Pro,Present,AI Iot/ Dashboard Pro helps users by providing functionality for ai iot/ dashboard pro.,"iot, dashboard, pro, ai tool, online tool",AI Iot/ Dashboard Pro — Use this tool online to ai quickly and easily.,ai-iot-dashboard-pro
SEO/Digital Marketing,Smart VideTool Converter,Future,Smart VideTool Converter helps users by providing cutting-edge functionality for smart videtool converter.,"smart, videtool, converter, ai tool, online tool",Smart VideTool Converter — Use this tool online to smart quickly and easily.,smart-videtool-converter
Space/Astronomy,Cloud Ente Planner Service,Generative,Cloud Ente Planner Service helps users by providing functionality for cloud ente planner service.,"cloud, ente, planner, service, ai tool, online tool",Cloud Ente Planner Service — Use this tool online to cloud quickly and easily.,cloud-ente-planner-service
Technology/Future,Instant Pers Mapper,Generative,Instant Pers Mapper helps users by providing functionality for instant pers mapper.,"instant, pers, mapper, ai tool, online tool",Instant Pers Mapper — Use this tool online to instant quickly and easily.,instant-pers-mapper
SEO/Digital Marketing,GeneScie Editor AI,Future,GeneScie Editor AI helps users by providing cutting-edge functionality for genescie editor ai.,"genescie, editor, ai tool, online tool",GeneScie Editor AI — Use this tool online to genescie quickly and easily.,genescie-editor-ai
Space/Astronomy,Auto Clim Mixer Builder,Present,Auto Clim Mixer Builder helps users by providing functionality for auto clim mixer builder.,"auto, clim, mixer, builder, ai tool, online tool",Auto Clim Mixer Builder — Use this tool online to auto quickly and easily.,auto-clim-mixer-builder
Generative Science,Generative Spac Aligner,Future,Generative Spac Aligner helps users by providing cutting-edge functionality for generative spac aligner.,"generative, spac, aligner, ai tool, online tool",Generative Spac Aligner — Use this tool online to generative quickly and easily.,generative-spac-aligner
Education/Learning,AI Spac Finder Pro,Present,AI Spac Finder Pro helps users by providing functionality for ai spac finder pro.,"spac, finder, pro, ai tool, online tool",AI Spac Finder Pro — Use this tool online to ai quickly and easily.,ai-spac-finder-pro
SEO/Digital Marketing,Heal Mapper Studio,Generative,Heal Mapper Studio helps users by providing functionality for heal mapper studio.,"heal, mapper, studio, ai tool, online tool",Heal Mapper Studio — Use this tool online to heal quickly and easily.,heal-mapper-studio
Education/Learning,Busi Analyzer 2.0,Generative,Busi Analyzer 2.0 helps users by providing functionality for busi analyzer 2.0.,"busi, analyzer, 2.0, ai tool, online tool",Busi Analyzer 2.0 — Use this tool online to busi quickly and easily.,busi-analyzer-20
Entertainment/Culture,Instant Pers Enhancer,Generative,Instant Pers Enhancer helps users by providing functionality for instant pers enhancer.,"instant, pers, enhancer, ai tool, online tool",Instant Pers Enhancer — Use this tool online to instant quickly and easily.,instant-pers-enhancer
Generative Science,GeneScie Composer Assistant,Generative,GeneScie Composer Assistant helps users by providing functionality for genescie composer assistant.,"genescie, composer, assistant, ai tool, online tool",GeneScie Composer Assistant — Use this tool online to genescie quickly and easily.,genescie-composer-assistant
Video/Audio Tools,NextGen Spac Tracker,Present,NextGen Spac Tracker helps users by providing functionality for nextgen spac tracker.,"nextgen, spac, tracker, ai tool, online tool",NextGen Spac Tracker — Use this tool online to nextgen quickly and easily.,nextgen-spac-tracker
Gaming/ARVR,Busi Generator Studio,Generative,Busi Generator Studio helps users by providing functionality for busi generator studio.,"busi, generator, studio, ai tool, online tool",Busi Generator Studio — Use this tool online to busi quickly and easily.,busi-generator-studio
Personal/Lifestyle,Deve Finder X,Future,Deve Finder X helps users by providing cutting-edge functionality for deve finder x.,"deve, finder, ai tool, online tool",Deve Finder X — Use this tool online to deve quickly and easily.,deve-finder-x
Video/Audio Tools,Educ Optimizer Assistant,Generative,Educ Optimizer Assistant helps users by providing functionality for educ optimizer assistant.,"educ, optimizer, assistant, ai tool, online tool",Educ Optimizer Assistant — Use this tool online to educ quickly and easily.,educ-optimizer-assistant
Gaming/ARVR,Busi Studio Studio,Generative,Busi Studio Studio helps users by providing functionality for busi studio studio.,"busi, studio, studio, ai tool, online tool",Busi Studio Studio — Use this tool online to busi quickly and easily.,busi-studio-studio
Business/Finance,Tech Lab Studio,Present,Tech Lab Studio helps users by providing functionality for tech lab studio.,"tech, lab, studio, ai tool, online tool",Tech Lab Studio — Use this tool online to tech quickly and easily.,tech-lab-studio
Education/Learning,Generative Tech Mapper,Present,Generative Tech Mapper helps users by providing functionality for generative tech mapper.,"generative, tech, mapper, ai tool, online tool",Generative Tech Mapper — Use this tool online to generative quickly and easily.,generative-tech-mapper
Technology/Future,GeneScie Toolkit X,Present,GeneScie Toolkit X helps users by providing functionality for genescie toolkit x.,"genescie, toolkit, ai tool, online tool",GeneScie Toolkit X — Use this tool online to genescie quickly and easily.,genescie-toolkit-x
Personal/Lifestyle,Generative Desi Aligner,Future,Generative Desi Aligner helps users by providing cutting-edge functionality for generative desi aligner.,"generative, desi, aligner, ai tool, online tool",Generative Desi Aligner — Use this tool online to generative quickly and easily.,generative-desi-aligner
Technology/Future,Generative Deve Analyzer,Future,Generative Deve Analyzer helps users by providing cutting-edge functionality for generative deve analyzer.,"generative, deve, analyzer, ai tool, online tool",Generative Deve Analyzer — Use this tool online to generative quickly and easily.,generative-deve-analyzer
Developers/Coding,Gami Builder Assistant,Generative,Gami Builder Assistant helps users by providing functionality for gami builder assistant.,"gami, builder, assistant, ai tool, online tool",Gami Builder Assistant — Use this tool online to gami quickly and easily.,gami-builder-assistant
Video/Audio Tools,Instant Heal Toolkit,Generative,Instant Heal Toolkit helps users by providing functionality for instant heal toolkit.,"instant, heal, toolkit, ai tool, online tool",Instant Heal Toolkit — Use this tool online to instant quickly and easily.,instant-heal-toolkit
Climate/Environment,Heal Detector Assistant,Present,Heal Detector Assistant helps users by providing functionality for heal detector assistant.,"heal, detector, assistant, ai tool, online tool",Heal Detector Assistant — Use this tool online to heal quickly and easily.,heal-detector-assistant
Education/Learning,NextGen Spac Finder,Present,NextGen Spac Finder helps users by providing functionality for nextgen spac finder.,"nextgen, spac, finder, ai tool, online tool",NextGen Spac Finder — Use this tool online to nextgen quickly and easily.,nextgen-spac-finder
Education/Learning,Ente Analyzer 2.0,Present,Ente Analyzer 2.0 helps users by providing functionality for ente analyzer 2.0.,"ente, analyzer, 2.0, ai tool, online tool",Ente Analyzer 2.0 — Use this tool online to ente quickly and easily.,ente-analyzer-20
Developers/Coding,Instant GeneScie Composer,Present,Instant GeneScie Composer helps users by providing functionality for instant genescie composer.,"instant, genescie, composer, ai tool, online tool",Instant GeneScie Composer — Use this tool online to instant quickly and easily.,instant-genescie-composer
Entertainment/Culture,Cloud Ente Lab Service,Future,Cloud Ente Lab Service helps users by providing cutting-edge functionality for cloud ente lab service.,"cloud, ente, lab, service, ai tool, online tool",Cloud Ente Lab Service — Use this tool online to cloud quickly and easily.,cloud-ente-lab-service
Space/Astronomy,VideTool Bot 2.0,Present,VideTool Bot 2.0 helps users by providing functionality for videtool bot 2.0.,"videtool, bot, 2.0, ai tool, online tool",VideTool Bot 2.0 — Use this tool online to videtool quickly and easily.,videtool-bot-20
Design/Creative,Desi Enhancer Analyzer,Generative,Desi Enhancer Analyzer helps users by providing functionality for desi enhancer analyzer.,"desi, enhancer, analyzer, ai tool, online tool",Desi Enhancer Analyzer — Use this tool online to desi quickly and easily.,desi-enhancer-analyzer
Design/Creative,Cloud Deve Optimizer Service,Present,Cloud Deve Optimizer Service helps users by providing functionality for cloud deve optimizer service.,"cloud, deve, optimizer, service, ai tool, online tool",Cloud Deve Optimizer Service — Use this tool online to cloud quickly and easily.,cloud-deve-optimizer-service
Education/Learning,NextGen Gami Analyzer,Present,NextGen Gami Analyzer helps users by providing functionality for nextgen gami analyzer.,"nextgen, gami, analyzer, ai tool, online tool",NextGen Gami Analyzer — Use this tool online to nextgen quickly and easily.,nextgen-gami-analyzer
Climate/Environment,Busi Dashboard Analyzer,Present,Busi Dashboard Analyzer helps users by providing functionality for busi dashboard analyzer.,"busi, dashboard, analyzer, ai tool, online tool",Busi Dashboard Analyzer — Use this tool online to busi quickly and easily.,busi-dashboard-analyzer
Gaming/ARVR,Pers Finder Assistant,Present,Pers Finder Assistant helps users by providing functionality for pers finder assistant.,"pers, finder, assistant, ai tool, online tool",Pers Finder Assistant — Use this tool online to pers quickly and easily.,pers-finder-assistant
Developers/Coding,Instant Desi Tracker,Future,Instant Desi Tracker helps users by providing cutting-edge functionality for instant desi tracker.,"instant, desi, tracker, ai tool, online tool",Instant Desi Tracker — Use this tool online to instant quickly and easily.,instant-desi-tracker
Design/Creative,Generative Iot/ Editor,Generative,Generative Iot/ Editor helps users by providing functionality for generative iot/ editor.,"generative, iot, editor, ai tool, online tool",Generative Iot/ Editor — Use this tool online to generative quickly and easily.,generative-iot-editor
IoT/Robotics,Generative Ente Mixer,Future,Generative Ente Mixer helps users by providing cutting-edge functionality for generative ente mixer.,"generative, ente, mixer, ai tool, online tool",Generative Ente Mixer — Use this tool online to generative quickly and easily.,generative-ente-mixer
Developers/Coding,Smart Desi Synth,Present,Smart Desi Synth helps users by providing functionality for smart desi synth.,"smart, desi, synth, ai tool, online tool",Smart Desi Synth — Use this tool online to smart quickly and easily.,smart-desi-synth
IoT/Robotics,Smart VideTool Builder,Present,Smart VideTool Builder helps users by providing functionality for smart videtool builder.,"smart, videtool, builder, ai tool, online tool",Smart VideTool Builder — Use this tool online to smart quickly and easily.,smart-videtool-builder
Climate/Environment,Gami Simulator 2.0,Generative,Gami Simulator 2.0 helps users by providing functionality for gami simulator 2.0.,"gami, simulator, 2.0, ai tool, online tool",Gami Simulator 2.0 — Use this tool online to gami quickly and easily.,gami-simulator-20
Content Writing,Auto Busi Composer Builder,Present,Auto Busi Composer Builder helps users by providing functionality for auto busi composer builder.,"auto, busi, composer, builder, ai tool, online tool",Auto Busi Composer Builder — Use this tool online to auto quickly and easily.,auto-busi-composer-builder
Education/Learning,Generative ContWrit Builder,Present,Generative ContWrit Builder helps users by providing functionality for generative contwrit builder.,"generative, contwrit, builder, ai tool, online tool",Generative ContWrit Builder — Use this tool online to generative quickly and easily.,generative-contwrit-builder
Generative Science,Gami Simulator Studio,Generative,Gami Simulator Studio helps users by providing functionality for gami simulator studio.,"gami, simulator, studio, ai tool, online tool",Gami Simulator Studio — Use this tool online to gami quickly and easily.,gami-simulator-studio
Space/Astronomy,Busi Optimizer Assistant,Generative,Busi Optimizer Assistant helps users by providing functionality for busi optimizer assistant.,"busi, optimizer, assistant, ai tool, online tool",Busi Optimizer Assistant — Use this tool online to busi quickly and easily.,busi-optimizer-assistant
Space/Astronomy,Auto Ente Aligner Builder,Present,Auto Ente Aligner Builder helps users by providing functionality for auto ente aligner builder.,"auto, ente, aligner, builder, ai tool, online tool",Auto Ente Aligner Builder — Use this tool online to auto quickly and easily.,auto-ente-aligner-builder
Technology/Future,Seo/Mark Simulator Assistant,Generative,Seo/Mark Simulator Assistant helps users by providing functionality for seo/mark simulator assistant.,"seo, mark, simulator, assistant, ai tool, online tool",Seo/Mark Simulator Assistant — Use this tool online to seo/mark quickly and easily.,seomark-simulator-assistant
Space/Astronomy,Auto Ente Planner Builder,Present,Auto Ente Planner Builder helps users by providing functionality for auto ente planner builder.,"auto, ente, planner, builder, ai tool, online tool",Auto Ente Planner Builder — Use this tool online to auto quickly and easily.,auto-ente-planner-builder
Generative Science,Ente Assistant AI,Future,Ente Assistant AI helps users by providing cutting-edge functionality for ente assistant ai.,"ente, assistant, ai tool, online tool",Ente Assistant AI — Use this tool online to ente quickly and easily.,ente-assistant-ai
HealthTech/BioTech,Instant Pers Editor,Present,Instant Pers Editor helps users by providing functionality for instant pers editor.,"instant, pers, editor, ai tool, online tool",Instant Pers Editor — Use this tool online to instant quickly and easily.,instant-pers-editor
Business/Finance,NextGen Seo/Mark Synth,Generative,NextGen Seo/Mark Synth helps users by providing functionality for nextgen seo/mark synth.,"nextgen, seo, mark, synth, ai tool, online tool",NextGen Seo/Mark Synth — Use this tool online to nextgen quickly and easily.,nextgen-seomark-synth
Gaming/ARVR,Instant Gami Enhancer,Future,Instant Gami Enhancer helps users by providing cutting-edge functionality for instant gami enhancer.,"instant, gami, enhancer, ai tool, online tool",Instant Gami Enhancer — Use this tool online to instant quickly and easily.,instant-gami-enhancer
Business/Finance,ContWrit Simulator Studio,Present,ContWrit Simulator Studio helps users by providing functionality for contwrit simulator studio.,"contwrit, simulator, studio, ai tool, online tool",ContWrit Simulator Studio — Use this tool online to contwrit quickly and easily.,contwrit-simulator-studio
HealthTech/BioTech,Tech Builder Assistant,Generative,Tech Builder Assistant helps users by providing functionality for tech builder assistant.,"tech, builder, assistant, ai tool, online tool",Tech Builder Assistant — Use this tool online to tech quickly and easily.,tech-builder-assistant
Gaming/ARVR,Spac Composer X,Present,Spac Composer X helps users by providing functionality for spac composer x.,"spac, composer, ai tool, online tool",Spac Composer X — Use this tool online to spac quickly and easily.,spac-composer-x
Space/Astronomy,Virtual Educ Lab,Generative,Virtual Educ Lab helps users by providing functionality for virtual educ lab.,"virtual, educ, lab, ai tool, online tool",Virtual Educ Lab — Use this tool online to virtual quickly and easily.,virtual-educ-lab
Video/Audio Tools,NextGen Desi Bot,Present,NextGen Desi Bot helps users by providing functionality for nextgen desi bot.,"nextgen, desi, bot, ai tool, online tool",NextGen Desi Bot — Use this tool online to nextgen quickly and easily.,nextgen-desi-bot
Education/Learning,Deve Bot X,Future,Deve Bot X helps users by providing cutting-edge functionality for deve bot x.,"deve, bot, ai tool, online tool",Deve Bot X — Use this tool online to deve quickly and easily.,deve-bot-x
SEO/Digital Marketing,Iot/ Composer AI,Present,Iot/ Composer AI helps users by providing functionality for iot/ composer ai.,"iot, composer, ai tool, online tool",Iot/ Composer AI — Use this tool online to iot/ quickly and easily.,iot-composer-ai
Design/Creative,Pers Mixer Studio,Present,Pers Mixer Studio helps users by providing functionality for pers mixer studio.,"pers, mixer, studio, ai tool, online tool",Pers Mixer Studio — Use this tool online to pers quickly and easily.,pers-mixer-studio
Content Writing,Heal Finder 2.0,Present,Heal Finder 2.0 helps users by providing functionality for heal finder 2.0.,"heal, finder, 2.0, ai tool, online tool",Heal Finder 2.0 — Use this tool online to heal quickly and easily.,heal-finder-20
Design/Creative,Ente Analyzer Studio,Present,Ente Analyzer Studio helps users by providing functionality for ente analyzer studio.,"ente, analyzer, studio, ai tool, online tool",Ente Analyzer Studio — Use this tool online to ente quickly and easily.,ente-analyzer-studio
Gaming/ARVR,Desi Analyzer Studio,Present,Desi Analyzer Studio helps users by providing functionality for desi analyzer studio.,"desi, analyzer, studio, ai tool, online tool",Desi Analyzer Studio — Use this tool online to desi quickly and easily.,desi-analyzer-studio
HealthTech/BioTech,Deve Synth AI,Present,Deve Synth AI helps users by providing functionality for deve synth ai.,"deve, synth, ai tool, online tool",Deve Synth AI — Use this tool online to deve quickly and easily.,deve-synth-ai
Business/Finance,Smart Seo/Mark Detector,Present,Smart Seo/Mark Detector helps users by providing functionality for smart seo/mark detector.,"smart, seo, mark, detector, ai tool, online tool",Smart Seo/Mark Detector — Use this tool online to smart quickly and easily.,smart-seomark-detector
Climate/Environment,Iot/ Analyzer Assistant,Future,Iot/ Analyzer Assistant helps users by providing cutting-edge functionality for iot/ analyzer assistant.,"iot, analyzer, assistant, ai tool, online tool",Iot/ Analyzer Assistant — Use this tool online to iot/ quickly and easily.,iot-analyzer-assistant
Education/Learning,NextGen Heal Creator,Generative,NextGen Heal Creator helps users by providing functionality for nextgen heal creator.,"nextgen, heal, creator, ai tool, online tool",NextGen Heal Creator — Use this tool online to nextgen quickly and easily.,nextgen-heal-creator
Generative Science,Smart Clim Bot,Generative,Smart Clim Bot helps users by providing functionality for smart clim bot.,"smart, clim, bot, ai tool, online tool",Smart Clim Bot — Use this tool online to smart quickly and easily.,smart-clim-bot
HealthTech/BioTech,Educ Tracker 2.0,Future,Educ Tracker 2.0 helps users by providing cutting-edge functionality for educ tracker 2.0.,"educ, tracker, 2.0, ai tool, online tool",Educ Tracker 2.0 — Use this tool online to educ quickly and easily.,educ-tracker-20
Personal/Lifestyle,Heal Detector 2.0,Future,Heal Detector 2.0 helps users by providing cutting-edge functionality for heal detector 2.0.,"heal, detector, 2.0, ai tool, online tool",Heal Detector 2.0 — Use this tool online to heal quickly and easily.,heal-detector-20
Space/Astronomy,Auto Educ Toolkit Builder,Present,Auto Educ Toolkit Builder helps users by providing functionality for auto educ toolkit builder.,"auto, educ, toolkit, builder, ai tool, online tool",Auto Educ Toolkit Builder — Use this tool online to auto quickly and easily.,auto-educ-toolkit-builder
Video/Audio Tools,Auto Desi Analyzer Builder,Present,Auto Desi Analyzer Builder helps users by providing functionality for auto desi analyzer builder.,"auto, desi, analyzer, builder, ai tool, online tool",Auto Desi Analyzer Builder — Use this tool online to auto quickly and easily.,auto-desi-analyzer-builder
Developers/Coding,NextGen GeneScie Aligner,Present,NextGen GeneScie Aligner helps users by providing functionality for nextgen genescie aligner.,"nextgen, genescie, aligner, ai tool, online tool",NextGen GeneScie Aligner — Use this tool online to nextgen quickly and easily.,nextgen-genescie-aligner
Video/Audio Tools,Heal Assistant 2.0,Generative,Heal Assistant 2.0 helps users by providing functionality for heal assistant 2.0.,"heal, assistant, 2.0, ai tool, online tool",Heal Assistant 2.0 — Use this tool online to heal quickly and easily.,heal-assistant-20
Entertainment/Culture,Virtual Heal Studio,Present,Virtual Heal Studio helps users by providing functionality for virtual heal studio.,"virtual, heal, studio, ai tool, online tool",Virtual Heal Studio — Use this tool online to virtual quickly and easily.,virtual-heal-studio
HealthTech/BioTech,Cloud Ente Generator Service,Generative,Cloud Ente Generator Service helps users by providing functionality for cloud ente generator service.,"cloud, ente, generator, service, ai tool, online tool",Cloud Ente Generator Service — Use this tool online to cloud quickly and easily.,cloud-ente-generator-service
Technology/Future,Clim Composer Assistant,Present,Clim Composer Assistant helps users by providing functionality for clim composer assistant.,"clim, composer, assistant, ai tool, online tool",Clim Composer Assistant — Use this tool online to clim quickly and easily.,clim-composer-assistant
Business/Finance,Generative Pers Composer,Generative,Generative Pers Composer helps users by providing functionality for generative pers composer.,"generative, pers, composer, ai tool, online tool",Generative Pers Composer — Use this tool online to generative quickly and easily.,generative-pers-composer
Gaming/ARVR,Cloud Gami Toolkit Service,Present,Cloud Gami Toolkit Service helps users by providing functionality for cloud gami toolkit service.,"cloud, gami, toolkit, service, ai tool, online tool",Cloud Gami Toolkit Service — Use this tool online to cloud quickly and easily.,cloud-gami-toolkit-service
Personal/Lifestyle,Cloud ContWrit Tracker Service,Generative,Cloud ContWrit Tracker Service helps users by providing functionality for cloud contwrit tracker service.,"cloud, contwrit, tracker, service, ai tool, online tool",Cloud ContWrit Tracker Service — Use this tool online to cloud quickly and easily.,cloud-contwrit-tracker-service
Education/Learning,Ente Composer AI,Present,Ente Composer AI helps users by providing functionality for ente composer ai.,"ente, composer, ai tool, online tool",Ente Composer AI — Use this tool online to ente quickly and easily.,ente-composer-ai
SEO/Digital Marketing,Generative Educ Optimizer,Present,Generative Educ Optimizer helps users by providing functionality for generative educ optimizer.,"generative, educ, optimizer, ai tool, online tool",Generative Educ Optimizer — Use this tool online to generative quickly and easily.,generative-educ-optimizer
Generative Science,Busi Toolkit Studio,Generative,Busi Toolkit Studio helps users by providing functionality for busi toolkit studio.,"busi, toolkit, studio, ai tool, online tool",Busi Toolkit Studio — Use this tool online to busi quickly and easily.,busi-toolkit-studio
Technology/Future,Gami Assistant Analyzer,Present,Gami Assistant Analyzer helps users by providing functionality for gami assistant analyzer.,"gami, assistant, analyzer, ai tool, online tool",Gami Assistant Analyzer — Use this tool online to gami quickly and easily.,gami-assistant-analyzer
Business/Finance,AI Clim Editor Pro,Future,AI Clim Editor Pro helps users by providing cutting-edge functionality for ai clim editor pro.,"clim, editor, pro, ai tool, online tool",AI Clim Editor Pro — Use this tool online to ai quickly and easily.,ai-clim-editor-pro
Developers/Coding,Auto Busi Tracker Builder,Generative,Auto Busi Tracker Builder helps users by providing functionality for auto busi tracker builder.,"auto, busi, tracker, builder, ai tool, online tool",Auto Busi Tracker Builder — Use this tool online to auto quickly and easily.,auto-busi-tracker-builder
Personal/Lifestyle,AI GeneScie Finder Pro,Present,AI GeneScie Finder Pro helps users by providing functionality for ai genescie finder pro.,"genescie, finder, pro, ai tool, online tool",AI GeneScie Finder Pro — Use this tool online to ai quickly and easily.,ai-genescie-finder-pro
Technology/Future,VideTool Dashboard Analyzer,Present,VideTool Dashboard Analyzer helps users by providing functionality for videtool dashboard analyzer.,"videtool, dashboard, analyzer, ai tool, online tool",VideTool Dashboard Analyzer — Use this tool online to videtool quickly and easily.,videtool-dashboard-analyzer
Entertainment/Culture,Virtual Tech Optimizer,Future,Virtual Tech Optimizer helps users by providing cutting-edge functionality for virtual tech optimizer.,"virtual, tech, optimizer, ai tool, online tool",Virtual Tech Optimizer — Use this tool online to virtual quickly and easily.,virtual-tech-optimizer
Developers/Coding,Tech Editor Studio,Present,Tech Editor Studio helps users by providing functionality for tech editor studio.,"tech, editor, studio, ai tool, online tool",Tech Editor Studio — Use this tool online to tech quickly and easily.,tech-editor-studio
Entertainment/Culture,ContWrit Simulator 2.0,Present,ContWrit Simulator 2.0 helps users by providing functionality for contwrit simulator 2.0.,"contwrit, simulator, 2.0, ai tool, online tool",ContWrit Simulator 2.0 — Use this tool online to contwrit quickly and easily.,contwrit-simulator-20
Video/Audio Tools,NextGen Pers Editor,Present,NextGen Pers Editor helps users by providing functionality for nextgen pers editor.,"nextgen, pers, editor, ai tool, online tool",NextGen Pers Editor — Use this tool online to nextgen quickly and easily.,nextgen-pers-editor
Personal/Lifestyle,Ente Optimizer AI,Present,Ente Optimizer AI helps users by providing functionality for ente optimizer ai.,"ente, optimizer, ai tool, online tool",Ente Optimizer AI — Use this tool online to ente quickly and easily.,ente-optimizer-ai
Content Writing,Generative Educ Toolkit,Present,Generative Educ Toolkit helps users by providing functionality for generative educ toolkit.,"generative, educ, toolkit, ai tool, online tool",Generative Educ Toolkit — Use this tool online to generative quickly and easily.,generative-educ-toolkit
Design/Creative,Virtual GeneScie Detector,Generative,Virtual GeneScie Detector helps users by providing functionality for virtual genescie detector.,"virtual, genescie, detector, ai tool, online tool",Virtual GeneScie Detector — Use this tool online to virtual quickly and easily.,virtual-genescie-detector
Content Writing,Desi Optimizer X,Generative,Desi Optimizer X helps users by providing functionality for desi optimizer x.,"desi, optimizer, ai tool, online tool",Desi Optimizer X — Use this tool online to desi quickly and easily.,desi-optimizer-x
Entertainment/Culture,Auto Seo/Mark Simulator Builder,Generative,Auto Seo/Mark Simulator Builder helps users by providing functionality for auto seo/mark simulator builder.,"auto, seo, mark, simulator, builder, ai tool, online tool",Auto Seo/Mark Simulator Builder — Use this tool online to auto quickly and easily.,auto-seomark-simulator-builder
Content Writing,Desi Composer Assistant,Future,Desi Composer Assistant helps users by providing cutting-edge functionality for desi composer assistant.,"desi, composer, assistant, ai tool, online tool",Desi Composer Assistant — Use this tool online to desi quickly and easily.,desi-composer-assistant
Personal/Lifestyle,Deve Dashboard Studio,Generative,Deve Dashboard Studio helps users by providing functionality for deve dashboard studio.,"deve, dashboard, studio, ai tool, online tool",Deve Dashboard Studio — Use this tool online to deve quickly and easily.,deve-dashboard-studio
Business/Finance,AI Tech Simulator Pro,Generative,AI Tech Simulator Pro helps users by providing functionality for ai tech simulator pro.,"tech, simulator, pro, ai tool, online tool",AI Tech Simulator Pro — Use this tool online to ai quickly and easily.,ai-tech-simulator-pro
Gaming/ARVR,Spac Editor Studio,Generative,Spac Editor Studio helps users by providing functionality for spac editor studio.,"spac, editor, studio, ai tool, online tool",Spac Editor Studio — Use this tool online to spac quickly and easily.,spac-editor-studio
Entertainment/Culture,AI VideTool Builder Pro,Generative,AI VideTool Builder Pro helps users by providing functionality for ai videtool builder pro.,"videtool, builder, pro, ai tool, online tool",AI VideTool Builder Pro — Use this tool online to ai quickly and easily.,ai-videtool-builder-pro
SEO/Digital Marketing,Desi Analyzer Assistant,Present,Desi Analyzer Assistant helps users by providing functionality for desi analyzer assistant.,"desi, analyzer, assistant, ai tool, online tool",Desi Analyzer Assistant — Use this tool online to desi quickly and easily.,desi-analyzer-assistant
Climate/Environment,Heal Mixer Studio,Future,Heal Mixer Studio helps users by providing cutting-edge functionality for heal mixer studio.,"heal, mixer, studio, ai tool, online tool",Heal Mixer Studio — Use this tool online to heal quickly and easily.,heal-mixer-studio
Space/Astronomy,AI ContWrit Builder Pro,Generative,AI ContWrit Builder Pro helps users by providing functionality for ai contwrit builder pro.,"contwrit, builder, pro, ai tool, online tool",AI ContWrit Builder Pro — Use this tool online to ai quickly and easily.,ai-contwrit-builder-pro
Design/Creative,Iot/ Mixer 2.0,Present,Iot/ Mixer 2.0 helps users by providing functionality for iot/ mixer 2.0.,"iot, mixer, 2.0, ai tool, online tool",Iot/ Mixer 2.0 — Use this tool online to iot/ quickly and easily.,iot-mixer-20
Space/Astronomy,Virtual Clim Mapper,Future,Virtual Clim Mapper helps users by providing cutting-edge functionality for virtual clim mapper.,"virtual, clim, mapper, ai tool, online tool",Virtual Clim Mapper — Use this tool online to virtual quickly and easily.,virtual-clim-mapper
Technology/Future,Educ Bot AI,Present,Educ Bot AI helps users by providing functionality for educ bot ai.,"educ, bot, ai tool, online tool",Educ Bot AI — Use this tool online to educ quickly and easily.,educ-bot-ai
Education/Learning,Smart GeneScie Assistant,Future,Smart GeneScie Assistant helps users by providing cutting-edge functionality for smart genescie assistant.,"smart, genescie, assistant, ai tool, online tool",Smart GeneScie Assistant — Use this tool online to smart quickly and easily.,smart-genescie-assistant
Generative Science,Heal Tracker AI,Generative,Heal Tracker AI helps users by providing functionality for heal tracker ai.,"heal, tracker, ai tool, online tool",Heal Tracker AI — Use this tool online to heal quickly and easily.,heal-tracker-ai
Entertainment/Culture,Clim Studio AI,Present,Clim Studio AI helps users by providing functionality for clim studio ai.,"clim, studio, ai tool, online tool",Clim Studio AI — Use this tool online to clim quickly and easily.,clim-studio-ai
Space/Astronomy,Desi Studio 2.0,Present,Desi Studio 2.0 helps users by providing functionality for desi studio 2.0.,"desi, studio, 2.0, ai tool, online tool",Desi Studio 2.0 — Use this tool online to desi quickly and easily.,desi-studio-20
Business/Finance,Auto Heal Creator Builder,Present,Auto Heal Creator Builder helps users by providing functionality for auto heal creator builder.,"auto, heal, creator, builder, ai tool, online tool",Auto Heal Creator Builder — Use this tool online to auto quickly and easily.,auto-heal-creator-builder
HealthTech/BioTech,Desi Analyzer Analyzer,Future,Desi Analyzer Analyzer helps users by providing cutting-edge functionality for desi analyzer analyzer.,"desi, analyzer, analyzer, ai tool, online tool",Desi Analyzer Analyzer — Use this tool online to desi quickly and easily.,desi-analyzer-analyzer
Generative Science,Clim Studio Assistant,Present,Clim Studio Assistant helps users by providing functionality for clim studio assistant.,"clim, studio, assistant, ai tool, online tool",Clim Studio Assistant — Use this tool online to clim quickly and easily.,clim-studio-assistant
Gaming/ARVR,Gami Tracker 2.0,Generative,Gami Tracker 2.0 helps users by providing functionality for gami tracker 2.0.,"gami, tracker, 2.0, ai tool, online tool",Gami Tracker 2.0 — Use this tool online to gami quickly and easily.,gami-tracker-20
Space/Astronomy,Instant VideTool Planner,Generative,Instant VideTool Planner helps users by providing functionality for instant videtool planner.,"instant, videtool, planner, ai tool, online tool",Instant VideTool Planner — Use this tool online to instant quickly and easily.,instant-videtool-planner
SEO/Digital Marketing,Deve Toolkit Assistant,Generative,Deve Toolkit Assistant helps users by providing functionality for deve toolkit assistant.,"deve, toolkit, assistant, ai tool, online tool",Deve Toolkit Assistant — Use this tool online to deve quickly and easily.,deve-toolkit-assistant
Gaming/ARVR,NextGen Clim Manager,Present,NextGen Clim Manager helps users by providing functionality for nextgen clim manager.,"nextgen, clim, manager, ai tool, online tool",NextGen Clim Manager — Use this tool online to nextgen quickly and easily.,nextgen-clim-manager
Developers/Coding,Iot/ Enhancer Analyzer,Generative,Iot/ Enhancer Analyzer helps users by providing functionality for iot/ enhancer analyzer.,"iot, enhancer, analyzer, ai tool, online tool",Iot/ Enhancer Analyzer — Use this tool online to iot/ quickly and easily.,iot-enhancer-analyzer
Climate/Environment,Cloud Tech Planner Service,Present,Cloud Tech Planner Service helps users by providing functionality for cloud tech planner service.,"cloud, tech, planner, service, ai tool, online tool",Cloud Tech Planner Service — Use this tool online to cloud quickly and easily.,cloud-tech-planner-service
SEO/Digital Marketing,Clim Dashboard X,Present,Clim Dashboard X helps users by providing functionality for clim dashboard x.,"clim, dashboard, ai tool, online tool",Clim Dashboard X — Use this tool online to clim quickly and easily.,clim-dashboard-x
Content Writing,Smart Seo/Mark Tracker,Present,Smart Seo/Mark Tracker helps users by providing functionality for smart seo/mark tracker.,"smart, seo, mark, tracker, ai tool, online tool",Smart Seo/Mark Tracker — Use this tool online to smart quickly and easily.,smart-seomark-tracker
Design/Creative,Generative Heal Tracker,Present,Generative Heal Tracker helps users by providing functionality for generative heal tracker.,"generative, heal, tracker, ai tool, online tool",Generative Heal Tracker — Use this tool online to generative quickly and easily.,generative-heal-tracker
Gaming/ARVR,NextGen Gami Bot,Generative,NextGen Gami Bot helps users by providing functionality for nextgen gami bot.,"nextgen, gami, bot, ai tool, online tool",NextGen Gami Bot — Use this tool online to nextgen quickly and easily.,nextgen-gami-bot
Education/Learning,Instant Clim Planner,Present,Instant Clim Planner helps users by providing functionality for instant clim planner.,"instant, clim, planner, ai tool, online tool",Instant Clim Planner — Use this tool online to instant quickly and easily.,instant-clim-planner
Video/Audio Tools,GeneScie Optimizer Studio,Future,GeneScie Optimizer Studio helps users by providing cutting-edge functionality for genescie optimizer studio.,"genescie, optimizer, studio, ai tool, online tool",GeneScie Optimizer Studio — Use this tool online to genescie quickly and easily.,genescie-optimizer-studio
Content Writing,ContWrit Tracker Analyzer,Present,ContWrit Tracker Analyzer helps users by providing functionality for contwrit tracker analyzer.,"contwrit, tracker, analyzer, ai tool, online tool",ContWrit Tracker Analyzer — Use this tool online to contwrit quickly and easily.,contwrit-tracker-analyzer
Space/Astronomy,Cloud GeneScie Bot Service,Generative,Cloud GeneScie Bot Service helps users by providing functionality for cloud genescie bot service.,"cloud, genescie, bot, service, ai tool, online tool",Cloud GeneScie Bot Service — Use this tool online to cloud quickly and easily.,cloud-genescie-bot-service
Education/Learning,NextGen ContWrit Optimizer,Generative,NextGen ContWrit Optimizer helps users by providing functionality for nextgen contwrit optimizer.,"nextgen, contwrit, optimizer, ai tool, online tool",NextGen ContWrit Optimizer — Use this tool online to nextgen quickly and easily.,nextgen-contwrit-optimizer
Technology/Future,Busi Mapper Studio,Future,Busi Mapper Studio helps users by providing cutting-edge functionality for busi mapper studio.,"busi, mapper, studio, ai tool, online tool",Busi Mapper Studio — Use this tool online to busi quickly and easily.,busi-mapper-studio
Personal/Lifestyle,ContWrit Composer Studio,Generative,ContWrit Composer Studio helps users by providing functionality for contwrit composer studio.,"contwrit, composer, studio, ai tool, online tool",ContWrit Composer Studio — Use this tool online to contwrit quickly and easily.,contwrit-composer-studio
Personal/Lifestyle,Generative Desi Lab,Generative,Generative Desi Lab helps users by providing functionality for generative desi lab.,"generative, desi, lab, ai tool, online tool",Generative Desi Lab — Use this tool online to generative quickly and easily.,generative-desi-lab
IoT/Robotics,Desi Editor 2.0,Generative,Desi Editor 2.0 helps users by providing functionality for desi editor 2.0.,"desi, editor, 2.0, ai tool, online tool",Desi Editor 2.0 — Use this tool online to desi quickly and easily.,desi-editor-20
Generative Science,Spac Planner Assistant,Generative,Spac Planner Assistant helps users by providing functionality for spac planner assistant.,"spac, planner, assistant, ai tool, online tool",Spac Planner Assistant — Use this tool online to spac quickly and easily.,spac-planner-assistant
Business/Finance,Educ Simulator Studio,Generative,Educ Simulator Studio helps users by providing functionality for educ simulator studio.,"educ, simulator, studio, ai tool, online tool",Educ Simulator Studio — Use this tool online to educ quickly and easily.,educ-simulator-studio
Climate/Environment,Cloud Clim Mixer Service,Generative,Cloud Clim Mixer Service helps users by providing functionality for cloud clim mixer service.,"cloud, clim, mixer, service, ai tool, online tool",Cloud Clim Mixer Service — Use this tool online to cloud quickly and easily.,cloud-clim-mixer-service
Generative Science,Instant Clim Editor,Future,Instant Clim Editor helps users by providing cutting-edge functionality for instant clim editor.,"instant, clim, editor, ai tool, online tool",Instant Clim Editor — Use this tool online to instant quickly and easily.,instant-clim-editor
Climate/Environment,Tech Creator 2.0,Future,Tech Creator 2.0 helps users by providing cutting-edge functionality for tech creator 2.0.,"tech, creator, 2.0, ai tool, online tool",Tech Creator 2.0 — Use this tool online to tech quickly and easily.,tech-creator-20
IoT/Robotics,Virtual Educ Optimizer,Future,Virtual Educ Optimizer helps users by providing cutting-edge functionality for virtual educ optimizer.,"virtual, educ, optimizer, ai tool, online tool",Virtual Educ Optimizer — Use this tool online to virtual quickly and easily.,virtual-educ-optimizer
Technology/Future,Instant Deve Lab,Present,Instant Deve Lab helps users by providing functionality for instant deve lab.,"instant, deve, lab, ai tool, online tool",Instant Deve Lab — Use this tool online to instant quickly and easily.,instant-deve-lab
Education/Learning,Clim Mixer AI,Present,Clim Mixer AI helps users by providing functionality for clim mixer ai.,"clim, mixer, ai tool, online tool",Clim Mixer AI — Use this tool online to clim quickly and easily.,clim-mixer-ai
Gaming/ARVR,Educ Composer Analyzer,Present,Educ Composer Analyzer helps users by providing functionality for educ composer analyzer.,"educ, composer, analyzer, ai tool, online tool",Educ Composer Analyzer — Use this tool online to educ quickly and easily.,educ-composer-analyzer
Video/Audio Tools,Auto VideTool Studio Builder,Generative,Auto VideTool Studio Builder helps users by providing functionality for auto videtool studio builder.,"auto, videtool, studio, builder, ai tool, online tool",Auto VideTool Studio Builder — Use this tool online to auto quickly and easily.,auto-videtool-studio-builder
Climate/Environment,NextGen Deve Creator,Present,NextGen Deve Creator helps users by providing functionality for nextgen deve creator.,"nextgen, deve, creator, ai tool, online tool",NextGen Deve Creator — Use this tool online to nextgen quickly and easily.,nextgen-deve-creator
Education/Learning,NextGen Iot/ Manager,Future,NextGen Iot/ Manager helps users by providing cutting-edge functionality for nextgen iot/ manager.,"nextgen, iot, manager, ai tool, online tool",NextGen Iot/ Manager — Use this tool online to nextgen quickly and easily.,nextgen-iot-manager
Developers/Coding,Instant Spac Assistant,Present,Instant Spac Assistant helps users by providing functionality for instant spac assistant.,"instant, spac, assistant, ai tool, online tool",Instant Spac Assistant — Use this tool online to instant quickly and easily.,instant-spac-assistant
Personal/Lifestyle,Busi Creator Assistant,Present,Busi Creator Assistant helps users by providing functionality for busi creator assistant.,"busi, creator, assistant, ai tool, online tool",Busi Creator Assistant — Use this tool online to busi quickly and easily.,busi-creator-assistant
SEO/Digital Marketing,Auto Ente Mapper Builder,Generative,Auto Ente Mapper Builder helps users by providing functionality for auto ente mapper builder.,"auto, ente, mapper, builder, ai tool, online tool",Auto Ente Mapper Builder — Use this tool online to auto quickly and easily.,auto-ente-mapper-builder
Entertainment/Culture,GeneScie Assistant Assistant,Present,GeneScie Assistant Assistant helps users by providing functionality for genescie assistant assistant.,"genescie, assistant, assistant, ai tool, online tool",GeneScie Assistant Assistant — Use this tool online to genescie quickly and easily.,genescie-assistant-assistant
Design/Creative,NextGen Spac Planner,Generative,NextGen Spac Planner helps users by providing functionality for nextgen spac planner.,"nextgen, spac, planner, ai tool, online tool",NextGen Spac Planner — Use this tool online to nextgen quickly and easily.,nextgen-spac-planner
Gaming/ARVR,AI Busi Composer Pro,Present,AI Busi Composer Pro helps users by providing functionality for ai busi composer pro.,"busi, composer, pro, ai tool, online tool",AI Busi Composer Pro — Use this tool online to ai quickly and easily.,ai-busi-composer-pro
Climate/Environment,Virtual ContWrit Generator,Present,Virtual ContWrit Generator helps users by providing functionality for virtual contwrit generator.,"virtual, contwrit, generator, ai tool, online tool",Virtual ContWrit Generator — Use this tool online to virtual quickly and easily.,virtual-contwrit-generator
Design/Creative,Cloud Educ Tracker Service,Future,Cloud Educ Tracker Service helps users by providing cutting-edge functionality for cloud educ tracker service.,"cloud, educ, tracker, service, ai tool, online tool",Cloud Educ Tracker Service — Use this tool online to cloud quickly and easily.,cloud-educ-tracker-service
Video/Audio Tools,Deve Detector AI,Generative,Deve Detector AI helps users by providing functionality for deve detector ai.,"deve, detector, ai tool, online tool",Deve Detector AI — Use this tool online to deve quickly and easily.,deve-detector-ai
Content Writing,Cloud Gami Enhancer Service,Present,Cloud Gami Enhancer Service helps users by providing functionality for cloud gami enhancer service.,"cloud, gami, enhancer, service, ai tool, online tool",Cloud Gami Enhancer Service — Use this tool online to cloud quickly and easily.,cloud-gami-enhancer-service
Developers/Coding,VideTool Mixer Assistant,Present,VideTool Mixer Assistant helps users by providing functionality for videtool mixer assistant.,"videtool, mixer, assistant, ai tool, online tool",VideTool Mixer Assistant — Use this tool online to videtool quickly and easily.,videtool-mixer-assistant
Developers/Coding,Generative Iot/ Lab,Present,Generative Iot/ Lab helps users by providing functionality for generative iot/ lab.,"generative, iot, lab, ai tool, online tool",Generative Iot/ Lab — Use this tool online to generative quickly and easily.,generative-iot-lab
Generative Science,Cloud GeneScie Simulator Service,Generative,Cloud GeneScie Simulator Service helps users by providing functionality for cloud genescie simulator service.,"cloud, genescie, simulator, service, ai tool, online tool",Cloud GeneScie Simulator Service — Use this tool online to cloud quickly and easily.,cloud-genescie-simulator-service
SEO/Digital Marketing,Spac Finder 2.0,Present,Spac Finder 2.0 helps users by providing functionality for spac finder 2.0.,"spac, finder, 2.0, ai tool, online tool",Spac Finder 2.0 — Use this tool online to spac quickly and easily.,spac-finder-20
Gaming/ARVR,Virtual Busi Toolkit,Present,Virtual Busi Toolkit helps users by providing functionality for virtual busi toolkit.,"virtual, busi, toolkit, ai tool, online tool",Virtual Busi Toolkit — Use this tool online to virtual quickly and easily.,virtual-busi-toolkit
Entertainment/Culture,Tech Bot Studio,Generative,Tech Bot Studio helps users by providing functionality for tech bot studio.,"tech, bot, studio, ai tool, online tool",Tech Bot Studio — Use this tool online to tech quickly and easily.,tech-bot-studio
Gaming/ARVR,VideTool Mapper 2.0,Present,VideTool Mapper 2.0 helps users by providing functionality for videtool mapper 2.0.,"videtool, mapper, 2.0, ai tool, online tool",VideTool Mapper 2.0 — Use this tool online to videtool quickly and easily.,videtool-mapper-20
IoT/Robotics,Pers Synth 2.0,Generative,Pers Synth 2.0 helps users by providing functionality for pers synth 2.0.,"pers, synth, 2.0, ai tool, online tool",Pers Synth 2.0 — Use this tool online to pers quickly and easily.,pers-synth-20
Technology/Future,Seo/Mark Studio Analyzer,Present,Seo/Mark Studio Analyzer helps users by providing functionality for seo/mark studio analyzer.,"seo, mark, studio, analyzer, ai tool, online tool",Seo/Mark Studio Analyzer — Use this tool online to seo/mark quickly and easily.,seomark-studio-analyzer
Technology/Future,Instant Gami Mixer,Generative,Instant Gami Mixer helps users by providing functionality for instant gami mixer.,"instant, gami, mixer, ai tool, online tool",Instant Gami Mixer — Use this tool online to instant quickly and easily.,instant-gami-mixer
Personal/Lifestyle,GeneScie Detector 2.0,Present,GeneScie Detector 2.0 helps users by providing functionality for genescie detector 2.0.,"genescie, detector, 2.0, ai tool, online tool",GeneScie Detector 2.0 — Use this tool online to genescie quickly and easily.,genescie-detector-20
SEO/Digital Marketing,Educ Detector Assistant,Present,Educ Detector Assistant helps users by providing functionality for educ detector assistant.,"educ, detector, assistant, ai tool, online tool",Educ Detector Assistant — Use this tool online to educ quickly and easily.,educ-detector-assistant
Technology/Future,Pers Creator Assistant,Present,Pers Creator Assistant helps users by providing functionality for pers creator assistant.,"pers, creator, assistant, ai tool, online tool",Pers Creator Assistant — Use this tool online to pers quickly and easily.,pers-creator-assistant
Video/Audio Tools,Spac Toolkit X,Generative,Spac Toolkit X helps users by providing functionality for spac toolkit x.,"spac, toolkit, ai tool, online tool",Spac Toolkit X — Use this tool online to spac quickly and easily.,spac-toolkit-x
Generative Science,NextGen Gami Optimizer,Generative,NextGen Gami Optimizer helps users by providing functionality for nextgen gami optimizer.,"nextgen, gami, optimizer, ai tool, online tool",NextGen Gami Optimizer — Use this tool online to nextgen quickly and easily.,nextgen-gami-optimizer
Space/Astronomy,Generative Deve Manager,Present,Generative Deve Manager helps users by providing functionality for generative deve manager.,"generative, deve, manager, ai tool, online tool",Generative Deve Manager — Use this tool online to generative quickly and easily.,generative-deve-manager
SEO/Digital Marketing,NextGen GeneScie Finder,Present,NextGen GeneScie Finder helps users by providing functionality for nextgen genescie finder.,"nextgen, genescie, finder, ai tool, online tool",NextGen GeneScie Finder — Use this tool online to nextgen quickly and easily.,nextgen-genescie-finder
Developers/Coding,Generative ContWrit Analyzer,Future,Generative ContWrit Analyzer helps users by providing cutting-edge functionality for generative contwrit analyzer.,"generative, contwrit, analyzer, ai tool, online tool",Generative ContWrit Analyzer — Use this tool online to generative quickly and easily.,generative-contwrit-analyzer
Climate/Environment,AI Busi Studio Pro,Generative,AI Busi Studio Pro helps users by providing functionality for ai busi studio pro.,"busi, studio, pro, ai tool, online tool",AI Busi Studio Pro — Use this tool online to ai quickly and easily.,ai-busi-studio-pro
Generative Science,Auto Seo/Mark Builder Builder,Present,Auto Seo/Mark Builder Builder helps users by providing functionality for auto seo/mark builder builder.,"auto, seo, mark, builder, builder, ai tool, online tool",Auto Seo/Mark Builder Builder — Use this tool online to auto quickly and easily.,auto-seomark-builder-builder
Technology/Future,Generative Tech Editor,Present,Generative Tech Editor helps users by providing functionality for generative tech editor.,"generative, tech, editor, ai tool, online tool",Generative Tech Editor — Use this tool online to generative quickly and easily.,generative-tech-editor
Education/Learning,Virtual Clim Dashboard,Generative,Virtual Clim Dashboard helps users by providing functionality for virtual clim dashboard.,"virtual, clim, dashboard, ai tool, online tool",Virtual Clim Dashboard — Use this tool online to virtual quickly and easily.,virtual-clim-dashboard
Developers/Coding,Gami Assistant AI,Generative,Gami Assistant AI helps users by providing functionality for gami assistant ai.,"gami, assistant, ai tool, online tool",Gami Assistant AI — Use this tool online to gami quickly and easily.,gami-assistant-ai
Gaming/ARVR,AI Iot/ Builder Pro,Generative,AI Iot/ Builder Pro helps users by providing functionality for ai iot/ builder pro.,"iot, builder, pro, ai tool, online tool",AI Iot/ Builder Pro — Use this tool online to ai quickly and easily.,ai-iot-builder-pro
Content Writing,Iot/ Analyzer 2.0,Present,Iot/ Analyzer 2.0 helps users by providing functionality for iot/ analyzer 2.0.,"iot, analyzer, 2.0, ai tool, online tool",Iot/ Analyzer 2.0 — Use this tool online to iot/ quickly and easily.,iot-analyzer-20
Technology/Future,Auto ContWrit Builder Builder,Generative,Auto ContWrit Builder Builder helps users by providing functionality for auto contwrit builder builder.,"auto, contwrit, builder, builder, ai tool, online tool",Auto ContWrit Builder Builder — Use this tool online to auto quickly and easily.,auto-contwrit-builder-builder
Content Writing,Auto Gami Builder Builder,Present,Auto Gami Builder Builder helps users by providing functionality for auto gami builder builder.,"auto, gami, builder, builder, ai tool, online tool",Auto Gami Builder Builder — Use this tool online to auto quickly and easily.,auto-gami-builder-builder
Education/Learning,Pers Bot X,Generative,Pers Bot X helps users by providing functionality for pers bot x.,"pers, bot, ai tool, online tool",Pers Bot X — Use this tool online to pers quickly and easily.,pers-bot-x
Design/Creative,Gami Mapper Assistant,Present,Gami Mapper Assistant helps users by providing functionality for gami mapper assistant.,"gami, mapper, assistant, ai tool, online tool",Gami Mapper Assistant — Use this tool online to gami quickly and easily.,gami-mapper-assistant
Personal/Lifestyle,Cloud Gami Composer Service,Future,Cloud Gami Composer Service helps users by providing cutting-edge functionality for cloud gami composer service.,"cloud, gami, composer, service, ai tool, online tool",Cloud Gami Composer Service — Use this tool online to cloud quickly and easily.,cloud-gami-composer-service
Entertainment/Culture,ContWrit Aligner Assistant,Future,ContWrit Aligner Assistant helps users by providing cutting-edge functionality for contwrit aligner assistant.,"contwrit, aligner, assistant, ai tool, online tool",ContWrit Aligner Assistant — Use this tool online to contwrit quickly and easily.,contwrit-aligner-assistant
Business/Finance,Clim Detector Studio,Present,Clim Detector Studio helps users by providing functionality for clim detector studio.,"clim, detector, studio, ai tool, online tool",Clim Detector Studio — Use this tool online to clim quickly and easily.,clim-detector-studio
Video/Audio Tools,Heal Converter 2.0,Present,Heal Converter 2.0 helps users by providing functionality for heal converter 2.0.,"heal, converter, 2.0, ai tool, online tool",Heal Converter 2.0 — Use this tool online to heal quickly and easily.,heal-converter-20
Climate/Environment,Auto Clim Enhancer Builder,Present,Auto Clim Enhancer Builder helps users by providing functionality for auto clim enhancer builder.,"auto, clim, enhancer, builder, ai tool, online tool",Auto Clim Enhancer Builder — Use this tool online to auto quickly and easily.,auto-clim-enhancer-builder
Video/Audio Tools,Smart GeneScie Studio,Present,Smart GeneScie Studio helps users by providing functionality for smart genescie studio.,"smart, genescie, studio, ai tool, online tool",Smart GeneScie Studio — Use this tool online to smart quickly and easily.,smart-genescie-studio
HealthTech/BioTech,Tech Aligner Assistant,Present,Tech Aligner Assistant helps users by providing functionality for tech aligner assistant.,"tech, aligner, assistant, ai tool, online tool",Tech Aligner Assistant — Use this tool online to tech quickly and easily.,tech-aligner-assistant
Content Writing,Auto Heal Synth Builder,Generative,Auto Heal Synth Builder helps users by providing functionality for auto heal synth builder.,"auto, heal, synth, builder, ai tool, online tool",Auto Heal Synth Builder — Use this tool online to auto quickly and easily.,auto-heal-synth-builder
Education/Learning,VideTool Manager 2.0,Present,VideTool Manager 2.0 helps users by providing functionality for videtool manager 2.0.,"videtool, manager, 2.0, ai tool, online tool",VideTool Manager 2.0 — Use this tool online to videtool quickly and easily.,videtool-manager-20
Developers/Coding,Cloud Tech Toolkit Service,Present,Cloud Tech Toolkit Service helps users by providing functionality for cloud tech toolkit service.,"cloud, tech, toolkit, service, ai tool, online tool",Cloud Tech Toolkit Service — Use this tool online to cloud quickly and easily.,cloud-tech-toolkit-service
Personal/Lifestyle,Gami Finder X,Present,Gami Finder X helps users by providing functionality for gami finder x.,"gami, finder, ai tool, online tool",Gami Finder X — Use this tool online to gami quickly and easily.,gami-finder-x
Climate/Environment,Auto Educ Simulator Builder,Present,Auto Educ Simulator Builder helps users by providing functionality for auto educ simulator builder.,"auto, educ, simulator, builder, ai tool, online tool",Auto Educ Simulator Builder — Use this tool online to auto quickly and easily.,auto-educ-simulator-builder
Technology/Future,Spac Enhancer 2.0,Future,Spac Enhancer 2.0 helps users by providing cutting-edge functionality for spac enhancer 2.0.,"spac, enhancer, 2.0, ai tool, online tool",Spac Enhancer 2.0 — Use this tool online to spac quickly and easily.,spac-enhancer-20
Developers/Coding,Iot/ Composer 2.0,Present,Iot/ Composer 2.0 helps users by providing functionality for iot/ composer 2.0.,"iot, composer, 2.0, ai tool, online tool",Iot/ Composer 2.0 — Use this tool online to iot/ quickly and easily.,iot-composer-20
Business/Finance,Smart Ente Builder,Present,Smart Ente Builder helps users by providing functionality for smart ente builder.,"smart, ente, builder, ai tool, online tool",Smart Ente Builder — Use this tool online to smart quickly and easily.,smart-ente-builder
Business/Finance,GeneScie Builder Studio,Present,GeneScie Builder Studio helps users by providing functionality for genescie builder studio.,"genescie, builder, studio, ai tool, online tool",GeneScie Builder Studio — Use this tool online to genescie quickly and easily.,genescie-builder-studio
Video/Audio Tools,Seo/Mark Synth AI,Generative,Seo/Mark Synth AI helps users by providing functionality for seo/mark synth ai.,"seo, mark, synth, ai tool, online tool",Seo/Mark Synth AI — Use this tool online to seo/mark quickly and easily.,seomark-synth-ai
Education/Learning,NextGen GeneScie Studio,Present,NextGen GeneScie Studio helps users by providing functionality for nextgen genescie studio.,"nextgen, genescie, studio, ai tool, online tool",NextGen GeneScie Studio — Use this tool online to nextgen quickly and easily.,nextgen-genescie-studio
Developers/Coding,Desi Toolkit Studio,Present,Desi Toolkit Studio helps users by providing functionality for desi toolkit studio.,"desi, toolkit, studio, ai tool, online tool",Desi Toolkit Studio — Use this tool online to desi quickly and easily.,desi-toolkit-studio
Education/Learning,Instant Ente Converter,Generative,Instant Ente Converter helps users by providing functionality for instant ente converter.,"instant, ente, converter, ai tool, online tool",Instant Ente Converter — Use this tool online to instant quickly and easily.,instant-ente-converter
Video/Audio Tools,Deve Tracker X,Present,Deve Tracker X helps users by providing functionality for deve tracker x.,"deve, tracker, ai tool, online tool",Deve Tracker X — Use this tool online to deve quickly and easily.,deve-tracker-x
Entertainment/Culture,Virtual Iot/ Tracker,Present,Virtual Iot/ Tracker helps users by providing functionality for virtual iot/ tracker.,"virtual, iot, tracker, ai tool, online tool",Virtual Iot/ Tracker — Use this tool online to virtual quickly and easily.,virtual-iot-tracker
Space/Astronomy,Spac Composer Analyzer,Present,Spac Composer Analyzer helps users by providing functionality for spac composer analyzer.,"spac, composer, analyzer, ai tool, online tool",Spac Composer Analyzer — Use this tool online to spac quickly and easily.,spac-composer-analyzer
Entertainment/Culture,Pers Bot Analyzer,Present,Pers Bot Analyzer helps users by providing functionality for pers bot analyzer.,"pers, bot, analyzer, ai tool, online tool",Pers Bot Analyzer — Use this tool online to pers quickly and easily.,pers-bot-analyzer
Video/Audio Tools,Cloud VideTool Bot Service,Future,Cloud VideTool Bot Service helps users by providing cutting-edge functionality for cloud videtool bot service.,"cloud, videtool, bot, service, ai tool, online tool",Cloud VideTool Bot Service — Use this tool online to cloud quickly and easily.,cloud-videtool-bot-service
Technology/Future,GeneScie Bot X,Generative,GeneScie Bot X helps users by providing functionality for genescie bot x.,"genescie, bot, ai tool, online tool",GeneScie Bot X — Use this tool online to genescie quickly and easily.,genescie-bot-x
Generative Science,Smart ContWrit Dashboard,Future,Smart ContWrit Dashboard helps users by providing cutting-edge functionality for smart contwrit dashboard.,"smart, contwrit, dashboard, ai tool, online tool",Smart ContWrit Dashboard — Use this tool online to smart quickly and easily.,smart-contwrit-dashboard
Generative Science,NextGen Tech Simulator,Future,NextGen Tech Simulator helps users by providing cutting-edge functionality for nextgen tech simulator.,"nextgen, tech, simulator, ai tool, online tool",NextGen Tech Simulator — Use this tool online to nextgen quickly and easily.,nextgen-tech-simulator
Content Writing,Cloud Educ Simulator Service,Generative,Cloud Educ Simulator Service helps users by providing functionality for cloud educ simulator service.,"cloud, educ, simulator, service, ai tool, online tool",Cloud Educ Simulator Service — Use this tool online to cloud quickly and easily.,cloud-educ-simulator-service
Content Writing,Gami Analyzer AI,Generative,Gami Analyzer AI helps users by providing functionality for gami analyzer ai.,"gami, analyzer, ai tool, online tool",Gami Analyzer AI — Use this tool online to gami quickly and easily.,gami-analyzer-ai
Gaming/ARVR,Generative VideTool Mixer,Future,Generative VideTool Mixer helps users by providing cutting-edge functionality for generative videtool mixer.,"generative, videtool, mixer, ai tool, online tool",Generative VideTool Mixer — Use this tool online to generative quickly and easily.,generative-videtool-mixer
Content Writing,Ente Analyzer X,Present,Ente Analyzer X helps users by providing functionality for ente analyzer x.,"ente, analyzer, ai tool, online tool",Ente Analyzer X — Use this tool online to ente quickly and easily.,ente-analyzer-x
HealthTech/BioTech,Cloud Educ Studio Service,Generative,Cloud Educ Studio Service helps users by providing functionality for cloud educ studio service.,"cloud, educ, studio, service, ai tool, online tool",Cloud Educ Studio Service — Use this tool online to cloud quickly and easily.,cloud-educ-studio-service
Business/Finance,Busi Bot Analyzer,Present,Busi Bot Analyzer helps users by providing functionality for busi bot analyzer.,"busi, bot, analyzer, ai tool, online tool",Busi Bot Analyzer — Use this tool online to busi quickly and easily.,busi-bot-analyzer
Developers/Coding,Iot/ Manager 2.0,Present,Iot/ Manager 2.0 helps users by providing functionality for iot/ manager 2.0.,"iot, manager, 2.0, ai tool, online tool",Iot/ Manager 2.0 — Use this tool online to iot/ quickly and easily.,iot-manager-20
Business/Finance,Heal Synth Studio,Generative,Heal Synth Studio helps users by providing functionality for heal synth studio.,"heal, synth, studio, ai tool, online tool",Heal Synth Studio — Use this tool online to heal quickly and easily.,heal-synth-studio
Developers/Coding,Iot/ Toolkit 2.0,Present,Iot/ Toolkit 2.0 helps users by providing functionality for iot/ toolkit 2.0.,"iot, toolkit, 2.0, ai tool, online tool",Iot/ Toolkit 2.0 — Use this tool online to iot/ quickly and easily.,iot-toolkit-20
Video/Audio Tools,Tech Planner Analyzer,Present,Tech Planner Analyzer helps users by providing functionality for tech planner analyzer.,"tech, planner, analyzer, ai tool, online tool",Tech Planner Analyzer — Use this tool online to tech quickly and easily.,tech-planner-analyzer
Technology/Future,Spac Bot AI,Future,Spac Bot AI helps users by providing cutting-edge functionality for spac bot ai.,"spac, bot, ai tool, online tool",Spac Bot AI — Use this tool online to spac quickly and easily.,spac-bot-ai
Design/Creative,Smart Ente Studio,Present,Smart Ente Studio helps users by providing functionality for smart ente studio.,"smart, ente, studio, ai tool, online tool",Smart Ente Studio — Use this tool online to smart quickly and easily.,smart-ente-studio
Space/Astronomy,Iot/ Composer Analyzer,Present,Iot/ Composer Analyzer helps users by providing functionality for iot/ composer analyzer.,"iot, composer, analyzer, ai tool, online tool",Iot/ Composer Analyzer — Use this tool online to iot/ quickly and easily.,iot-composer-analyzer
Business/Finance,Cloud Iot/ Aligner Service,Present,Cloud Iot/ Aligner Service helps users by providing functionality for cloud iot/ aligner service.,"cloud, iot, aligner, service, ai tool, online tool",Cloud Iot/ Aligner Service — Use this tool online to cloud quickly and easily.,cloud-iot-aligner-service
Business/Finance,AI Pers Detector Pro,Future,AI Pers Detector Pro helps users by providing cutting-edge functionality for ai pers detector pro.,"pers, detector, pro, ai tool, online tool",AI Pers Detector Pro — Use this tool online to ai quickly and easily.,ai-pers-detector-pro
Developers/Coding,NextGen Spac Optimizer,Present,NextGen Spac Optimizer helps users by providing functionality for nextgen spac optimizer.,"nextgen, spac, optimizer, ai tool, online tool",NextGen Spac Optimizer — Use this tool online to nextgen quickly and easily.,nextgen-spac-optimizer
HealthTech/BioTech,Cloud ContWrit Converter Service,Present,Cloud ContWrit Converter Service helps users by providing functionality for cloud contwrit converter service.,"cloud, contwrit, converter, service, ai tool, online tool",Cloud ContWrit Converter Service — Use this tool online to cloud quickly and easily.,cloud-contwrit-converter-service
HealthTech/BioTech,Ente Optimizer Analyzer,Generative,Ente Optimizer Analyzer helps users by providing functionality for ente optimizer analyzer.,"ente, optimizer, analyzer, ai tool, online tool",Ente Optimizer Analyzer — Use this tool online to ente quickly and easily.,ente-optimizer-analyzer
Technology/Future,Smart Seo/Mark Finder,Present,Smart Seo/Mark Finder helps users by providing functionality for smart seo/mark finder.,"smart, seo, mark, finder, ai tool, online tool",Smart Seo/Mark Finder — Use this tool online to smart quickly and easily.,smart-seomark-finder
Video/Audio Tools,Auto Ente Analyzer Builder,Present,Auto Ente Analyzer Builder helps users by providing functionality for auto ente analyzer builder.,"auto, ente, analyzer, builder, ai tool, online tool",Auto Ente Analyzer Builder — Use this tool online to auto quickly and easily.,auto-ente-analyzer-builder
Video/Audio Tools,Heal Mixer 2.0,Generative,Heal Mixer 2.0 helps users by providing functionality for heal mixer 2.0.,"heal, mixer, 2.0, ai tool, online tool",Heal Mixer 2.0 — Use this tool online to heal quickly and easily.,heal-mixer-20
Technology/Future,Generative Heal Toolkit,Generative,Generative Heal Toolkit helps users by providing functionality for generative heal toolkit.,"generative, heal, toolkit, ai tool, online tool",Generative Heal Toolkit — Use this tool online to generative quickly and easily.,generative-heal-toolkit
SEO/Digital Marketing,Educ Analyzer Analyzer,Generative,Educ Analyzer Analyzer helps users by providing functionality for educ analyzer analyzer.,"educ, analyzer, analyzer, ai tool, online tool",Educ Analyzer Analyzer — Use this tool online to educ quickly and easily.,educ-analyzer-analyzer
Technology/Future,Gami Creator X,Present,Gami Creator X helps users by providing functionality for gami creator x.,"gami, creator, ai tool, online tool",Gami Creator X — Use this tool online to gami quickly and easily.,gami-creator-x
Space/Astronomy,AI Seo/Mark Composer Pro,Present,AI Seo/Mark Composer Pro helps users by providing functionality for ai seo/mark composer pro.,"seo, mark, composer, pro, ai tool, online tool",AI Seo/Mark Composer Pro — Use this tool online to ai quickly and easily.,ai-seomark-composer-pro
HealthTech/BioTech,VideTool Bot X,Present,VideTool Bot X helps users by providing functionality for videtool bot x.,"videtool, bot, ai tool, online tool",VideTool Bot X — Use this tool online to videtool quickly and easily.,videtool-bot-x
Design/Creative,AI ContWrit Toolkit Pro,Present,AI ContWrit Toolkit Pro helps users by providing functionality for ai contwrit toolkit pro.,"contwrit, toolkit, pro, ai tool, online tool",AI ContWrit Toolkit Pro — Use this tool online to ai quickly and easily.,ai-contwrit-toolkit-pro
HealthTech/BioTech,Smart Desi Editor,Generative,Smart Desi Editor helps users by providing functionality for smart desi editor.,"smart, desi, editor, ai tool, online tool",Smart Desi Editor — Use this tool online to smart quickly and easily.,smart-desi-editor
Business/Finance,Iot/ Bot AI,Future,Iot/ Bot AI helps users by providing cutting-edge functionality for iot/ bot ai.,"iot, bot, ai tool, online tool",Iot/ Bot AI — Use this tool online to iot/ quickly and easily.,iot-bot-ai
Space/Astronomy,Instant GeneScie Lab,Future,Instant GeneScie Lab helps users by providing cutting-edge functionality for instant genescie lab.,"instant, genescie, lab, ai tool, online tool",Instant GeneScie Lab — Use this tool online to instant quickly and easily.,instant-genescie-lab
HealthTech/BioTech,Virtual ContWrit Mixer,Present,Virtual ContWrit Mixer helps users by providing functionality for virtual contwrit mixer.,"virtual, contwrit, mixer, ai tool, online tool",Virtual ContWrit Mixer — Use this tool online to virtual quickly and easily.,virtual-contwrit-mixer
SEO/Digital Marketing,NextGen Pers Detector,Generative,NextGen Pers Detector helps users by providing functionality for nextgen pers detector.,"nextgen, pers, detector, ai tool, online tool",NextGen Pers Detector — Use this tool online to nextgen quickly and easily.,nextgen-pers-detector
HealthTech/BioTech,Clim Mixer Studio,Present,Clim Mixer Studio helps users by providing functionality for clim mixer studio.,"clim, mixer, studio, ai tool, online tool",Clim Mixer Studio — Use this tool online to clim quickly and easily.,clim-mixer-studio
Education/Learning,Seo/Mark Simulator AI,Present,Seo/Mark Simulator AI helps users by providing functionality for seo/mark simulator ai.,"seo, mark, simulator, ai tool, online tool",Seo/Mark Simulator AI — Use this tool online to seo/mark quickly and easily.,seomark-simulator-ai
Technology/Future,Educ Optimizer 2.0,Generative,Educ Optimizer 2.0 helps users by providing functionality for educ optimizer 2.0.,"educ, optimizer, 2.0, ai tool, online tool",Educ Optimizer 2.0 — Use this tool online to educ quickly and easily.,educ-optimizer-20
SEO/Digital Marketing,Instant Seo/Mark Optimizer,Present,Instant Seo/Mark Optimizer helps users by providing functionality for instant seo/mark optimizer.,"instant, seo, mark, optimizer, ai tool, online tool",Instant Seo/Mark Optimizer — Use this tool online to instant quickly and easily.,instant-seomark-optimizer
Climate/Environment,Cloud Busi Studio Service,Present,Cloud Busi Studio Service helps users by providing functionality for cloud busi studio service.,"cloud, busi, studio, service, ai tool, online tool",Cloud Busi Studio Service — Use this tool online to cloud quickly and easily.,cloud-busi-studio-service
Entertainment/Culture,Smart Tech Mapper,Generative,Smart Tech Mapper helps users by providing functionality for smart tech mapper.,"smart, tech, mapper, ai tool, online tool",Smart Tech Mapper — Use this tool online to smart quickly and easily.,smart-tech-mapper
Entertainment/Culture,Gami Enhancer Analyzer,Future,Gami Enhancer Analyzer helps users by providing cutting-edge functionality for gami enhancer analyzer.,"gami, enhancer, analyzer, ai tool, online tool",Gami Enhancer Analyzer — Use this tool online to gami quickly and easily.,gami-enhancer-analyzer
Technology/Future,Auto Iot/ Aligner Builder,Present,Auto Iot/ Aligner Builder helps users by providing functionality for auto iot/ aligner builder.,"auto, iot, aligner, builder, ai tool, online tool",Auto Iot/ Aligner Builder — Use this tool online to auto quickly and easily.,auto-iot-aligner-builder
Design/Creative,Virtual Gami Finder,Generative,Virtual Gami Finder helps users by providing functionality for virtual gami finder.,"virtual, gami, finder, ai tool, online tool",Virtual Gami Finder — Use this tool online to virtual quickly and easily.,virtual-gami-finder
IoT/Robotics,Virtual Deve Generator,Present,Virtual Deve Generator helps users by providing functionality for virtual deve generator.,"virtual, deve, generator, ai tool, online tool",Virtual Deve Generator — Use this tool online to virtual quickly and easily.,virtual-deve-generator
Technology/Future,Tech Tracker Assistant,Present,Tech Tracker Assistant helps users by providing functionality for tech tracker assistant.,"tech, tracker, assistant, ai tool, online tool",Tech Tracker Assistant — Use this tool online to tech quickly and easily.,tech-tracker-assistant
HealthTech/BioTech,Desi Mapper AI,Present,Desi Mapper AI helps users by providing functionality for desi mapper ai.,"desi, mapper, ai tool, online tool",Desi Mapper AI — Use this tool online to desi quickly and easily.,desi-mapper-ai
Video/Audio Tools,Clim Mixer Assistant,Present,Clim Mixer Assistant helps users by providing functionality for clim mixer assistant.,"clim, mixer, assistant, ai tool, online tool",Clim Mixer Assistant — Use this tool online to clim quickly and easily.,clim-mixer-assistant
Video/Audio Tools,Pers Composer AI,Future,Pers Composer AI helps users by providing cutting-edge functionality for pers composer ai.,"pers, composer, ai tool, online tool",Pers Composer AI — Use this tool online to pers quickly and easily.,pers-composer-ai
Entertainment/Culture,Tech Studio X,Future,Tech Studio X helps users by providing cutting-edge functionality for tech studio x.,"tech, studio, ai tool, online tool",Tech Studio X — Use this tool online to tech quickly and easily.,tech-studio-x
Developers/Coding,AI Ente Toolkit Pro,Present,AI Ente Toolkit Pro helps users by providing functionality for ai ente toolkit pro.,"ente, toolkit, pro, ai tool, online tool",AI Ente Toolkit Pro — Use this tool online to ai quickly and easily.,ai-ente-toolkit-pro
Climate/Environment,Gami Planner Analyzer,Present,Gami Planner Analyzer helps users by providing functionality for gami planner analyzer.,"gami, planner, analyzer, ai tool, online tool",Gami Planner Analyzer — Use this tool online to gami quickly and easily.,gami-planner-analyzer
Content Writing,Educ Optimizer AI,Future,Educ Optimizer AI helps users by providing cutting-edge functionality for educ optimizer ai.,"educ, optimizer, ai tool, online tool",Educ Optimizer AI — Use this tool online to educ quickly and easily.,educ-optimizer-ai
Climate/Environment,Instant Busi Composer,Generative,Instant Busi Composer helps users by providing functionality for instant busi composer.,"instant, busi, composer, ai tool, online tool",Instant Busi Composer — Use this tool online to instant quickly and easily.,instant-busi-composer
Climate/Environment,Generative VideTool Planner,Generative,Generative VideTool Planner helps users by providing functionality for generative videtool planner.,"generative, videtool, planner, ai tool, online tool",Generative VideTool Planner — Use this tool online to generative quickly and easily.,generative-videtool-planner
SEO/Digital Marketing,Ente Studio Assistant,Future,Ente Studio Assistant helps users by providing cutting-edge functionality for ente studio assistant.,"ente, studio, assistant, ai tool, online tool",Ente Studio Assistant — Use this tool online to ente quickly and easily.,ente-studio-assistant
Gaming/ARVR,VideTool Manager Assistant,Generative,VideTool Manager Assistant helps users by providing functionality for videtool manager assistant.,"videtool, manager, assistant, ai tool, online tool",VideTool Manager Assistant — Use this tool online to videtool quickly and easily.,videtool-manager-assistant
Gaming/ARVR,Instant Desi Assistant,Present,Instant Desi Assistant helps users by providing functionality for instant desi assistant.,"instant, desi, assistant, ai tool, online tool",Instant Desi Assistant — Use this tool online to instant quickly and easily.,instant-desi-assistant
HealthTech/BioTech,NextGen Seo/Mark Dashboard,Generative,NextGen Seo/Mark Dashboard helps users by providing functionality for nextgen seo/mark dashboard.,"nextgen, seo, mark, dashboard, ai tool, online tool",NextGen Seo/Mark Dashboard — Use this tool online to nextgen quickly and easily.,nextgen-seomark-dashboard
Content Writing,Tech Creator AI,Present,Tech Creator AI helps users by providing functionality for tech creator ai.,"tech, creator, ai tool, online tool",Tech Creator AI — Use this tool online to tech quickly and easily.,tech-creator-ai
Generative Science,Deve Studio Assistant,Future,Deve Studio Assistant helps users by providing cutting-edge functionality for deve studio assistant.,"deve, studio, assistant, ai tool, online tool",Deve Studio Assistant — Use this tool online to deve quickly and easily.,deve-studio-assistant
Business/Finance,Auto Clim Finder Builder,Present,Auto Clim Finder Builder helps users by providing functionality for auto clim finder builder.,"auto, clim, finder, builder, ai tool, online tool",Auto Clim Finder Builder — Use this tool online to auto quickly and easily.,auto-clim-finder-builder
Technology/Future,AI Ente Enhancer Pro,Future,AI Ente Enhancer Pro helps users by providing cutting-edge functionality for ai ente enhancer pro.,"ente, enhancer, pro, ai tool, online tool",AI Ente Enhancer Pro — Use this tool online to ai quickly and easily.,ai-ente-enhancer-pro
Video/Audio Tools,Educ Lab 2.0,Generative,Educ Lab 2.0 helps users by providing functionality for educ lab 2.0.,"educ, lab, 2.0, ai tool, online tool",Educ Lab 2.0 — Use this tool online to educ quickly and easily.,educ-lab-20
Technology/Future,Smart Heal Synth,Present,Smart Heal Synth helps users by providing functionality for smart heal synth.,"smart, heal, synth, ai tool, online tool",Smart Heal Synth — Use this tool online to smart quickly and easily.,smart-heal-synth
HealthTech/BioTech,Heal Editor AI,Generative,Heal Editor AI helps users by providing functionality for heal editor ai.,"heal, editor, ai tool, online tool",Heal Editor AI — Use this tool online to heal quickly and easily.,heal-editor-ai
Design/Creative,Virtual Seo/Mark Mixer,Future,Virtual Seo/Mark Mixer helps users by providing cutting-edge functionality for virtual seo/mark mixer.,"virtual, seo, mark, mixer, ai tool, online tool",Virtual Seo/Mark Mixer — Use this tool online to virtual quickly and easily.,virtual-seomark-mixer
Developers/Coding,Clim Builder X,Present,Clim Builder X helps users by providing functionality for clim builder x.,"clim, builder, ai tool, online tool",Clim Builder X — Use this tool online to clim quickly and easily.,clim-builder-x
Gaming/ARVR,VideTool Toolkit Analyzer,Generative,VideTool Toolkit Analyzer helps users by providing functionality for videtool toolkit analyzer.,"videtool, toolkit, analyzer, ai tool, online tool",VideTool Toolkit Analyzer — Use this tool online to videtool quickly and easily.,videtool-toolkit-analyzer
Content Writing,Auto VideTool Generator Builder,Generative,Auto VideTool Generator Builder helps users by providing functionality for auto videtool generator builder.,"auto, videtool, generator, builder, ai tool, online tool",Auto VideTool Generator Builder — Use this tool online to auto quickly and easily.,auto-videtool-generator-builder
SEO/Digital Marketing,NextGen Spac Toolkit,Present,NextGen Spac Toolkit helps users by providing functionality for nextgen spac toolkit.,"nextgen, spac, toolkit, ai tool, online tool",NextGen Spac Toolkit — Use this tool online to nextgen quickly and easily.,nextgen-spac-toolkit
HealthTech/BioTech,VideTool Composer Studio,Present,VideTool Composer Studio helps users by providing functionality for videtool composer studio.,"videtool, composer, studio, ai tool, online tool",VideTool Composer Studio — Use this tool online to videtool quickly and easily.,videtool-composer-studio
Technology/Future,Auto GeneScie Aligner Builder,Present,Auto GeneScie Aligner Builder helps users by providing functionality for auto genescie aligner builder.,"auto, genescie, aligner, builder, ai tool, online tool",Auto GeneScie Aligner Builder — Use this tool online to auto quickly and easily.,auto-genescie-aligner-builder
Climate/Environment,Busi Enhancer 2.0,Generative,Busi Enhancer 2.0 helps users by providing functionality for busi enhancer 2.0.,"busi, enhancer, 2.0, ai tool, online tool",Busi Enhancer 2.0 — Use this tool online to busi quickly and easily.,busi-enhancer-20
Business/Finance,Smart Busi Planner,Present,Smart Busi Planner helps users by providing functionality for smart busi planner.,"smart, busi, planner, ai tool, online tool",Smart Busi Planner — Use this tool online to smart quickly and easily.,smart-busi-planner
Design/Creative,Instant VideTool Dashboard,Present,Instant VideTool Dashboard helps users by providing functionality for instant videtool dashboard.,"instant, videtool, dashboard, ai tool, online tool",Instant VideTool Dashboard — Use this tool online to instant quickly and easily.,instant-videtool-dashboard
HealthTech/BioTech,Seo/Mark Composer AI,Generative,Seo/Mark Composer AI helps users by providing functionality for seo/mark composer ai.,"seo, mark, composer, ai tool, online tool",Seo/Mark Composer AI — Use this tool online to seo/mark quickly and easily.,seomark-composer-ai
HealthTech/BioTech,Desi Planner Studio,Generative,Desi Planner Studio helps users by providing functionality for desi planner studio.,"desi, planner, studio, ai tool, online tool",Desi Planner Studio — Use this tool online to desi quickly and easily.,desi-planner-studio
Developers/Coding,AI Educ Lab Pro,Present,AI Educ Lab Pro helps users by providing functionality for ai educ lab pro.,"educ, lab, pro, ai tool, online tool",AI Educ Lab Pro — Use this tool online to ai quickly and easily.,ai-educ-lab-pro
Content Writing,Cloud Seo/Mark Generator Service,Present,Cloud Seo/Mark Generator Service helps users by providing functionality for cloud seo/mark generator service.,"cloud, seo, mark, generator, service, ai tool, online tool",Cloud Seo/Mark Generator Service — Use this tool online to cloud quickly and easily.,cloud-seomark-generator-service
Generative Science,Smart Pers Toolkit,Generative,Smart Pers Toolkit helps users by providing functionality for smart pers toolkit.,"smart, pers, toolkit, ai tool, online tool",Smart Pers Toolkit — Use this tool online to smart quickly and easily.,smart-pers-toolkit
SEO/Digital Marketing,Desi Composer AI,Future,Desi Composer AI helps users by providing cutting-edge functionality for desi composer ai.,"desi, composer, ai tool, online tool",Desi Composer AI — Use this tool online to desi quickly and easily.,desi-composer-ai
Generative Science,Virtual GeneScie Synth,Generative,Virtual GeneScie Synth helps users by providing functionality for virtual genescie synth.,"virtual, genescie, synth, ai tool, online tool",Virtual GeneScie Synth — Use this tool online to virtual quickly and easily.,virtual-genescie-synth
Generative Science,NextGen ContWrit Mixer,Present,NextGen ContWrit Mixer helps users by providing functionality for nextgen contwrit mixer.,"nextgen, contwrit, mixer, ai tool, online tool",NextGen ContWrit Mixer — Use this tool online to nextgen quickly and easily.,nextgen-contwrit-mixer
Generative Science,Gami Studio AI,Present,Gami Studio AI helps users by providing functionality for gami studio ai.,"gami, studio, ai tool, online tool",Gami Studio AI — Use this tool online to gami quickly and easily.,gami-studio-ai
Education/Learning,Smart Deve Simulator,Future,Smart Deve Simulator helps users by providing cutting-edge functionality for smart deve simulator.,"smart, deve, simulator, ai tool, online tool",Smart Deve Simulator — Use this tool online to smart quickly and easily.,smart-deve-simulator
Climate/Environment,Iot/ Composer X,Generative,Iot/ Composer X helps users by providing functionality for iot/ composer x.,"iot, composer, ai tool, online tool",Iot/ Composer X — Use this tool online to iot/ quickly and easily.,iot-composer-x
Entertainment/Culture,Tech Simulator Analyzer,Present,Tech Simulator Analyzer helps users by providing functionality for tech simulator analyzer.,"tech, simulator, analyzer, ai tool, online tool",Tech Simulator Analyzer — Use this tool online to tech quickly and easily.,tech-simulator-analyzer
Space/Astronomy,Heal Planner Studio,Present,Heal Planner Studio helps users by providing functionality for heal planner studio.,"heal, planner, studio, ai tool, online tool",Heal Planner Studio — Use this tool online to heal quickly and easily.,heal-planner-studio
Space/Astronomy,Auto Desi Planner Builder,Generative,Auto Desi Planner Builder helps users by providing functionality for auto desi planner builder.,"auto, desi, planner, builder, ai tool, online tool",Auto Desi Planner Builder — Use this tool online to auto quickly and easily.,auto-desi-planner-builder
Design/Creative,Seo/Mark Editor 2.0,Present,Seo/Mark Editor 2.0 helps users by providing functionality for seo/mark editor 2.0.,"seo, mark, editor, 2.0, ai tool, online tool",Seo/Mark Editor 2.0 — Use this tool online to seo/mark quickly and easily.,seomark-editor-20
Design/Creative,Virtual GeneScie Analyzer,Present,Virtual GeneScie Analyzer helps users by providing functionality for virtual genescie analyzer.,"virtual, genescie, analyzer, ai tool, online tool",Virtual GeneScie Analyzer — Use this tool online to virtual quickly and easily.,virtual-genescie-analyzer
HealthTech/BioTech,Gami Composer Studio,Generative,Gami Composer Studio helps users by providing functionality for gami composer studio.,"gami, composer, studio, ai tool, online tool",Gami Composer Studio — Use this tool online to gami quickly and easily.,gami-composer-studio
Business/Finance,Generative Gami Creator,Future,Generative Gami Creator helps users by providing cutting-edge functionality for generative gami creator.,"generative, gami, creator, ai tool, online tool",Generative Gami Creator — Use this tool online to generative quickly and easily.,generative-gami-creator
Climate/Environment,Pers Tracker Studio,Present,Pers Tracker Studio helps users by providing functionality for pers tracker studio.,"pers, tracker, studio, ai tool, online tool",Pers Tracker Studio — Use this tool online to pers quickly and easily.,pers-tracker-studio
IoT/Robotics,Instant Iot/ Studio,Generative,Instant Iot/ Studio helps users by providing functionality for instant iot/ studio.,"instant, iot, studio, ai tool, online tool",Instant Iot/ Studio — Use this tool online to instant quickly and easily.,instant-iot-studio
Climate/Environment,Instant Educ Tracker,Generative,Instant Educ Tracker helps users by providing functionality for instant educ tracker.,"instant, educ, tracker, ai tool, online tool",Instant Educ Tracker — Use this tool online to instant quickly and easily.,instant-educ-tracker
SEO/Digital Marketing,Smart Deve Bot,Generative,Smart Deve Bot helps users by providing functionality for smart deve bot.,"smart, deve, bot, ai tool, online tool",Smart Deve Bot — Use this tool online to smart quickly and easily.,smart-deve-bot
Entertainment/Culture,Instant GeneScie Converter,Present,Instant GeneScie Converter helps users by providing functionality for instant genescie converter.,"instant, genescie, converter, ai tool, online tool",Instant GeneScie Converter — Use this tool online to instant quickly and easily.,instant-genescie-converter
Climate/Environment,Spac Lab Analyzer,Generative,Spac Lab Analyzer helps users by providing functionality for spac lab analyzer.,"spac, lab, analyzer, ai tool, online tool",Spac Lab Analyzer — Use this tool online to spac quickly and easily.,spac-lab-analyzer
HealthTech/BioTech,Smart Educ Lab,Future,Smart Educ Lab helps users by providing cutting-edge functionality for smart educ lab.,"smart, educ, lab, ai tool, online tool",Smart Educ Lab — Use this tool online to smart quickly and easily.,smart-educ-lab
Design/Creative,Instant ContWrit Planner,Generative,Instant ContWrit Planner helps users by providing functionality for instant contwrit planner.,"instant, contwrit, planner, ai tool, online tool",Instant ContWrit Planner — Use this tool online to instant quickly and easily.,instant-contwrit-planner
Gaming/ARVR,Virtual Spac Lab,Present,Virtual Spac Lab helps users by providing functionality for virtual spac lab.,"virtual, spac, lab, ai tool, online tool",Virtual Spac Lab — Use this tool online to virtual quickly and easily.,virtual-spac-lab
Content Writing,Gami Toolkit X,Present,Gami Toolkit X helps users by providing functionality for gami toolkit x.,"gami, toolkit, ai tool, online tool",Gami Toolkit X — Use this tool online to gami quickly and easily.,gami-toolkit-x
Video/Audio Tools,Instant Seo/Mark Lab,Generative,Instant Seo/Mark Lab helps users by providing functionality for instant seo/mark lab.,"instant, seo, mark, lab, ai tool, online tool",Instant Seo/Mark Lab — Use this tool online to instant quickly and easily.,instant-seomark-lab
Generative Science,Smart Iot/ Converter,Generative,Smart Iot/ Converter helps users by providing functionality for smart iot/ converter.,"smart, iot, converter, ai tool, online tool",Smart Iot/ Converter — Use this tool online to smart quickly and easily.,smart-iot-converter
Generative Science,Instant Pers Studio,Present,Instant Pers Studio helps users by providing functionality for instant pers studio.,"instant, pers, studio, ai tool, online tool",Instant Pers Studio — Use this tool online to instant quickly and easily.,instant-pers-studio
HealthTech/BioTech,Iot/ Simulator Assistant,Generative,Iot/ Simulator Assistant helps users by providing functionality for iot/ simulator assistant.,"iot, simulator, assistant, ai tool, online tool",Iot/ Simulator Assistant — Use this tool online to iot/ quickly and easily.,iot-simulator-assistant
IoT/Robotics,Auto Iot/ Planner Builder,Generative,Auto Iot/ Planner Builder helps users by providing functionality for auto iot/ planner builder.,"auto, iot, planner, builder, ai tool, online tool",Auto Iot/ Planner Builder — Use this tool online to auto quickly and easily.,auto-iot-planner-builder
Video/Audio Tools,Tech Composer Studio,Generative,Tech Composer Studio helps users by providing functionality for tech composer studio.,"tech, composer, studio, ai tool, online tool",Tech Composer Studio — Use this tool online to tech quickly and easily.,tech-composer-studio
Developers/Coding,Cloud Clim Analyzer Service,Future,Cloud Clim Analyzer Service helps users by providing cutting-edge functionality for cloud clim analyzer service.,"cloud, clim, analyzer, service, ai tool, online tool",Cloud Clim Analyzer Service — Use this tool online to cloud quickly and easily.,cloud-clim-analyzer-service
Content Writing,ContWrit Creator Assistant,Present,ContWrit Creator Assistant helps users by providing functionality for contwrit creator assistant.,"contwrit, creator, assistant, ai tool, online tool",ContWrit Creator Assistant — Use this tool online to contwrit quickly and easily.,contwrit-creator-assistant
Space/Astronomy,NextGen Spac Converter,Present,NextGen Spac Converter helps users by providing functionality for nextgen spac converter.,"nextgen, spac, converter, ai tool, online tool",NextGen Spac Converter — Use this tool online to nextgen quickly and easily.,nextgen-spac-converter
Video/Audio Tools,NextGen Busi Tracker,Present,NextGen Busi Tracker helps users by providing functionality for nextgen busi tracker.,"nextgen, busi, tracker, ai tool, online tool",NextGen Busi Tracker — Use this tool online to nextgen quickly and easily.,nextgen-busi-tracker
Gaming/ARVR,Instant Iot/ Mixer,Generative,Instant Iot/ Mixer helps users by providing functionality for instant iot/ mixer.,"instant, iot, mixer, ai tool, online tool",Instant Iot/ Mixer — Use this tool online to instant quickly and easily.,instant-iot-mixer
Gaming/ARVR,Cloud GeneScie Converter Service,Present,Cloud GeneScie Converter Service helps users by providing functionality for cloud genescie converter service.,"cloud, genescie, converter, service, ai tool, online tool",Cloud GeneScie Converter Service — Use this tool online to cloud quickly and easily.,cloud-genescie-converter-service
Business/Finance,Generative Clim Lab,Present,Generative Clim Lab helps users by providing functionality for generative clim lab.,"generative, clim, lab, ai tool, online tool",Generative Clim Lab — Use this tool online to generative quickly and easily.,generative-clim-lab
Gaming/ARVR,Desi Toolkit 2.0,Future,Desi Toolkit 2.0 helps users by providing cutting-edge functionality for desi toolkit 2.0.,"desi, toolkit, 2.0, ai tool, online tool",Desi Toolkit 2.0 — Use this tool online to desi quickly and easily.,desi-toolkit-20
IoT/Robotics,NextGen Pers Generator,Present,NextGen Pers Generator helps users by providing functionality for nextgen pers generator.,"nextgen, pers, generator, ai tool, online tool",NextGen Pers Generator — Use this tool online to nextgen quickly and easily.,nextgen-pers-generator
Developers/Coding,Smart Iot/ Creator,Present,Smart Iot/ Creator helps users by providing functionality for smart iot/ creator.,"smart, iot, creator, ai tool, online tool",Smart Iot/ Creator — Use this tool online to smart quickly and easily.,smart-iot-creator
Developers/Coding,AI Gami Lab Pro,Generative,AI Gami Lab Pro helps users by providing functionality for ai gami lab pro.,"gami, lab, pro, ai tool, online tool",AI Gami Lab Pro — Use this tool online to ai quickly and easily.,ai-gami-lab-pro
SEO/Digital Marketing,Smart Educ Manager,Present,Smart Educ Manager helps users by providing functionality for smart educ manager.,"smart, educ, manager, ai tool, online tool",Smart Educ Manager — Use this tool online to smart quickly and easily.,smart-educ-manager
Generative Science,Cloud Ente Synth Service,Future,Cloud Ente Synth Service helps users by providing cutting-edge functionality for cloud ente synth service.,"cloud, ente, synth, service, ai tool, online tool",Cloud Ente Synth Service — Use this tool online to cloud quickly and easily.,cloud-ente-synth-service
IoT/Robotics,Instant Iot/ Toolkit,Generative,Instant Iot/ Toolkit helps users by providing functionality for instant iot/ toolkit.,"instant, iot, toolkit, ai tool, online tool",Instant Iot/ Toolkit — Use this tool online to instant quickly and easily.,instant-iot-toolkit
IoT/Robotics,Educ Aligner 2.0,Generative,Educ Aligner 2.0 helps users by providing functionality for educ aligner 2.0.,"educ, aligner, 2.0, ai tool, online tool",Educ Aligner 2.0 — Use this tool online to educ quickly and easily.,educ-aligner-20
Space/Astronomy,Cloud Educ Synth Service,Present,Cloud Educ Synth Service helps users by providing functionality for cloud educ synth service.,"cloud, educ, synth, service, ai tool, online tool",Cloud Educ Synth Service — Use this tool online to cloud quickly and easily.,cloud-educ-synth-service
Video/Audio Tools,Instant Educ Planner,Generative,Instant Educ Planner helps users by providing functionality for instant educ planner.,"instant, educ, planner, ai tool, online tool",Instant Educ Planner — Use this tool online to instant quickly and easily.,instant-educ-planner
Education/Learning,Generative GeneScie Simulator,Present,Generative GeneScie Simulator helps users by providing functionality for generative genescie simulator.,"generative, genescie, simulator, ai tool, online tool",Generative GeneScie Simulator — Use this tool online to generative quickly and easily.,generative-genescie-simulator
Space/Astronomy,Instant Clim Lab,Present,Instant Clim Lab helps users by providing functionality for instant clim lab.,"instant, clim, lab, ai tool, online tool",Instant Clim Lab — Use this tool online to instant quickly and easily.,instant-clim-lab
Entertainment/Culture,Instant VideTool Lab,Generative,Instant VideTool Lab helps users by providing functionality for instant videtool lab.,"instant, videtool, lab, ai tool, online tool",Instant VideTool Lab — Use this tool online to instant quickly and easily.,instant-videtool-lab
SEO/Digital Marketing,Heal Detector AI,Present,Heal Detector AI helps users by providing functionality for heal detector ai.,"heal, detector, ai tool, online tool",Heal Detector AI — Use this tool online to heal quickly and easily.,heal-detector-ai
Education/Learning,GeneScie Simulator 2.0,Present,GeneScie Simulator 2.0 helps users by providing functionality for genescie simulator 2.0.,"genescie, simulator, 2.0, ai tool, online tool",GeneScie Simulator 2.0 — Use this tool online to genescie quickly and easily.,genescie-simulator-20
SEO/Digital Marketing,ContWrit Tracker 2.0,Present,ContWrit Tracker 2.0 helps users by providing functionality for contwrit tracker 2.0.,"contwrit, tracker, 2.0, ai tool, online tool",ContWrit Tracker 2.0 — Use this tool online to contwrit quickly and easily.,contwrit-tracker-20
SEO/Digital Marketing,Gami Simulator AI,Generative,Gami Simulator AI helps users by providing functionality for gami simulator ai.,"gami, simulator, ai tool, online tool",Gami Simulator AI — Use this tool online to gami quickly and easily.,gami-simulator-ai
Content Writing,Auto Spac Simulator Builder,Future,Auto Spac Simulator Builder helps users by providing cutting-edge functionality for auto spac simulator builder.,"auto, spac, simulator, builder, ai tool, online tool",Auto Spac Simulator Builder — Use this tool online to auto quickly and easily.,auto-spac-simulator-builder
Video/Audio Tools,Virtual Clim Editor,Present,Virtual Clim Editor helps users by providing functionality for virtual clim editor.,"virtual, clim, editor, ai tool, online tool",Virtual Clim Editor — Use this tool online to virtual quickly and easily.,virtual-clim-editor
Climate/Environment,Clim Generator Analyzer,Present,Clim Generator Analyzer helps users by providing functionality for clim generator analyzer.,"clim, generator, analyzer, ai tool, online tool",Clim Generator Analyzer — Use this tool online to clim quickly and easily.,clim-generator-analyzer
Content Writing,Smart Busi Toolkit,Generative,Smart Busi Toolkit helps users by providing functionality for smart busi toolkit.,"smart, busi, toolkit, ai tool, online tool",Smart Busi Toolkit — Use this tool online to smart quickly and easily.,smart-busi-toolkit
Education/Learning,Busi Mapper AI,Present,Busi Mapper AI helps users by providing functionality for busi mapper ai.,"busi, mapper, ai tool, online tool",Busi Mapper AI — Use this tool online to busi quickly and easily.,busi-mapper-ai
Business/Finance,Instant Heal Finder,Generative,Instant Heal Finder helps users by providing functionality for instant heal finder.,"instant, heal, finder, ai tool, online tool",Instant Heal Finder — Use this tool online to instant quickly and easily.,instant-heal-finder
Video/Audio Tools,Auto Gami Aligner Builder,Present,Auto Gami Aligner Builder helps users by providing functionality for auto gami aligner builder.,"auto, gami, aligner, builder, ai tool, online tool",Auto Gami Aligner Builder — Use this tool online to auto quickly and easily.,auto-gami-aligner-builder
SEO/Digital Marketing,Smart ContWrit Bot,Future,Smart ContWrit Bot helps users by providing cutting-edge functionality for smart contwrit bot.,"smart, contwrit, bot, ai tool, online tool",Smart ContWrit Bot — Use this tool online to smart quickly and easily.,smart-contwrit-bot
Developers/Coding,Auto Busi Detector Builder,Generative,Auto Busi Detector Builder helps users by providing functionality for auto busi detector builder.,"auto, busi, detector, builder, ai tool, online tool",Auto Busi Detector Builder — Use this tool online to auto quickly and easily.,auto-busi-detector-builder
Education/Learning,NextGen Busi Simulator,Present,NextGen Busi Simulator helps users by providing functionality for nextgen busi simulator.,"nextgen, busi, simulator, ai tool, online tool",NextGen Busi Simulator — Use this tool online to nextgen quickly and easily.,nextgen-busi-simulator
Space/Astronomy,Gami Mapper Analyzer,Future,Gami Mapper Analyzer helps users by providing cutting-edge functionality for gami mapper analyzer.,"gami, mapper, analyzer, ai tool, online tool",Gami Mapper Analyzer — Use this tool online to gami quickly and easily.,gami-mapper-analyzer
Personal/Lifestyle,Virtual Busi Optimizer,Present,Virtual Busi Optimizer helps users by providing functionality for virtual busi optimizer.,"virtual, busi, optimizer, ai tool, online tool",Virtual Busi Optimizer — Use this tool online to virtual quickly and easily.,virtual-busi-optimizer
Content Writing,Ente Lab 2.0,Present,Ente Lab 2.0 helps users by providing functionality for ente lab 2.0.,"ente, lab, 2.0, ai tool, online tool",Ente Lab 2.0 — Use this tool online to ente quickly and easily.,ente-lab-20
Developers/Coding,Smart ContWrit Studio,Future,Smart ContWrit Studio helps users by providing cutting-edge functionality for smart contwrit studio.,"smart, contwrit, studio, ai tool, online tool",Smart ContWrit Studio — Use this tool online to smart quickly and easily.,smart-contwrit-studio
Gaming/ARVR,Cloud GeneScie Mixer Service,Present,Cloud GeneScie Mixer Service helps users by providing functionality for cloud genescie mixer service.,"cloud, genescie, mixer, service, ai tool, online tool",Cloud GeneScie Mixer Service — Use this tool online to cloud quickly and easily.,cloud-genescie-mixer-service
Business/Finance,Educ Studio AI,Present,Educ Studio AI helps users by providing functionality for educ studio ai.,"educ, studio, ai tool, online tool",Educ Studio AI — Use this tool online to educ quickly and easily.,educ-studio-ai
Space/Astronomy,NextGen GeneScie Enhancer,Present,NextGen GeneScie Enhancer helps users by providing functionality for nextgen genescie enhancer.,"nextgen, genescie, enhancer, ai tool, online tool",NextGen GeneScie Enhancer — Use this tool online to nextgen quickly and easily.,nextgen-genescie-enhancer
Design/Creative,Virtual Busi Creator,Present,Virtual Busi Creator helps users by providing functionality for virtual busi creator.,"virtual, busi, creator, ai tool, online tool",Virtual Busi Creator — Use this tool online to virtual quickly and easily.,virtual-busi-creator
Entertainment/Culture,Cloud Heal Optimizer Service,Present,Cloud Heal Optimizer Service helps users by providing functionality for cloud heal optimizer service.,"cloud, heal, optimizer, service, ai tool, online tool",Cloud Heal Optimizer Service — Use this tool online to cloud quickly and easily.,cloud-heal-optimizer-service
Personal/Lifestyle,Virtual GeneScie Toolkit,Present,Virtual GeneScie Toolkit helps users by providing functionality for virtual genescie toolkit.,"virtual, genescie, toolkit, ai tool, online tool",Virtual GeneScie Toolkit — Use this tool online to virtual quickly and easily.,virtual-genescie-toolkit
Developers/Coding,Auto Heal Finder Builder,Generative,Auto Heal Finder Builder helps users by providing functionality for auto heal finder builder.,"auto, heal, finder, builder, ai tool, online tool",Auto Heal Finder Builder — Use this tool online to auto quickly and easily.,auto-heal-finder-builder
HealthTech/BioTech,AI Educ Tracker Pro,Future,AI Educ Tracker Pro helps users by providing cutting-edge functionality for ai educ tracker pro.,"educ, tracker, pro, ai tool, online tool",AI Educ Tracker Pro — Use this tool online to ai quickly and easily.,ai-educ-tracker-pro
Climate/Environment,Cloud Educ Mixer Service,Future,Cloud Educ Mixer Service helps users by providing cutting-edge functionality for cloud educ mixer service.,"cloud, educ, mixer, service, ai tool, online tool",Cloud Educ Mixer Service — Use this tool online to cloud quickly and easily.,cloud-educ-mixer-service
Design/Creative,AI Iot/ Enhancer Pro,Future,AI Iot/ Enhancer Pro helps users by providing cutting-edge functionality for ai iot/ enhancer pro.,"iot, enhancer, pro, ai tool, online tool",AI Iot/ Enhancer Pro — Use this tool online to ai quickly and easily.,ai-iot-enhancer-pro
Education/Learning,Instant Educ Editor,Present,Instant Educ Editor helps users by providing functionality for instant educ editor.,"instant, educ, editor, ai tool, online tool",Instant Educ Editor — Use this tool online to instant quickly and easily.,instant-educ-editor
Gaming/ARVR,Instant Gami Composer,Present,Instant Gami Composer helps users by providing functionality for instant gami composer.,"instant, gami, composer, ai tool, online tool",Instant Gami Composer — Use this tool online to instant quickly and easily.,instant-gami-composer
Technology/Future,Deve Lab AI,Generative,Deve Lab AI helps users by providing functionality for deve lab ai.,"deve, lab, ai tool, online tool",Deve Lab AI — Use this tool online to deve quickly and easily.,deve-lab-ai
Video/Audio Tools,Desi Tracker Assistant,Generative,Desi Tracker Assistant helps users by providing functionality for desi tracker assistant.,"desi, tracker, assistant, ai tool, online tool",Desi Tracker Assistant — Use this tool online to desi quickly and easily.,desi-tracker-assistant
IoT/Robotics,AI ContWrit Finder Pro,Present,AI ContWrit Finder Pro helps users by providing functionality for ai contwrit finder pro.,"contwrit, finder, pro, ai tool, online tool",AI ContWrit Finder Pro — Use this tool online to ai quickly and easily.,ai-contwrit-finder-pro
Generative Science,Seo/Mark Analyzer X,Present,Seo/Mark Analyzer X helps users by providing functionality for seo/mark analyzer x.,"seo, mark, analyzer, ai tool, online tool",Seo/Mark Analyzer X — Use this tool online to seo/mark quickly and easily.,seomark-analyzer-x
Education/Learning,Auto GeneScie Dashboard Builder,Present,Auto GeneScie Dashboard Builder helps users by providing functionality for auto genescie dashboard builder.,"auto, genescie, dashboard, builder, ai tool, online tool",Auto GeneScie Dashboard Builder — Use this tool online to auto quickly and easily.,auto-genescie-dashboard-builder
SEO/Digital Marketing,Instant VideTool Detector,Present,Instant VideTool Detector helps users by providing functionality for instant videtool detector.,"instant, videtool, detector, ai tool, online tool",Instant VideTool Detector — Use this tool online to instant quickly and easily.,instant-videtool-detector
Design/Creative,Instant Deve Dashboard,Generative,Instant Deve Dashboard helps users by providing functionality for instant deve dashboard.,"instant, deve, dashboard, ai tool, online tool",Instant Deve Dashboard — Use this tool online to instant quickly and easily.,instant-deve-dashboard
Gaming/ARVR,Smart Spac Composer,Generative,Smart Spac Composer helps users by providing functionality for smart spac composer.,"smart, spac, composer, ai tool, online tool",Smart Spac Composer — Use this tool online to smart quickly and easily.,smart-spac-composer
Business/Finance,Instant Gami Lab,Future,Instant Gami Lab helps users by providing cutting-edge functionality for instant gami lab.,"instant, gami, lab, ai tool, online tool",Instant Gami Lab — Use this tool online to instant quickly and easily.,instant-gami-lab
Education/Learning,Smart Iot/ Toolkit,Present,Smart Iot/ Toolkit helps users by providing functionality for smart iot/ toolkit.,"smart, iot, toolkit, ai tool, online tool",Smart Iot/ Toolkit — Use this tool online to smart quickly and easily.,smart-iot-toolkit
Education/Learning,Gami Manager Analyzer,Generative,Gami Manager Analyzer helps users by providing functionality for gami manager analyzer.,"gami, manager, analyzer, ai tool, online tool",Gami Manager Analyzer — Use this tool online to gami quickly and easily.,gami-manager-analyzer
Climate/Environment,Iot/ Bot X,Present,Iot/ Bot X helps users by providing functionality for iot/ bot x.,"iot, bot, ai tool, online tool",Iot/ Bot X — Use this tool online to iot/ quickly and easily.,iot-bot-x
Education/Learning,Ente Planner Studio,Generative,Ente Planner Studio helps users by providing functionality for ente planner studio.,"ente, planner, studio, ai tool, online tool",Ente Planner Studio — Use this tool online to ente quickly and easily.,ente-planner-studio
Climate/Environment,Cloud Pers Editor Service,Future,Cloud Pers Editor Service helps users by providing cutting-edge functionality for cloud pers editor service.,"cloud, pers, editor, service, ai tool, online tool",Cloud Pers Editor Service — Use this tool online to cloud quickly and easily.,cloud-pers-editor-service
Generative Science,Smart Busi Creator,Present,Smart Busi Creator helps users by providing functionality for smart busi creator.,"smart, busi, creator, ai tool, online tool",Smart Busi Creator — Use this tool online to smart quickly and easily.,smart-busi-creator
Gaming/ARVR,Instant Desi Aligner,Present,Instant Desi Aligner helps users by providing functionality for instant desi aligner.,"instant, desi, aligner, ai tool, online tool",Instant Desi Aligner — Use this tool online to instant quickly and easily.,instant-desi-aligner
Developers/Coding,Heal Studio Studio,Generative,Heal Studio Studio helps users by providing functionality for heal studio studio.,"heal, studio, studio, ai tool, online tool",Heal Studio Studio — Use this tool online to heal quickly and easily.,heal-studio-studio
Design/Creative,Generative Educ Detector,Future,Generative Educ Detector helps users by providing cutting-edge functionality for generative educ detector.,"generative, educ, detector, ai tool, online tool",Generative Educ Detector — Use this tool online to generative quickly and easily.,generative-educ-detector
SEO/Digital Marketing,AI Seo/Mark Converter Pro,Present,AI Seo/Mark Converter Pro helps users by providing functionality for ai seo/mark converter pro.,"seo, mark, converter, pro, ai tool, online tool",AI Seo/Mark Converter Pro — Use this tool online to ai quickly and easily.,ai-seomark-converter-pro
Generative Science,Auto GeneScie Finder Builder,Present,Auto GeneScie Finder Builder helps users by providing functionality for auto genescie finder builder.,"auto, genescie, finder, builder, ai tool, online tool",Auto GeneScie Finder Builder — Use this tool online to auto quickly and easily.,auto-genescie-finder-builder
Video/Audio Tools,Smart Heal Composer,Future,Smart Heal Composer helps users by providing cutting-edge functionality for smart heal composer.,"smart, heal, composer, ai tool, online tool",Smart Heal Composer — Use this tool online to smart quickly and easily.,smart-heal-composer
Education/Learning,Cloud Iot/ Generator Service,Present,Cloud Iot/ Generator Service helps users by providing functionality for cloud iot/ generator service.,"cloud, iot, generator, service, ai tool, online tool",Cloud Iot/ Generator Service — Use this tool online to cloud quickly and easily.,cloud-iot-generator-service
Video/Audio Tools,Cloud Tech Detector Service,Generative,Cloud Tech Detector Service helps users by providing functionality for cloud tech detector service.,"cloud, tech, detector, service, ai tool, online tool",Cloud Tech Detector Service — Use this tool online to cloud quickly and easily.,cloud-tech-detector-service
Entertainment/Culture,Ente Builder Analyzer,Present,Ente Builder Analyzer helps users by providing functionality for ente builder analyzer.,"ente, builder, analyzer, ai tool, online tool",Ente Builder Analyzer — Use this tool online to ente quickly and easily.,ente-builder-analyzer
SEO/Digital Marketing,Virtual Ente Mapper,Generative,Virtual Ente Mapper helps users by providing functionality for virtual ente mapper.,"virtual, ente, mapper, ai tool, online tool",Virtual Ente Mapper — Use this tool online to virtual quickly and easily.,virtual-ente-mapper
Entertainment/Culture,Cloud VideTool Analyzer Service,Present,Cloud VideTool Analyzer Service helps users by providing functionality for cloud videtool analyzer service.,"cloud, videtool, analyzer, service, ai tool, online tool",Cloud VideTool Analyzer Service — Use this tool online to cloud quickly and easily.,cloud-videtool-analyzer-service
HealthTech/BioTech,Tech Tracker X,Present,Tech Tracker X helps users by providing functionality for tech tracker x.,"tech, tracker, ai tool, online tool",Tech Tracker X — Use this tool online to tech quickly and easily.,tech-tracker-x
SEO/Digital Marketing,Gami Enhancer X,Present,Gami Enhancer X helps users by providing functionality for gami enhancer x.,"gami, enhancer, ai tool, online tool",Gami Enhancer X — Use this tool online to gami quickly and easily.,gami-enhancer-x
HealthTech/BioTech,Virtual Heal Analyzer,Generative,Virtual Heal Analyzer helps users by providing functionality for virtual heal analyzer.,"virtual, heal, analyzer, ai tool, online tool",Virtual Heal Analyzer — Use this tool online to virtual quickly and easily.,virtual-heal-analyzer
Content Writing,Desi Detector 2.0,Future,Desi Detector 2.0 helps users by providing cutting-edge functionality for desi detector 2.0.,"desi, detector, 2.0, ai tool, online tool",Desi Detector 2.0 — Use this tool online to desi quickly and easily.,desi-detector-20
HealthTech/BioTech,Generative Iot/ Converter,Generative,Generative Iot/ Converter helps users by providing functionality for generative iot/ converter.,"generative, iot, converter, ai tool, online tool",Generative Iot/ Converter — Use this tool online to generative quickly and easily.,generative-iot-converter
Space/Astronomy,Seo/Mark Generator X,Present,Seo/Mark Generator X helps users by providing functionality for seo/mark generator x.,"seo, mark, generator, ai tool, online tool",Seo/Mark Generator X — Use this tool online to seo/mark quickly and easily.,seomark-generator-x
Developers/Coding,Generative GeneScie Detector,Present,Generative GeneScie Detector helps users by providing functionality for generative genescie detector.,"generative, genescie, detector, ai tool, online tool",Generative GeneScie Detector — Use this tool online to generative quickly and easily.,generative-genescie-detector
Personal/Lifestyle,VideTool Detector AI,Present,VideTool Detector AI helps users by providing functionality for videtool detector ai.,"videtool, detector, ai tool, online tool",VideTool Detector AI — Use this tool online to videtool quickly and easily.,videtool-detector-ai
HealthTech/BioTech,Virtual ContWrit Assistant,Present,Virtual ContWrit Assistant helps users by providing functionality for virtual contwrit assistant.,"virtual, contwrit, assistant, ai tool, online tool",Virtual ContWrit Assistant — Use this tool online to virtual quickly and easily.,virtual-contwrit-assistant
Video/Audio Tools,Ente Mapper Analyzer,Present,Ente Mapper Analyzer helps users by providing functionality for ente mapper analyzer.,"ente, mapper, analyzer, ai tool, online tool",Ente Mapper Analyzer — Use this tool online to ente quickly and easily.,ente-mapper-analyzer
Content Writing,ContWrit Generator Assistant,Present,ContWrit Generator Assistant helps users by providing functionality for contwrit generator assistant.,"contwrit, generator, assistant, ai tool, online tool",ContWrit Generator Assistant — Use this tool online to contwrit quickly and easily.,contwrit-generator-assistant
Generative Science,Virtual Deve Builder,Future,Virtual Deve Builder helps users by providing cutting-edge functionality for virtual deve builder.,"virtual, deve, builder, ai tool, online tool",Virtual Deve Builder — Use this tool online to virtual quickly and easily.,virtual-deve-builder
Personal/Lifestyle,Smart Clim Tracker,Future,Smart Clim Tracker helps users by providing cutting-edge functionality for smart clim tracker.,"smart, clim, tracker, ai tool, online tool",Smart Clim Tracker — Use this tool online to smart quickly and easily.,smart-clim-tracker
Developers/Coding,VideTool Toolkit AI,Present,VideTool Toolkit AI helps users by providing functionality for videtool toolkit ai.,"videtool, toolkit, ai tool, online tool",VideTool Toolkit AI — Use this tool online to videtool quickly and easily.,videtool-toolkit-ai
Content Writing,VideTool Planner Analyzer,Present,VideTool Planner Analyzer helps users by providing functionality for videtool planner analyzer.,"videtool, planner, analyzer, ai tool, online tool",VideTool Planner Analyzer — Use this tool online to videtool quickly and easily.,videtool-planner-analyzer
Content Writing,Smart VideTool Dashboard,Future,Smart VideTool Dashboard helps users by providing cutting-edge functionality for smart videtool dashboard.,"smart, videtool, dashboard, ai tool, online tool",Smart VideTool Dashboard — Use this tool online to smart quickly and easily.,smart-videtool-dashboard
Generative Science,Ente Bot Studio,Generative,Ente Bot Studio helps users by providing functionality for ente bot studio.,"ente, bot, studio, ai tool, online tool",Ente Bot Studio — Use this tool online to ente quickly and easily.,ente-bot-studio
Entertainment/Culture,Seo/Mark Generator Studio,Generative,Seo/Mark Generator Studio helps users by providing functionality for seo/mark generator studio.,"seo, mark, generator, studio, ai tool, online tool",Seo/Mark Generator Studio — Use this tool online to seo/mark quickly and easily.,seomark-generator-studio
SEO/Digital Marketing,Generative Gami Optimizer,Future,Generative Gami Optimizer helps users by providing cutting-edge functionality for generative gami optimizer.,"generative, gami, optimizer, ai tool, online tool",Generative Gami Optimizer — Use this tool online to generative quickly and easily.,generative-gami-optimizer
Gaming/ARVR,Educ Simulator Assistant,Present,Educ Simulator Assistant helps users by providing functionality for educ simulator assistant.,"educ, simulator, assistant, ai tool, online tool",Educ Simulator Assistant — Use this tool online to educ quickly and easily.,educ-simulator-assistant
Developers/Coding,Instant Iot/ Detector,Present,Instant Iot/ Detector helps users by providing functionality for instant iot/ detector.,"instant, iot, detector, ai tool, online tool",Instant Iot/ Detector — Use this tool online to instant quickly and easily.,instant-iot-detector
Business/Finance,AI Ente Analyzer Pro,Present,AI Ente Analyzer Pro helps users by providing functionality for ai ente analyzer pro.,"ente, analyzer, pro, ai tool, online tool",AI Ente Analyzer Pro — Use this tool online to ai quickly and easily.,ai-ente-analyzer-pro
Developers/Coding,Auto Seo/Mark Planner Builder,Generative,Auto Seo/Mark Planner Builder helps users by providing functionality for auto seo/mark planner builder.,"auto, seo, mark, planner, builder, ai tool, online tool",Auto Seo/Mark Planner Builder — Use this tool online to auto quickly and easily.,auto-seomark-planner-builder
Space/Astronomy,Desi Finder AI,Generative,Desi Finder AI helps users by providing functionality for desi finder ai.,"desi, finder, ai tool, online tool",Desi Finder AI — Use this tool online to desi quickly and easily.,desi-finder-ai
Developers/Coding,AI Spac Enhancer Pro,Present,AI Spac Enhancer Pro helps users by providing functionality for ai spac enhancer pro.,"spac, enhancer, pro, ai tool, online tool",AI Spac Enhancer Pro — Use this tool online to ai quickly and easily.,ai-spac-enhancer-pro
Business/Finance,Virtual Pers Simulator,Present,Virtual Pers Simulator helps users by providing functionality for virtual pers simulator.,"virtual, pers, simulator, ai tool, online tool",Virtual Pers Simulator — Use this tool online to virtual quickly and easily.,virtual-pers-simulator
Video/Audio Tools,Heal Manager Studio,Present,Heal Manager Studio helps users by providing functionality for heal manager studio.,"heal, manager, studio, ai tool, online tool",Heal Manager Studio — Use this tool online to heal quickly and easily.,heal-manager-studio
HealthTech/BioTech,ContWrit Lab AI,Present,ContWrit Lab AI helps users by providing functionality for contwrit lab ai.,"contwrit, lab, ai tool, online tool",ContWrit Lab AI — Use this tool online to contwrit quickly and easily.,contwrit-lab-ai
Entertainment/Culture,Virtual Ente Composer,Generative,Virtual Ente Composer helps users by providing functionality for virtual ente composer.,"virtual, ente, composer, ai tool, online tool",Virtual Ente Composer — Use this tool online to virtual quickly and easily.,virtual-ente-composer
Education/Learning,Smart Deve Analyzer,Generative,Smart Deve Analyzer helps users by providing functionality for smart deve analyzer.,"smart, deve, analyzer, ai tool, online tool",Smart Deve Analyzer — Use this tool online to smart quickly and easily.,smart-deve-analyzer
Business/Finance,Generative Educ Generator,Generative,Generative Educ Generator helps users by providing functionality for generative educ generator.,"generative, educ, generator, ai tool, online tool",Generative Educ Generator — Use this tool online to generative quickly and easily.,generative-educ-generator
Entertainment/Culture,Desi Tracker AI,Generative,Desi Tracker AI helps users by providing functionality for desi tracker ai.,"desi, tracker, ai tool, online tool",Desi Tracker AI — Use this tool online to desi quickly and easily.,desi-tracker-ai
HealthTech/BioTech,ContWrit Lab X,Present,ContWrit Lab X helps users by providing functionality for contwrit lab x.,"contwrit, lab, ai tool, online tool",ContWrit Lab X — Use this tool online to contwrit quickly and easily.,contwrit-lab-x
Design/Creative,Generative Deve Bot,Future,Generative Deve Bot helps users by providing cutting-edge functionality for generative deve bot.,"generative, deve, bot, ai tool, online tool",Generative Deve Bot — Use this tool online to generative quickly and easily.,generative-deve-bot
Space/Astronomy,Instant ContWrit Synth,Future,Instant ContWrit Synth helps users by providing cutting-edge functionality for instant contwrit synth.,"instant, contwrit, synth, ai tool, online tool",Instant ContWrit Synth — Use this tool online to instant quickly and easily.,instant-contwrit-synth
Personal/Lifestyle,Clim Bot 2.0,Present,Clim Bot 2.0 helps users by providing functionality for clim bot 2.0.,"clim, bot, 2.0, ai tool, online tool",Clim Bot 2.0 — Use this tool online to clim quickly and easily.,clim-bot-20
Content Writing,Auto Deve Generator Builder,Present,Auto Deve Generator Builder helps users by providing functionality for auto deve generator builder.,"auto, deve, generator, builder, ai tool, online tool",Auto Deve Generator Builder — Use this tool online to auto quickly and easily.,auto-deve-generator-builder
Business/Finance,Heal Finder Analyzer,Present,Heal Finder Analyzer helps users by providing functionality for heal finder analyzer.,"heal, finder, analyzer, ai tool, online tool",Heal Finder Analyzer — Use this tool online to heal quickly and easily.,heal-finder-analyzer
Space/Astronomy,AI VideTool Synth Pro,Present,AI VideTool Synth Pro helps users by providing functionality for ai videtool synth pro.,"videtool, synth, pro, ai tool, online tool",AI VideTool Synth Pro — Use this tool online to ai quickly and easily.,ai-videtool-synth-pro
Climate/Environment,Auto Educ Tracker Builder,Generative,Auto Educ Tracker Builder helps users by providing functionality for auto educ tracker builder.,"auto, educ, tracker, builder, ai tool, online tool",Auto Educ Tracker Builder — Use this tool online to auto quickly and easily.,auto-educ-tracker-builder
Content Writing,GeneScie Aligner Analyzer,Present,GeneScie Aligner Analyzer helps users by providing functionality for genescie aligner analyzer.,"genescie, aligner, analyzer, ai tool, online tool",GeneScie Aligner Analyzer — Use this tool online to genescie quickly and easily.,genescie-aligner-analyzer
Business/Finance,ContWrit Converter 2.0,Present,ContWrit Converter 2.0 helps users by providing functionality for contwrit converter 2.0.,"contwrit, converter, 2.0, ai tool, online tool",ContWrit Converter 2.0 — Use this tool online to contwrit quickly and easily.,contwrit-converter-20
Design/Creative,VideTool Tracker Analyzer,Present,VideTool Tracker Analyzer helps users by providing functionality for videtool tracker analyzer.,"videtool, tracker, analyzer, ai tool, online tool",VideTool Tracker Analyzer — Use this tool online to videtool quickly and easily.,videtool-tracker-analyzer
Generative Science,Deve Bot AI,Generative,Deve Bot AI helps users by providing functionality for deve bot ai.,"deve, bot, ai tool, online tool",Deve Bot AI — Use this tool online to deve quickly and easily.,deve-bot-ai
Technology/Future,Cloud Tech Simulator Service,Generative,Cloud Tech Simulator Service helps users by providing functionality for cloud tech simulator service.,"cloud, tech, simulator, service, ai tool, online tool",Cloud Tech Simulator Service — Use this tool online to cloud quickly and easily.,cloud-tech-simulator-service
Design/Creative,Generative Tech Simulator,Present,Generative Tech Simulator helps users by providing functionality for generative tech simulator.,"generative, tech, simulator, ai tool, online tool",Generative Tech Simulator — Use this tool online to generative quickly and easily.,generative-tech-simulator
IoT/Robotics,Generative ContWrit Aligner,Future,Generative ContWrit Aligner helps users by providing cutting-edge functionality for generative contwrit aligner.,"generative, contwrit, aligner, ai tool, online tool",Generative ContWrit Aligner — Use this tool online to generative quickly and easily.,generative-contwrit-aligner
Developers/Coding,Cloud ContWrit Analyzer Service,Present,Cloud ContWrit Analyzer Service helps users by providing functionality for cloud contwrit analyzer service.,"cloud, contwrit, analyzer, service, ai tool, online tool",Cloud ContWrit Analyzer Service — Use this tool online to cloud quickly and easily.,cloud-contwrit-analyzer-service
Business/Finance,Gami Converter Analyzer,Present,Gami Converter Analyzer helps users by providing functionality for gami converter analyzer.,"gami, converter, analyzer, ai tool, online tool",Gami Converter Analyzer — Use this tool online to gami quickly and easily.,gami-converter-analyzer
Space/Astronomy,Generative GeneScie Builder,Future,Generative GeneScie Builder helps users by providing cutting-edge functionality for generative genescie builder.,"generative, genescie, builder, ai tool, online tool",Generative GeneScie Builder — Use this tool online to generative quickly and easily.,generative-genescie-builder
Content Writing,AI Seo/Mark Editor Pro,Present,AI Seo/Mark Editor Pro helps users by providing functionality for ai seo/mark editor pro.,"seo, mark, editor, pro, ai tool, online tool",AI Seo/Mark Editor Pro — Use this tool online to ai quickly and easily.,ai-seomark-editor-pro
Generative Science,NextGen Seo/Mark Builder,Present,NextGen Seo/Mark Builder helps users by providing functionality for nextgen seo/mark builder.,"nextgen, seo, mark, builder, ai tool, online tool",NextGen Seo/Mark Builder — Use this tool online to nextgen quickly and easily.,nextgen-seomark-builder
Climate/Environment,Virtual Desi Planner,Present,Virtual Desi Planner helps users by providing functionality for virtual desi planner.,"virtual, desi, planner, ai tool, online tool",Virtual Desi Planner — Use this tool online to virtual quickly and easily.,virtual-desi-planner
Business/Finance,Instant Busi Mixer,Generative,Instant Busi Mixer helps users by providing functionality for instant busi mixer.,"instant, busi, mixer, ai tool, online tool",Instant Busi Mixer — Use this tool online to instant quickly and easily.,instant-busi-mixer
Personal/Lifestyle,Instant Desi Planner,Present,Instant Desi Planner helps users by providing functionality for instant desi planner.,"instant, desi, planner, ai tool, online tool",Instant Desi Planner — Use this tool online to instant quickly and easily.,instant-desi-planner
Technology/Future,Clim Dashboard Analyzer,Generative,Clim Dashboard Analyzer helps users by providing functionality for clim dashboard analyzer.,"clim, dashboard, analyzer, ai tool, online tool",Clim Dashboard Analyzer — Use this tool online to clim quickly and easily.,clim-dashboard-analyzer
Video/Audio Tools,Auto Heal Generator Builder,Generative,Auto Heal Generator Builder helps users by providing functionality for auto heal generator builder.,"auto, heal, generator, builder, ai tool, online tool",Auto Heal Generator Builder — Use this tool online to auto quickly and easily.,auto-heal-generator-builder
Personal/Lifestyle,NextGen GeneScie Detector,Present,NextGen GeneScie Detector helps users by providing functionality for nextgen genescie detector.,"nextgen, genescie, detector, ai tool, online tool",NextGen GeneScie Detector — Use this tool online to nextgen quickly and easily.,nextgen-genescie-detector
Video/Audio Tools,Instant Seo/Mark Aligner,Present,Instant Seo/Mark Aligner helps users by providing functionality for instant seo/mark aligner.,"instant, seo, mark, aligner, ai tool, online tool",Instant Seo/Mark Aligner — Use this tool online to instant quickly and easily.,instant-seomark-aligner
Content Writing,Heal Assistant AI,Present,Heal Assistant AI helps users by providing functionality for heal assistant ai.,"heal, assistant, ai tool, online tool",Heal Assistant AI — Use this tool online to heal quickly and easily.,heal-assistant-ai
Design/Creative,Pers Lab Analyzer,Present,Pers Lab Analyzer helps users by providing functionality for pers lab analyzer.,"pers, lab, analyzer, ai tool, online tool",Pers Lab Analyzer — Use this tool online to pers quickly and easily.,pers-lab-analyzer
Video/Audio Tools,Deve Lab Studio,Generative,Deve Lab Studio helps users by providing functionality for deve lab studio.,"deve, lab, studio, ai tool, online tool",Deve Lab Studio — Use this tool online to deve quickly and easily.,deve-lab-studio
Developers/Coding,Generative Educ Converter,Present,Generative Educ Converter helps users by providing functionality for generative educ converter.,"generative, educ, converter, ai tool, online tool",Generative Educ Converter — Use this tool online to generative quickly and easily.,generative-educ-converter
SEO/Digital Marketing,Deve Toolkit X,Present,Deve Toolkit X helps users by providing functionality for deve toolkit x.,"deve, toolkit, ai tool, online tool",Deve Toolkit X — Use this tool online to deve quickly and easily.,deve-toolkit-x
Business/Finance,Auto Iot/ Builder Builder,Generative,Auto Iot/ Builder Builder helps users by providing functionality for auto iot/ builder builder.,"auto, iot, builder, builder, ai tool, online tool",Auto Iot/ Builder Builder — Use this tool online to auto quickly and easily.,auto-iot-builder-builder
Video/Audio Tools,Spac Assistant AI,Future,Spac Assistant AI helps users by providing cutting-edge functionality for spac assistant ai.,"spac, assistant, ai tool, online tool",Spac Assistant AI — Use this tool online to spac quickly and easily.,spac-assistant-ai
Developers/Coding,Virtual Heal Optimizer,Future,Virtual Heal Optimizer helps users by providing cutting-edge functionality for virtual heal optimizer.,"virtual, heal, optimizer, ai tool, online tool",Virtual Heal Optimizer — Use this tool online to virtual quickly and easily.,virtual-heal-optimizer
Space/Astronomy,Smart Pers Mapper,Generative,Smart Pers Mapper helps users by providing functionality for smart pers mapper.,"smart, pers, mapper, ai tool, online tool",Smart Pers Mapper — Use this tool online to smart quickly and easily.,smart-pers-mapper
Video/Audio Tools,Iot/ Synth X,Future,Iot/ Synth X helps users by providing cutting-edge functionality for iot/ synth x.,"iot, synth, ai tool, online tool",Iot/ Synth X — Use this tool online to iot/ quickly and easily.,iot-synth-x
Climate/Environment,Cloud ContWrit Simulator Service,Generative,Cloud ContWrit Simulator Service helps users by providing functionality for cloud contwrit simulator service.,"cloud, contwrit, simulator, service, ai tool, online tool",Cloud ContWrit Simulator Service — Use this tool online to cloud quickly and easily.,cloud-contwrit-simulator-service
Education/Learning,Cloud Busi Mixer Service,Generative,Cloud Busi Mixer Service helps users by providing functionality for cloud busi mixer service.,"cloud, busi, mixer, service, ai tool, online tool",Cloud Busi Mixer Service — Use this tool online to cloud quickly and easily.,cloud-busi-mixer-service
Technology/Future,Gami Analyzer 2.0,Generative,Gami Analyzer 2.0 helps users by providing functionality for gami analyzer 2.0.,"gami, analyzer, 2.0, ai tool, online tool",Gami Analyzer 2.0 — Use this tool online to gami quickly and easily.,gami-analyzer-20
Climate/Environment,Instant ContWrit Manager,Generative,Instant ContWrit Manager helps users by providing functionality for instant contwrit manager.,"instant, contwrit, manager, ai tool, online tool",Instant ContWrit Manager — Use this tool online to instant quickly and easily.,instant-contwrit-manager
Space/Astronomy,ContWrit Generator 2.0,Future,ContWrit Generator 2.0 helps users by providing cutting-edge functionality for contwrit generator 2.0.,"contwrit, generator, 2.0, ai tool, online tool",ContWrit Generator 2.0 — Use this tool online to contwrit quickly and easily.,contwrit-generator-20
Space/Astronomy,Cloud Seo/Mark Builder Service,Present,Cloud Seo/Mark Builder Service helps users by providing functionality for cloud seo/mark builder service.,"cloud, seo, mark, builder, service, ai tool, online tool",Cloud Seo/Mark Builder Service — Use this tool online to cloud quickly and easily.,cloud-seomark-builder-service
Space/Astronomy,VideTool Composer Assistant,Present,VideTool Composer Assistant helps users by providing functionality for videtool composer assistant.,"videtool, composer, assistant, ai tool, online tool",VideTool Composer Assistant — Use this tool online to videtool quickly and easily.,videtool-composer-assistant
SEO/Digital Marketing,Spac Converter AI,Generative,Spac Converter AI helps users by providing functionality for spac converter ai.,"spac, converter, ai tool, online tool",Spac Converter AI — Use this tool online to spac quickly and easily.,spac-converter-ai
Developers/Coding,Generative Ente Assistant,Future,Generative Ente Assistant helps users by providing cutting-edge functionality for generative ente assistant.,"generative, ente, assistant, ai tool, online tool",Generative Ente Assistant — Use this tool online to generative quickly and easily.,generative-ente-assistant
Design/Creative,Deve Toolkit 2.0,Generative,Deve Toolkit 2.0 helps users by providing functionality for deve toolkit 2.0.,"deve, toolkit, 2.0, ai tool, online tool",Deve Toolkit 2.0 — Use this tool online to deve quickly and easily.,deve-toolkit-20
Technology/Future,Virtual GeneScie Editor,Generative,Virtual GeneScie Editor helps users by providing functionality for virtual genescie editor.,"virtual, genescie, editor, ai tool, online tool",Virtual GeneScie Editor — Use this tool online to virtual quickly and easily.,virtual-genescie-editor
Climate/Environment,Generative GeneScie Mapper,Present,Generative GeneScie Mapper helps users by providing functionality for generative genescie mapper.,"generative, genescie, mapper, ai tool, online tool",Generative GeneScie Mapper — Use this tool online to generative quickly and easily.,generative-genescie-mapper
IoT/Robotics,Busi Assistant 2.0,Present,Busi Assistant 2.0 helps users by providing functionality for busi assistant 2.0.,"busi, assistant, 2.0, ai tool, online tool",Busi Assistant 2.0 — Use this tool online to busi quickly and easily.,busi-assistant-20
Design/Creative,Heal Tracker 2.0,Present,Heal Tracker 2.0 helps users by providing functionality for heal tracker 2.0.,"heal, tracker, 2.0, ai tool, online tool",Heal Tracker 2.0 — Use this tool online to heal quickly and easily.,heal-tracker-20
HealthTech/BioTech,Clim Detector X,Present,Clim Detector X helps users by providing functionality for clim detector x.,"clim, detector, ai tool, online tool",Clim Detector X — Use this tool online to clim quickly and easily.,clim-detector-x
SEO/Digital Marketing,Virtual Pers Assistant,Present,Virtual Pers Assistant helps users by providing functionality for virtual pers assistant.,"virtual, pers, assistant, ai tool, online tool",Virtual Pers Assistant — Use this tool online to virtual quickly and easily.,virtual-pers-assistant
SEO/Digital Marketing,Heal Converter Studio,Present,Heal Converter Studio helps users by providing functionality for heal converter studio.,"heal, converter, studio, ai tool, online tool",Heal Converter Studio — Use this tool online to heal quickly and easily.,heal-converter-studio
SEO/Digital Marketing,Auto Desi Editor Builder,Present,Auto Desi Editor Builder helps users by providing functionality for auto desi editor builder.,"auto, desi, editor, builder, ai tool, online tool",Auto Desi Editor Builder — Use this tool online to auto quickly and easily.,auto-desi-editor-builder
Developers/Coding,Busi Enhancer Studio,Present,Busi Enhancer Studio helps users by providing functionality for busi enhancer studio.,"busi, enhancer, studio, ai tool, online tool",Busi Enhancer Studio — Use this tool online to busi quickly and easily.,busi-enhancer-studio
Video/Audio Tools,Deve Converter 2.0,Present,Deve Converter 2.0 helps users by providing functionality for deve converter 2.0.,"deve, converter, 2.0, ai tool, online tool",Deve Converter 2.0 — Use this tool online to deve quickly and easily.,deve-converter-20
Developers/Coding,Iot/ Enhancer 2.0,Present,Iot/ Enhancer 2.0 helps users by providing functionality for iot/ enhancer 2.0.,"iot, enhancer, 2.0, ai tool, online tool",Iot/ Enhancer 2.0 — Use this tool online to iot/ quickly and easily.,iot-enhancer-20
Video/Audio Tools,Educ Dashboard Analyzer,Present,Educ Dashboard Analyzer helps users by providing functionality for educ dashboard analyzer.,"educ, dashboard, analyzer, ai tool, online tool",Educ Dashboard Analyzer — Use this tool online to educ quickly and easily.,educ-dashboard-analyzer
Personal/Lifestyle,AI ContWrit Assistant Pro,Future,AI ContWrit Assistant Pro helps users by providing cutting-edge functionality for ai contwrit assistant pro.,"contwrit, assistant, pro, ai tool, online tool",AI ContWrit Assistant Pro — Use this tool online to ai quickly and easily.,ai-contwrit-assistant-pro
Climate/Environment,Cloud Tech Manager Service,Generative,Cloud Tech Manager Service helps users by providing functionality for cloud tech manager service.,"cloud, tech, manager, service, ai tool, online tool",Cloud Tech Manager Service — Use this tool online to cloud quickly and easily.,cloud-tech-manager-service
Entertainment/Culture,Ente Detector Assistant,Generative,Ente Detector Assistant helps users by providing functionality for ente detector assistant.,"ente, detector, assistant, ai tool, online tool",Ente Detector Assistant — Use this tool online to ente quickly and easily.,ente-detector-assistant
Developers/Coding,Auto Heal Converter Builder,Future,Auto Heal Converter Builder helps users by providing cutting-edge functionality for auto heal converter builder.,"auto, heal, converter, builder, ai tool, online tool",Auto Heal Converter Builder — Use this tool online to auto quickly and easily.,auto-heal-converter-builder
Personal/Lifestyle,Auto Ente Tracker Builder,Present,Auto Ente Tracker Builder helps users by providing functionality for auto ente tracker builder.,"auto, ente, tracker, builder, ai tool, online tool",Auto Ente Tracker Builder — Use this tool online to auto quickly and easily.,auto-ente-tracker-builder
Content Writing,Virtual Busi Studio,Present,Virtual Busi Studio helps users by providing functionality for virtual busi studio.,"virtual, busi, studio, ai tool, online tool",Virtual Busi Studio — Use this tool online to virtual quickly and easily.,virtual-busi-studio
Business/Finance,Busi Manager Analyzer,Generative,Busi Manager Analyzer helps users by providing functionality for busi manager analyzer.,"busi, manager, analyzer, ai tool, online tool",Busi Manager Analyzer — Use this tool online to busi quickly and easily.,busi-manager-analyzer
HealthTech/BioTech,Desi Builder AI,Present,Desi Builder AI helps users by providing functionality for desi builder ai.,"desi, builder, ai tool, online tool",Desi Builder AI — Use this tool online to desi quickly and easily.,desi-builder-ai
Developers/Coding,Iot/ Aligner AI,Present,Iot/ Aligner AI helps users by providing functionality for iot/ aligner ai.,"iot, aligner, ai tool, online tool",Iot/ Aligner AI — Use this tool online to iot/ quickly and easily.,iot-aligner-ai
Climate/Environment,AI Seo/Mark Dashboard Pro,Generative,AI Seo/Mark Dashboard Pro helps users by providing functionality for ai seo/mark dashboard pro.,"seo, mark, dashboard, pro, ai tool, online tool",AI Seo/Mark Dashboard Pro — Use this tool online to ai quickly and easily.,ai-seomark-dashboard-pro
Space/Astronomy,Auto Educ Studio Builder,Present,Auto Educ Studio Builder helps users by providing functionality for auto educ studio builder.,"auto, educ, studio, builder, ai tool, online tool",Auto Educ Studio Builder — Use this tool online to auto quickly and easily.,auto-educ-studio-builder
Content Writing,Spac Analyzer AI,Generative,Spac Analyzer AI helps users by providing functionality for spac analyzer ai.,"spac, analyzer, ai tool, online tool",Spac Analyzer AI — Use this tool online to spac quickly and easily.,spac-analyzer-ai
Space/Astronomy,Smart Tech Composer,Present,Smart Tech Composer helps users by providing functionality for smart tech composer.,"smart, tech, composer, ai tool, online tool",Smart Tech Composer — Use this tool online to smart quickly and easily.,smart-tech-composer
HealthTech/BioTech,Desi Creator 2.0,Present,Desi Creator 2.0 helps users by providing functionality for desi creator 2.0.,"desi, creator, 2.0, ai tool, online tool",Desi Creator 2.0 — Use this tool online to desi quickly and easily.,desi-creator-20
Entertainment/Culture,Cloud VideTool Detector Service,Generative,Cloud VideTool Detector Service helps users by providing functionality for cloud videtool detector service.,"cloud, videtool, detector, service, ai tool, online tool",Cloud VideTool Detector Service — Use this tool online to cloud quickly and easily.,cloud-videtool-detector-service
Developers/Coding,Heal Converter Assistant,Present,Heal Converter Assistant helps users by providing functionality for heal converter assistant.,"heal, converter, assistant, ai tool, online tool",Heal Converter Assistant — Use this tool online to heal quickly and easily.,heal-converter-assistant
Climate/Environment,GeneScie Tracker 2.0,Generative,GeneScie Tracker 2.0 helps users by providing functionality for genescie tracker 2.0.,"genescie, tracker, 2.0, ai tool, online tool",GeneScie Tracker 2.0 — Use this tool online to genescie quickly and easily.,genescie-tracker-20
HealthTech/BioTech,Busi Mixer Analyzer,Future,Busi Mixer Analyzer helps users by providing cutting-edge functionality for busi mixer analyzer.,"busi, mixer, analyzer, ai tool, online tool",Busi Mixer Analyzer — Use this tool online to busi quickly and easily.,busi-mixer-analyzer
Developers/Coding,Instant GeneScie Synth,Generative,Instant GeneScie Synth helps users by providing functionality for instant genescie synth.,"instant, genescie, synth, ai tool, online tool",Instant GeneScie Synth — Use this tool online to instant quickly and easily.,instant-genescie-synth
Climate/Environment,GeneScie Planner Analyzer,Generative,GeneScie Planner Analyzer helps users by providing functionality for genescie planner analyzer.,"genescie, planner, analyzer, ai tool, online tool",GeneScie Planner Analyzer — Use this tool online to genescie quickly and easily.,genescie-planner-analyzer
Content Writing,GeneScie Simulator Analyzer,Present,GeneScie Simulator Analyzer helps users by providing functionality for genescie simulator analyzer.,"genescie, simulator, analyzer, ai tool, online tool",GeneScie Simulator Analyzer — Use this tool online to genescie quickly and easily.,genescie-simulator-analyzer
HealthTech/BioTech,Clim Synth Studio,Present,Clim Synth Studio helps users by providing functionality for clim synth studio.,"clim, synth, studio, ai tool, online tool",Clim Synth Studio — Use this tool online to clim quickly and easily.,clim-synth-studio
Personal/Lifestyle,NextGen Gami Builder,Present,NextGen Gami Builder helps users by providing functionality for nextgen gami builder.,"nextgen, gami, builder, ai tool, online tool",NextGen Gami Builder — Use this tool online to nextgen quickly and easily.,nextgen-gami-builder
Technology/Future,Instant ContWrit Generator,Generative,Instant ContWrit Generator helps users by providing functionality for instant contwrit generator.,"instant, contwrit, generator, ai tool, online tool",Instant ContWrit Generator — Use this tool online to instant quickly and easily.,instant-contwrit-generator
Education/Learning,Virtual Deve Planner,Present,Virtual Deve Planner helps users by providing functionality for virtual deve planner.,"virtual, deve, planner, ai tool, online tool",Virtual Deve Planner — Use this tool online to virtual quickly and easily.,virtual-deve-planner
Generative Science,ContWrit Bot 2.0,Generative,ContWrit Bot 2.0 helps users by providing functionality for contwrit bot 2.0.,"contwrit, bot, 2.0, ai tool, online tool",ContWrit Bot 2.0 — Use this tool online to contwrit quickly and easily.,contwrit-bot-20
Gaming/ARVR,ContWrit Toolkit 2.0,Present,ContWrit Toolkit 2.0 helps users by providing functionality for contwrit toolkit 2.0.,"contwrit, toolkit, 2.0, ai tool, online tool",ContWrit Toolkit 2.0 — Use this tool online to contwrit quickly and easily.,contwrit-toolkit-20
Content Writing,Instant Tech Assistant,Future,Instant Tech Assistant helps users by providing cutting-edge functionality for instant tech assistant.,"instant, tech, assistant, ai tool, online tool",Instant Tech Assistant — Use this tool online to instant quickly and easily.,instant-tech-assistant
Developers/Coding,Cloud Pers Generator Service,Generative,Cloud Pers Generator Service helps users by providing functionality for cloud pers generator service.,"cloud, pers, generator, service, ai tool, online tool",Cloud Pers Generator Service — Use this tool online to cloud quickly and easily.,cloud-pers-generator-service
Video/Audio Tools,Pers Manager Assistant,Present,Pers Manager Assistant helps users by providing functionality for pers manager assistant.,"pers, manager, assistant, ai tool, online tool",Pers Manager Assistant — Use this tool online to pers quickly and easily.,pers-manager-assistant
SEO/Digital Marketing,NextGen Educ Composer,Present,NextGen Educ Composer helps users by providing functionality for nextgen educ composer.,"nextgen, educ, composer, ai tool, online tool",NextGen Educ Composer — Use this tool online to nextgen quickly and easily.,nextgen-educ-composer
IoT/Robotics,Educ Lab AI,Future,Educ Lab AI helps users by providing cutting-edge functionality for educ lab ai.,"educ, lab, ai tool, online tool",Educ Lab AI — Use this tool online to educ quickly and easily.,educ-lab-ai
IoT/Robotics,Smart Busi Studio,Generative,Smart Busi Studio helps users by providing functionality for smart busi studio.,"smart, busi, studio, ai tool, online tool",Smart Busi Studio — Use this tool online to smart quickly and easily.,smart-busi-studio
SEO/Digital Marketing,Smart Educ Builder,Present,Smart Educ Builder helps users by providing functionality for smart educ builder.,"smart, educ, builder, ai tool, online tool",Smart Educ Builder — Use this tool online to smart quickly and easily.,smart-educ-builder
SEO/Digital Marketing,Clim Finder Assistant,Future,Clim Finder Assistant helps users by providing cutting-edge functionality for clim finder assistant.,"clim, finder, assistant, ai tool, online tool",Clim Finder Assistant — Use this tool online to clim quickly and easily.,clim-finder-assistant
Gaming/ARVR,Virtual Spac Bot,Present,Virtual Spac Bot helps users by providing functionality for virtual spac bot.,"virtual, spac, bot, ai tool, online tool",Virtual Spac Bot — Use this tool online to virtual quickly and easily.,virtual-spac-bot
Education/Learning,Educ Analyzer X,Present,Educ Analyzer X helps users by providing functionality for educ analyzer x.,"educ, analyzer, ai tool, online tool",Educ Analyzer X — Use this tool online to educ quickly and easily.,educ-analyzer-x
Developers/Coding,Clim Aligner Analyzer,Present,Clim Aligner Analyzer helps users by providing functionality for clim aligner analyzer.,"clim, aligner, analyzer, ai tool, online tool",Clim Aligner Analyzer — Use this tool online to clim quickly and easily.,clim-aligner-analyzer
Entertainment/Culture,Auto Pers Editor Builder,Present,Auto Pers Editor Builder helps users by providing functionality for auto pers editor builder.,"auto, pers, editor, builder, ai tool, online tool",Auto Pers Editor Builder — Use this tool online to auto quickly and easily.,auto-pers-editor-builder
Entertainment/Culture,Auto Spac Editor Builder,Generative,Auto Spac Editor Builder helps users by providing functionality for auto spac editor builder.,"auto, spac, editor, builder, ai tool, online tool",Auto Spac Editor Builder — Use this tool online to auto quickly and easily.,auto-spac-editor-builder
Video/Audio Tools,Generative Heal Optimizer,Generative,Generative Heal Optimizer helps users by providing functionality for generative heal optimizer.,"generative, heal, optimizer, ai tool, online tool",Generative Heal Optimizer — Use this tool online to generative quickly and easily.,generative-heal-optimizer
HealthTech/BioTech,Auto Desi Converter Builder,Future,Auto Desi Converter Builder helps users by providing cutting-edge functionality for auto desi converter builder.,"auto, desi, converter, builder, ai tool, online tool",Auto Desi Converter Builder — Use this tool online to auto quickly and easily.,auto-desi-converter-builder
Design/Creative,Gami Editor Analyzer,Generative,Gami Editor Analyzer helps users by providing functionality for gami editor analyzer.,"gami, editor, analyzer, ai tool, online tool",Gami Editor Analyzer — Use this tool online to gami quickly and easily.,gami-editor-analyzer
Personal/Lifestyle,Desi Editor Analyzer,Present,Desi Editor Analyzer helps users by providing functionality for desi editor analyzer.,"desi, editor, analyzer, ai tool, online tool",Desi Editor Analyzer — Use this tool online to desi quickly and easily.,desi-editor-analyzer
Space/Astronomy,Heal Toolkit Studio,Generative,Heal Toolkit Studio helps users by providing functionality for heal toolkit studio.,"heal, toolkit, studio, ai tool, online tool",Heal Toolkit Studio — Use this tool online to heal quickly and easily.,heal-toolkit-studio
Education/Learning,Cloud Spac Optimizer Service,Generative,Cloud Spac Optimizer Service helps users by providing functionality for cloud spac optimizer service.,"cloud, spac, optimizer, service, ai tool, online tool",Cloud Spac Optimizer Service — Use this tool online to cloud quickly and easily.,cloud-spac-optimizer-service
Design/Creative,Heal Planner AI,Present,Heal Planner AI helps users by providing functionality for heal planner ai.,"heal, planner, ai tool, online tool",Heal Planner AI — Use this tool online to heal quickly and easily.,heal-planner-ai
Video/Audio Tools,Instant GeneScie Enhancer,Future,Instant GeneScie Enhancer helps users by providing cutting-edge functionality for instant genescie enhancer.,"instant, genescie, enhancer, ai tool, online tool",Instant GeneScie Enhancer — Use this tool online to instant quickly and easily.,instant-genescie-enhancer
Content Writing,Instant Desi Creator,Present,Instant Desi Creator helps users by providing functionality for instant desi creator.,"instant, desi, creator, ai tool, online tool",Instant Desi Creator — Use this tool online to instant quickly and easily.,instant-desi-creator
Developers/Coding,Heal Generator AI,Present,Heal Generator AI helps users by providing functionality for heal generator ai.,"heal, generator, ai tool, online tool",Heal Generator AI — Use this tool online to heal quickly and easily.,heal-generator-ai
Space/Astronomy,Auto ContWrit Analyzer Builder,Present,Auto ContWrit Analyzer Builder helps users by providing functionality for auto contwrit analyzer builder.,"auto, contwrit, analyzer, builder, ai tool, online tool",Auto ContWrit Analyzer Builder — Use this tool online to auto quickly and easily.,auto-contwrit-analyzer-builder
HealthTech/BioTech,AI Pers Converter Pro,Present,AI Pers Converter Pro helps users by providing functionality for ai pers converter pro.,"pers, converter, pro, ai tool, online tool",AI Pers Converter Pro — Use this tool online to ai quickly and easily.,ai-pers-converter-pro
Business/Finance,Generative Clim Optimizer,Generative,Generative Clim Optimizer helps users by providing functionality for generative clim optimizer.,"generative, clim, optimizer, ai tool, online tool",Generative Clim Optimizer — Use this tool online to generative quickly and easily.,generative-clim-optimizer
Business/Finance,Virtual Spac Composer,Generative,Virtual Spac Composer helps users by providing functionality for virtual spac composer.,"virtual, spac, composer, ai tool, online tool",Virtual Spac Composer — Use this tool online to virtual quickly and easily.,virtual-spac-composer
HealthTech/BioTech,NextGen Tech Creator,Present,NextGen Tech Creator helps users by providing functionality for nextgen tech creator.,"nextgen, tech, creator, ai tool, online tool",NextGen Tech Creator — Use this tool online to nextgen quickly and easily.,nextgen-tech-creator
Space/Astronomy,Iot/ Lab AI,Present,Iot/ Lab AI helps users by providing functionality for iot/ lab ai.,"iot, lab, ai tool, online tool",Iot/ Lab AI — Use this tool online to iot/ quickly and easily.,iot-lab-ai
Developers/Coding,Spac Simulator Assistant,Present,Spac Simulator Assistant helps users by providing functionality for spac simulator assistant.,"spac, simulator, assistant, ai tool, online tool",Spac Simulator Assistant — Use this tool online to spac quickly and easily.,spac-simulator-assistant
Entertainment/Culture,Virtual Pers Finder,Present,Virtual Pers Finder helps users by providing functionality for virtual pers finder.,"virtual, pers, finder, ai tool, online tool",Virtual Pers Finder — Use this tool online to virtual quickly and easily.,virtual-pers-finder
Technology/Future,Desi Creator Studio,Present,Desi Creator Studio helps users by providing functionality for desi creator studio.,"desi, creator, studio, ai tool, online tool",Desi Creator Studio — Use this tool online to desi quickly and easily.,desi-creator-studio
Design/Creative,Instant Spac Converter,Present,Instant Spac Converter helps users by providing functionality for instant spac converter.,"instant, spac, converter, ai tool, online tool",Instant Spac Converter — Use this tool online to instant quickly and easily.,instant-spac-converter
Developers/Coding,ContWrit Editor Studio,Future,ContWrit Editor Studio helps users by providing cutting-edge functionality for contwrit editor studio.,"contwrit, editor, studio, ai tool, online tool",ContWrit Editor Studio — Use this tool online to contwrit quickly and easily.,contwrit-editor-studio
HealthTech/BioTech,Heal Enhancer Assistant,Generative,Heal Enhancer Assistant helps users by providing functionality for heal enhancer assistant.,"heal, enhancer, assistant, ai tool, online tool",Heal Enhancer Assistant — Use this tool online to heal quickly and easily.,heal-enhancer-assistant
Generative Science,NextGen Seo/Mark Lab,Future,NextGen Seo/Mark Lab helps users by providing cutting-edge functionality for nextgen seo/mark lab.,"nextgen, seo, mark, lab, ai tool, online tool",NextGen Seo/Mark Lab — Use this tool online to nextgen quickly and easily.,nextgen-seomark-lab
Business/Finance,Ente Converter Assistant,Generative,Ente Converter Assistant helps users by providing functionality for ente converter assistant.,"ente, converter, assistant, ai tool, online tool",Ente Converter Assistant — Use this tool online to ente quickly and easily.,ente-converter-assistant
Developers/Coding,Generative Seo/Mark Finder,Future,Generative Seo/Mark Finder helps users by providing cutting-edge functionality for generative seo/mark finder.,"generative, seo, mark, finder, ai tool, online tool",Generative Seo/Mark Finder — Use this tool online to generative quickly and easily.,generative-seomark-finder
Developers/Coding,Auto Deve Detector Builder,Present,Auto Deve Detector Builder helps users by providing functionality for auto deve detector builder.,"auto, deve, detector, builder, ai tool, online tool",Auto Deve Detector Builder — Use this tool online to auto quickly and easily.,auto-deve-detector-builder
Design/Creative,Virtual Iot/ Manager,Present,Virtual Iot/ Manager helps users by providing functionality for virtual iot/ manager.,"virtual, iot, manager, ai tool, online tool",Virtual Iot/ Manager — Use this tool online to virtual quickly and easily.,virtual-iot-manager
IoT/Robotics,Ente Assistant Analyzer,Present,Ente Assistant Analyzer helps users by providing functionality for ente assistant analyzer.,"ente, assistant, analyzer, ai tool, online tool",Ente Assistant Analyzer — Use this tool online to ente quickly and easily.,ente-assistant-analyzer
Content Writing,AI Seo/Mark Optimizer Pro,Present,AI Seo/Mark Optimizer Pro helps users by providing functionality for ai seo/mark optimizer pro.,"seo, mark, optimizer, pro, ai tool, online tool",AI Seo/Mark Optimizer Pro — Use this tool online to ai quickly and easily.,ai-seomark-optimizer-pro
SEO/Digital Marketing,AI Deve Mapper Pro,Present,AI Deve Mapper Pro helps users by providing functionality for ai deve mapper pro.,"deve, mapper, pro, ai tool, online tool",AI Deve Mapper Pro — Use this tool online to ai quickly and easily.,ai-deve-mapper-pro
Design/Creative,Virtual VideTool Creator,Generative,Virtual VideTool Creator helps users by providing functionality for virtual videtool creator.,"virtual, videtool, creator, ai tool, online tool",Virtual VideTool Creator — Use this tool online to virtual quickly and easily.,virtual-videtool-creator
Technology/Future,Generative Spac Synth,Present,Generative Spac Synth helps users by providing functionality for generative spac synth.,"generative, spac, synth, ai tool, online tool",Generative Spac Synth — Use this tool online to generative quickly and easily.,generative-spac-synth
Education/Learning,Smart ContWrit Composer,Future,Smart ContWrit Composer helps users by providing cutting-edge functionality for smart contwrit composer.,"smart, contwrit, composer, ai tool, online tool",Smart ContWrit Composer — Use this tool online to smart quickly and easily.,smart-contwrit-composer
Personal/Lifestyle,NextGen Desi Builder,Generative,NextGen Desi Builder helps users by providing functionality for nextgen desi builder.,"nextgen, desi, builder, ai tool, online tool",NextGen Desi Builder — Use this tool online to nextgen quickly and easily.,nextgen-desi-builder
Video/Audio Tools,Virtual Spac Simulator,Generative,Virtual Spac Simulator helps users by providing functionality for virtual spac simulator.,"virtual, spac, simulator, ai tool, online tool",Virtual Spac Simulator — Use this tool online to virtual quickly and easily.,virtual-spac-simulator
Video/Audio Tools,Smart Busi Tracker,Future,Smart Busi Tracker helps users by providing cutting-edge functionality for smart busi tracker.,"smart, busi, tracker, ai tool, online tool",Smart Busi Tracker — Use this tool online to smart quickly and easily.,smart-busi-tracker
Entertainment/Culture,NextGen Heal Aligner,Present,NextGen Heal Aligner helps users by providing functionality for nextgen heal aligner.,"nextgen, heal, aligner, ai tool, online tool",NextGen Heal Aligner — Use this tool online to nextgen quickly and easily.,nextgen-heal-aligner
Generative Science,Smart Spac Manager,Generative,Smart Spac Manager helps users by providing functionality for smart spac manager.,"smart, spac, manager, ai tool, online tool",Smart Spac Manager — Use this tool online to smart quickly and easily.,smart-spac-manager
IoT/Robotics,Cloud Tech Mapper Service,Present,Cloud Tech Mapper Service helps users by providing functionality for cloud tech mapper service.,"cloud, tech, mapper, service, ai tool, online tool",Cloud Tech Mapper Service — Use this tool online to cloud quickly and easily.,cloud-tech-mapper-service
Climate/Environment,Virtual Seo/Mark Creator,Present,Virtual Seo/Mark Creator helps users by providing functionality for virtual seo/mark creator.,"virtual, seo, mark, creator, ai tool, online tool",Virtual Seo/Mark Creator — Use this tool online to virtual quickly and easily.,virtual-seomark-creator
Developers/Coding,Seo/Mark Builder 2.0,Present,Seo/Mark Builder 2.0 helps users by providing functionality for seo/mark builder 2.0.,"seo, mark, builder, 2.0, ai tool, online tool",Seo/Mark Builder 2.0 — Use this tool online to seo/mark quickly and easily.,seomark-builder-20
Content Writing,Busi Studio 2.0,Present,Busi Studio 2.0 helps users by providing functionality for busi studio 2.0.,"busi, studio, 2.0, ai tool, online tool",Busi Studio 2.0 — Use this tool online to busi quickly and easily.,busi-studio-20
HealthTech/BioTech,Instant Educ Mapper,Generative,Instant Educ Mapper helps users by providing functionality for instant educ mapper.,"instant, educ, mapper, ai tool, online tool",Instant Educ Mapper — Use this tool online to instant quickly and easily.,instant-educ-mapper
HealthTech/BioTech,Cloud Clim Composer Service,Future,Cloud Clim Composer Service helps users by providing cutting-edge functionality for cloud clim composer service.,"cloud, clim, composer, service, ai tool, online tool",Cloud Clim Composer Service — Use this tool online to cloud quickly and easily.,cloud-clim-composer-service
Business/Finance,Iot/ Planner Assistant,Present,Iot/ Planner Assistant helps users by providing functionality for iot/ planner assistant.,"iot, planner, assistant, ai tool, online tool",Iot/ Planner Assistant — Use this tool online to iot/ quickly and easily.,iot-planner-assistant
Design/Creative,Iot/ Dashboard Analyzer,Present,Iot/ Dashboard Analyzer helps users by providing functionality for iot/ dashboard analyzer.,"iot, dashboard, analyzer, ai tool, online tool",Iot/ Dashboard Analyzer — Use this tool online to iot/ quickly and easily.,iot-dashboard-analyzer
Design/Creative,Iot/ Finder Studio,Present,Iot/ Finder Studio helps users by providing functionality for iot/ finder studio.,"iot, finder, studio, ai tool, online tool",Iot/ Finder Studio — Use this tool online to iot/ quickly and easily.,iot-finder-studio
SEO/Digital Marketing,Smart GeneScie Manager,Present,Smart GeneScie Manager helps users by providing functionality for smart genescie manager.,"smart, genescie, manager, ai tool, online tool",Smart GeneScie Manager — Use this tool online to smart quickly and easily.,smart-genescie-manager
Personal/Lifestyle,Pers Aligner Studio,Future,Pers Aligner Studio helps users by providing cutting-edge functionality for pers aligner studio.,"pers, aligner, studio, ai tool, online tool",Pers Aligner Studio — Use this tool online to pers quickly and easily.,pers-aligner-studio
Education/Learning,GeneScie Dashboard Analyzer,Generative,GeneScie Dashboard Analyzer helps users by providing functionality for genescie dashboard analyzer.,"genescie, dashboard, analyzer, ai tool, online tool",GeneScie Dashboard Analyzer — Use this tool online to genescie quickly and easily.,genescie-dashboard-analyzer
Gaming/ARVR,Auto Spac Studio Builder,Present,Auto Spac Studio Builder helps users by providing functionality for auto spac studio builder.,"auto, spac, studio, builder, ai tool, online tool",Auto Spac Studio Builder — Use this tool online to auto quickly and easily.,auto-spac-studio-builder
Gaming/ARVR,Instant Iot/ Optimizer,Future,Instant Iot/ Optimizer helps users by providing cutting-edge functionality for instant iot/ optimizer.,"instant, iot, optimizer, ai tool, online tool",Instant Iot/ Optimizer — Use this tool online to instant quickly and easily.,instant-iot-optimizer
Generative Science,Virtual Seo/Mark Composer,Present,Virtual Seo/Mark Composer helps users by providing functionality for virtual seo/mark composer.,"virtual, seo, mark, composer, ai tool, online tool",Virtual Seo/Mark Composer — Use this tool online to virtual quickly and easily.,virtual-seomark-composer
Entertainment/Culture,Deve Aligner Analyzer,Present,Deve Aligner Analyzer helps users by providing functionality for deve aligner analyzer.,"deve, aligner, analyzer, ai tool, online tool",Deve Aligner Analyzer — Use this tool online to deve quickly and easily.,deve-aligner-analyzer
Design/Creative,AI Seo/Mark Bot Pro,Generative,AI Seo/Mark Bot Pro helps users by providing functionality for ai seo/mark bot pro.,"seo, mark, bot, pro, ai tool, online tool",AI Seo/Mark Bot Pro — Use this tool online to ai quickly and easily.,ai-seomark-bot-pro
Video/Audio Tools,ContWrit Finder Analyzer,Future,ContWrit Finder Analyzer helps users by providing cutting-edge functionality for contwrit finder analyzer.,"contwrit, finder, analyzer, ai tool, online tool",ContWrit Finder Analyzer — Use this tool online to contwrit quickly and easily.,contwrit-finder-analyzer
Design/Creative,Instant Gami Assistant,Generative,Instant Gami Assistant helps users by providing functionality for instant gami assistant.,"instant, gami, assistant, ai tool, online tool",Instant Gami Assistant — Use this tool online to instant quickly and easily.,instant-gami-assistant
Entertainment/Culture,Virtual Iot/ Converter,Generative,Virtual Iot/ Converter helps users by providing functionality for virtual iot/ converter.,"virtual, iot, converter, ai tool, online tool",Virtual Iot/ Converter — Use this tool online to virtual quickly and easily.,virtual-iot-converter
Entertainment/Culture,Auto Desi Mapper Builder,Present,Auto Desi Mapper Builder helps users by providing functionality for auto desi mapper builder.,"auto, desi, mapper, builder, ai tool, online tool",Auto Desi Mapper Builder — Use this tool online to auto quickly and easily.,auto-desi-mapper-builder
Climate/Environment,Busi Optimizer 2.0,Future,Busi Optimizer 2.0 helps users by providing cutting-edge functionality for busi optimizer 2.0.,"busi, optimizer, 2.0, ai tool, online tool",Busi Optimizer 2.0 — Use this tool online to busi quickly and easily.,busi-optimizer-20
Content Writing,Virtual VideTool Planner,Future,Virtual VideTool Planner helps users by providing cutting-edge functionality for virtual videtool planner.,"virtual, videtool, planner, ai tool, online tool",Virtual VideTool Planner — Use this tool online to virtual quickly and easily.,virtual-videtool-planner
Generative Science,Cloud Seo/Mark Finder Service,Present,Cloud Seo/Mark Finder Service helps users by providing functionality for cloud seo/mark finder service.,"cloud, seo, mark, finder, service, ai tool, online tool",Cloud Seo/Mark Finder Service — Use this tool online to cloud quickly and easily.,cloud-seomark-finder-service
Content Writing,AI Heal Analyzer Pro,Present,AI Heal Analyzer Pro helps users by providing functionality for ai heal analyzer pro.,"heal, analyzer, pro, ai tool, online tool",AI Heal Analyzer Pro — Use this tool online to ai quickly and easily.,ai-heal-analyzer-pro
HealthTech/BioTech,NextGen Gami Mapper,Future,NextGen Gami Mapper helps users by providing cutting-edge functionality for nextgen gami mapper.,"nextgen, gami, mapper, ai tool, online tool",NextGen Gami Mapper — Use this tool online to nextgen quickly and easily.,nextgen-gami-mapper
IoT/Robotics,Desi Assistant Analyzer,Present,Desi Assistant Analyzer helps users by providing functionality for desi assistant analyzer.,"desi, assistant, analyzer, ai tool, online tool",Desi Assistant Analyzer — Use this tool online to desi quickly and easily.,desi-assistant-analyzer
Entertainment/Culture,Cloud GeneScie Generator Service,Generative,Cloud GeneScie Generator Service helps users by providing functionality for cloud genescie generator service.,"cloud, genescie, generator, service, ai tool, online tool",Cloud GeneScie Generator Service — Use this tool online to cloud quickly and easily.,cloud-genescie-generator-service
Entertainment/Culture,Spac Creator X,Generative,Spac Creator X helps users by providing functionality for spac creator x.,"spac, creator, ai tool, online tool",Spac Creator X — Use this tool online to spac quickly and easily.,spac-creator-x
Entertainment/Culture,Iot/ Detector 2.0,Present,Iot/ Detector 2.0 helps users by providing functionality for iot/ detector 2.0.,"iot, detector, 2.0, ai tool, online tool",Iot/ Detector 2.0 — Use this tool online to iot/ quickly and easily.,iot-detector-20
Education/Learning,Cloud ContWrit Generator Service,Present,Cloud ContWrit Generator Service helps users by providing functionality for cloud contwrit generator service.,"cloud, contwrit, generator, service, ai tool, online tool",Cloud ContWrit Generator Service — Use this tool online to cloud quickly and easily.,cloud-contwrit-generator-service
Climate/Environment,Auto Ente Generator Builder,Present,Auto Ente Generator Builder helps users by providing functionality for auto ente generator builder.,"auto, ente, generator, builder, ai tool, online tool",Auto Ente Generator Builder — Use this tool online to auto quickly and easily.,auto-ente-generator-builder
Space/Astronomy,NextGen Seo/Mark Editor,Present,NextGen Seo/Mark Editor helps users by providing functionality for nextgen seo/mark editor.,"nextgen, seo, mark, editor, ai tool, online tool",NextGen Seo/Mark Editor — Use this tool online to nextgen quickly and easily.,nextgen-seomark-editor
Video/Audio Tools,Instant GeneScie Manager,Generative,Instant GeneScie Manager helps users by providing functionality for instant genescie manager.,"instant, genescie, manager, ai tool, online tool",Instant GeneScie Manager — Use this tool online to instant quickly and easily.,instant-genescie-manager
Gaming/ARVR,Gami Finder Assistant,Present,Gami Finder Assistant helps users by providing functionality for gami finder assistant.,"gami, finder, assistant, ai tool, online tool",Gami Finder Assistant — Use this tool online to gami quickly and easily.,gami-finder-assistant
Personal/Lifestyle,ContWrit Generator X,Present,ContWrit Generator X helps users by providing functionality for contwrit generator x.,"contwrit, generator, ai tool, online tool",ContWrit Generator X — Use this tool online to contwrit quickly and easily.,contwrit-generator-x
SEO/Digital Marketing,Auto Gami Lab Builder,Future,Auto Gami Lab Builder helps users by providing cutting-edge functionality for auto gami lab builder.,"auto, gami, lab, builder, ai tool, online tool",Auto Gami Lab Builder — Use this tool online to auto quickly and easily.,auto-gami-lab-builder
HealthTech/BioTech,NextGen ContWrit Dashboard,Present,NextGen ContWrit Dashboard helps users by providing functionality for nextgen contwrit dashboard.,"nextgen, contwrit, dashboard, ai tool, online tool",NextGen ContWrit Dashboard — Use this tool online to nextgen quickly and easily.,nextgen-contwrit-dashboard
Climate/Environment,AI Desi Finder Pro,Present,AI Desi Finder Pro helps users by providing functionality for ai desi finder pro.,"desi, finder, pro, ai tool, online tool",AI Desi Finder Pro — Use this tool online to ai quickly and easily.,ai-desi-finder-pro
IoT/Robotics,Instant Educ Finder,Present,Instant Educ Finder helps users by providing functionality for instant educ finder.,"instant, educ, finder, ai tool, online tool",Instant Educ Finder — Use this tool online to instant quickly and easily.,instant-educ-finder
Climate/Environment,AI Spac Manager Pro,Present,AI Spac Manager Pro helps users by providing functionality for ai spac manager pro.,"spac, manager, pro, ai tool, online tool",AI Spac Manager Pro — Use this tool online to ai quickly and easily.,ai-spac-manager-pro
Design/Creative,Pers Studio Assistant,Future,Pers Studio Assistant helps users by providing cutting-edge functionality for pers studio assistant.,"pers, studio, assistant, ai tool, online tool",Pers Studio Assistant — Use this tool online to pers quickly and easily.,pers-studio-assistant
Technology/Future,ContWrit Mapper AI,Present,ContWrit Mapper AI helps users by providing functionality for contwrit mapper ai.,"contwrit, mapper, ai tool, online tool",ContWrit Mapper AI — Use this tool online to contwrit quickly and easily.,contwrit-mapper-ai
Climate/Environment,Virtual Heal Composer,Present,Virtual Heal Composer helps users by providing functionality for virtual heal composer.,"virtual, heal, composer, ai tool, online tool",Virtual Heal Composer — Use this tool online to virtual quickly and easily.,virtual-heal-composer
IoT/Robotics,Busi Composer Assistant,Present,Busi Composer Assistant helps users by providing functionality for busi composer assistant.,"busi, composer, assistant, ai tool, online tool",Busi Composer Assistant — Use this tool online to busi quickly and easily.,busi-composer-assistant
HealthTech/BioTech,Generative Clim Tracker,Present,Generative Clim Tracker helps users by providing functionality for generative clim tracker.,"generative, clim, tracker, ai tool, online tool",Generative Clim Tracker — Use this tool online to generative quickly and easily.,generative-clim-tracker
Gaming/ARVR,Instant Busi Synth,Future,Instant Busi Synth helps users by providing cutting-edge functionality for instant busi synth.,"instant, busi, synth, ai tool, online tool",Instant Busi Synth — Use this tool online to instant quickly and easily.,instant-busi-synth
Design/Creative,ContWrit Mixer AI,Generative,ContWrit Mixer AI helps users by providing functionality for contwrit mixer ai.,"contwrit, mixer, ai tool, online tool",ContWrit Mixer AI — Use this tool online to contwrit quickly and easily.,contwrit-mixer-ai
Entertainment/Culture,Busi Planner Studio,Present,Busi Planner Studio helps users by providing functionality for busi planner studio.,"busi, planner, studio, ai tool, online tool",Busi Planner Studio — Use this tool online to busi quickly and easily.,busi-planner-studio
SEO/Digital Marketing,Virtual Tech Mixer,Generative,Virtual Tech Mixer helps users by providing functionality for virtual tech mixer.,"virtual, tech, mixer, ai tool, online tool",Virtual Tech Mixer — Use this tool online to virtual quickly and easily.,virtual-tech-mixer
HealthTech/BioTech,Busi Aligner 2.0,Present,Busi Aligner 2.0 helps users by providing functionality for busi aligner 2.0.,"busi, aligner, 2.0, ai tool, online tool",Busi Aligner 2.0 — Use this tool online to busi quickly and easily.,busi-aligner-20
Technology/Future,Clim Bot Assistant,Present,Clim Bot Assistant helps users by providing functionality for clim bot assistant.,"clim, bot, assistant, ai tool, online tool",Clim Bot Assistant — Use this tool online to clim quickly and easily.,clim-bot-assistant
Generative Science,Instant Deve Aligner,Generative,Instant Deve Aligner helps users by providing functionality for instant deve aligner.,"instant, deve, aligner, ai tool, online tool",Instant Deve Aligner — Use this tool online to instant quickly and easily.,instant-deve-aligner
Video/Audio Tools,Smart Clim Composer,Generative,Smart Clim Composer helps users by providing functionality for smart clim composer.,"smart, clim, composer, ai tool, online tool",Smart Clim Composer — Use this tool online to smart quickly and easily.,smart-clim-composer
Business/Finance,NextGen Clim Builder,Generative,NextGen Clim Builder helps users by providing functionality for nextgen clim builder.,"nextgen, clim, builder, ai tool, online tool",NextGen Clim Builder — Use this tool online to nextgen quickly and easily.,nextgen-clim-builder
IoT/Robotics,Busi Dashboard X,Future,Busi Dashboard X helps users by providing cutting-edge functionality for busi dashboard x.,"busi, dashboard, ai tool, online tool",Busi Dashboard X — Use this tool online to busi quickly and easily.,busi-dashboard-x
Content Writing,GeneScie Finder X,Generative,GeneScie Finder X helps users by providing functionality for genescie finder x.,"genescie, finder, ai tool, online tool",GeneScie Finder X — Use this tool online to genescie quickly and easily.,genescie-finder-x
Developers/Coding,Pers Builder Analyzer,Present,Pers Builder Analyzer helps users by providing functionality for pers builder analyzer.,"pers, builder, analyzer, ai tool, online tool",Pers Builder Analyzer — Use this tool online to pers quickly and easily.,pers-builder-analyzer
SEO/Digital Marketing,NextGen Tech Dashboard,Generative,NextGen Tech Dashboard helps users by providing functionality for nextgen tech dashboard.,"nextgen, tech, dashboard, ai tool, online tool",NextGen Tech Dashboard — Use this tool online to nextgen quickly and easily.,nextgen-tech-dashboard
HealthTech/BioTech,Auto Educ Optimizer Builder,Generative,Auto Educ Optimizer Builder helps users by providing functionality for auto educ optimizer builder.,"auto, educ, optimizer, builder, ai tool, online tool",Auto Educ Optimizer Builder — Use this tool online to auto quickly and easily.,auto-educ-optimizer-builder
Personal/Lifestyle,Busi Analyzer X,Present,Busi Analyzer X helps users by providing functionality for busi analyzer x.,"busi, analyzer, ai tool, online tool",Busi Analyzer X — Use this tool online to busi quickly and easily.,busi-analyzer-x
Technology/Future,Smart Seo/Mark Assistant,Present,Smart Seo/Mark Assistant helps users by providing functionality for smart seo/mark assistant.,"smart, seo, mark, assistant, ai tool, online tool",Smart Seo/Mark Assistant — Use this tool online to smart quickly and easily.,smart-seomark-assistant
HealthTech/BioTech,NextGen Ente Toolkit,Present,NextGen Ente Toolkit helps users by providing functionality for nextgen ente toolkit.,"nextgen, ente, toolkit, ai tool, online tool",NextGen Ente Toolkit — Use this tool online to nextgen quickly and easily.,nextgen-ente-toolkit
IoT/Robotics,Cloud Spac Converter Service,Generative,Cloud Spac Converter Service helps users by providing functionality for cloud spac converter service.,"cloud, spac, converter, service, ai tool, online tool",Cloud Spac Converter Service — Use this tool online to cloud quickly and easily.,cloud-spac-converter-service
Business/Finance,Generative VideTool Toolkit,Present,Generative VideTool Toolkit helps users by providing functionality for generative videtool toolkit.,"generative, videtool, toolkit, ai tool, online tool",Generative VideTool Toolkit — Use this tool online to generative quickly and easily.,generative-videtool-toolkit
Education/Learning,Auto VideTool Tracker Builder,Generative,Auto VideTool Tracker Builder helps users by providing functionality for auto videtool tracker builder.,"auto, videtool, tracker, builder, ai tool, online tool",Auto VideTool Tracker Builder — Use this tool online to auto quickly and easily.,auto-videtool-tracker-builder
Content Writing,Desi Detector X,Future,Desi Detector X helps users by providing cutting-edge functionality for desi detector x.,"desi, detector, ai tool, online tool",Desi Detector X — Use this tool online to desi quickly and easily.,desi-detector-x
SEO/Digital Marketing,AI VideTool Simulator Pro,Present,AI VideTool Simulator Pro helps users by providing functionality for ai videtool simulator pro.,"videtool, simulator, pro, ai tool, online tool",AI VideTool Simulator Pro — Use this tool online to ai quickly and easily.,ai-videtool-simulator-pro
SEO/Digital Marketing,Pers Builder X,Present,Pers Builder X helps users by providing functionality for pers builder x.,"pers, builder, ai tool, online tool",Pers Builder X — Use this tool online to pers quickly and easily.,pers-builder-x
Developers/Coding,NextGen GeneScie Assistant,Present,NextGen GeneScie Assistant helps users by providing functionality for nextgen genescie assistant.,"nextgen, genescie, assistant, ai tool, online tool",NextGen GeneScie Assistant — Use this tool online to nextgen quickly and easily.,nextgen-genescie-assistant
Education/Learning,Virtual Spac Enhancer,Present,Virtual Spac Enhancer helps users by providing functionality for virtual spac enhancer.,"virtual, spac, enhancer, ai tool, online tool",Virtual Spac Enhancer — Use this tool online to virtual quickly and easily.,virtual-spac-enhancer
Design/Creative,Generative ContWrit Composer,Generative,Generative ContWrit Composer helps users by providing functionality for generative contwrit composer.,"generative, contwrit, composer, ai tool, online tool",Generative ContWrit Composer — Use this tool online to generative quickly and easily.,generative-contwrit-composer
Gaming/ARVR,Spac Editor AI,Future,Spac Editor AI helps users by providing cutting-edge functionality for spac editor ai.,"spac, editor, ai tool, online tool",Spac Editor AI — Use this tool online to spac quickly and easily.,spac-editor-ai
IoT/Robotics,Generative GeneScie Bot,Present,Generative GeneScie Bot helps users by providing functionality for generative genescie bot.,"generative, genescie, bot, ai tool, online tool",Generative GeneScie Bot — Use this tool online to generative quickly and easily.,generative-genescie-bot
Generative Science,Auto Deve Creator Builder,Present,Auto Deve Creator Builder helps users by providing functionality for auto deve creator builder.,"auto, deve, creator, builder, ai tool, online tool",Auto Deve Creator Builder — Use this tool online to auto quickly and easily.,auto-deve-creator-builder
Space/Astronomy,Heal Studio 2.0,Generative,Heal Studio 2.0 helps users by providing functionality for heal studio 2.0.,"heal, studio, 2.0, ai tool, online tool",Heal Studio 2.0 — Use this tool online to heal quickly and easily.,heal-studio-20
IoT/Robotics,Seo/Mark Creator Assistant,Present,Seo/Mark Creator Assistant helps users by providing functionality for seo/mark creator assistant.,"seo, mark, creator, assistant, ai tool, online tool",Seo/Mark Creator Assistant — Use this tool online to seo/mark quickly and easily.,seomark-creator-assistant
Developers/Coding,Auto Deve Synth Builder,Present,Auto Deve Synth Builder helps users by providing functionality for auto deve synth builder.,"auto, deve, synth, builder, ai tool, online tool",Auto Deve Synth Builder — Use this tool online to auto quickly and easily.,auto-deve-synth-builder
HealthTech/BioTech,GeneScie Generator Assistant,Present,GeneScie Generator Assistant helps users by providing functionality for genescie generator assistant.,"genescie, generator, assistant, ai tool, online tool",GeneScie Generator Assistant — Use this tool online to genescie quickly and easily.,genescie-generator-assistant
Content Writing,AI Spac Aligner Pro,Generative,AI Spac Aligner Pro helps users by providing functionality for ai spac aligner pro.,"spac, aligner, pro, ai tool, online tool",AI Spac Aligner Pro — Use this tool online to ai quickly and easily.,ai-spac-aligner-pro
Personal/Lifestyle,Ente Editor X,Present,Ente Editor X helps users by providing functionality for ente editor x.,"ente, editor, ai tool, online tool",Ente Editor X — Use this tool online to ente quickly and easily.,ente-editor-x
Space/Astronomy,Auto Pers Tracker Builder,Future,Auto Pers Tracker Builder helps users by providing cutting-edge functionality for auto pers tracker builder.,"auto, pers, tracker, builder, ai tool, online tool",Auto Pers Tracker Builder — Use this tool online to auto quickly and easily.,auto-pers-tracker-builder
Personal/Lifestyle,Iot/ Detector Studio,Future,Iot/ Detector Studio helps users by providing cutting-edge functionality for iot/ detector studio.,"iot, detector, studio, ai tool, online tool",Iot/ Detector Studio — Use this tool online to iot/ quickly and easily.,iot-detector-studio
Gaming/ARVR,AI Pers Bot Pro,Future,AI Pers Bot Pro helps users by providing cutting-edge functionality for ai pers bot pro.,"pers, bot, pro, ai tool, online tool",AI Pers Bot Pro — Use this tool online to ai quickly and easily.,ai-pers-bot-pro
SEO/Digital Marketing,Auto Busi Converter Builder,Future,Auto Busi Converter Builder helps users by providing cutting-edge functionality for auto busi converter builder.,"auto, busi, converter, builder, ai tool, online tool",Auto Busi Converter Builder — Use this tool online to auto quickly and easily.,auto-busi-converter-builder
Climate/Environment,Desi Builder Analyzer,Future,Desi Builder Analyzer helps users by providing cutting-edge functionality for desi builder analyzer.,"desi, builder, analyzer, ai tool, online tool",Desi Builder Analyzer — Use this tool online to desi quickly and easily.,desi-builder-analyzer
Content Writing,Virtual Educ Converter,Present,Virtual Educ Converter helps users by providing functionality for virtual educ converter.,"virtual, educ, converter, ai tool, online tool",Virtual Educ Converter — Use this tool online to virtual quickly and easily.,virtual-educ-converter
Entertainment/Culture,NextGen ContWrit Manager,Present,NextGen ContWrit Manager helps users by providing functionality for nextgen contwrit manager.,"nextgen, contwrit, manager, ai tool, online tool",NextGen ContWrit Manager — Use this tool online to nextgen quickly and easily.,nextgen-contwrit-manager
Climate/Environment,NextGen Educ Optimizer,Generative,NextGen Educ Optimizer helps users by providing functionality for nextgen educ optimizer.,"nextgen, educ, optimizer, ai tool, online tool",NextGen Educ Optimizer — Use this tool online to nextgen quickly and easily.,nextgen-educ-optimizer
Business/Finance,NextGen ContWrit Mapper,Generative,NextGen ContWrit Mapper helps users by providing functionality for nextgen contwrit mapper.,"nextgen, contwrit, mapper, ai tool, online tool",NextGen ContWrit Mapper — Use this tool online to nextgen quickly and easily.,nextgen-contwrit-mapper
Climate/Environment,Cloud Tech Aligner Service,Present,Cloud Tech Aligner Service helps users by providing functionality for cloud tech aligner service.,"cloud, tech, aligner, service, ai tool, online tool",Cloud Tech Aligner Service — Use this tool online to cloud quickly and easily.,cloud-tech-aligner-service
Content Writing,Virtual VideTool Tracker,Generative,Virtual VideTool Tracker helps users by providing functionality for virtual videtool tracker.,"virtual, videtool, tracker, ai tool, online tool",Virtual VideTool Tracker — Use this tool online to virtual quickly and easily.,virtual-videtool-tracker
Generative Science,Desi Bot X,Generative,Desi Bot X helps users by providing functionality for desi bot x.,"desi, bot, ai tool, online tool",Desi Bot X — Use this tool online to desi quickly and easily.,desi-bot-x
Gaming/ARVR,AI Seo/Mark Studio Pro,Present,AI Seo/Mark Studio Pro helps users by providing functionality for ai seo/mark studio pro.,"seo, mark, studio, pro, ai tool, online tool",AI Seo/Mark Studio Pro — Use this tool online to ai quickly and easily.,ai-seomark-studio-pro
SEO/Digital Marketing,Tech Converter Assistant,Present,Tech Converter Assistant helps users by providing functionality for tech converter assistant.,"tech, converter, assistant, ai tool, online tool",Tech Converter Assistant — Use this tool online to tech quickly and easily.,tech-converter-assistant
IoT/Robotics,NextGen Seo/Mark Tracker,Generative,NextGen Seo/Mark Tracker helps users by providing functionality for nextgen seo/mark tracker.,"nextgen, seo, mark, tracker, ai tool, online tool",NextGen Seo/Mark Tracker — Use this tool online to nextgen quickly and easily.,nextgen-seomark-tracker
Entertainment/Culture,Tech Dashboard Analyzer,Future,Tech Dashboard Analyzer helps users by providing cutting-edge functionality for tech dashboard analyzer.,"tech, dashboard, analyzer, ai tool, online tool",Tech Dashboard Analyzer — Use this tool online to tech quickly and easily.,tech-dashboard-analyzer
Climate/Environment,Desi Simulator X,Generative,Desi Simulator X helps users by providing functionality for desi simulator x.,"desi, simulator, ai tool, online tool",Desi Simulator X — Use this tool online to desi quickly and easily.,desi-simulator-x
IoT/Robotics,Desi Composer Studio,Present,Desi Composer Studio helps users by providing functionality for desi composer studio.,"desi, composer, studio, ai tool, online tool",Desi Composer Studio — Use this tool online to desi quickly and easily.,desi-composer-studio
Personal/Lifestyle,Cloud Pers Lab Service,Present,Cloud Pers Lab Service helps users by providing functionality for cloud pers lab service.,"cloud, pers, lab, service, ai tool, online tool",Cloud Pers Lab Service — Use this tool online to cloud quickly and easily.,cloud-pers-lab-service
Personal/Lifestyle,VideTool Enhancer 2.0,Future,VideTool Enhancer 2.0 helps users by providing cutting-edge functionality for videtool enhancer 2.0.,"videtool, enhancer, 2.0, ai tool, online tool",VideTool Enhancer 2.0 — Use this tool online to videtool quickly and easily.,videtool-enhancer-20
Education/Learning,Generative Heal Generator,Generative,Generative Heal Generator helps users by providing functionality for generative heal generator.,"generative, heal, generator, ai tool, online tool",Generative Heal Generator — Use this tool online to generative quickly and easily.,generative-heal-generator
IoT/Robotics,AI Seo/Mark Finder Pro,Generative,AI Seo/Mark Finder Pro helps users by providing functionality for ai seo/mark finder pro.,"seo, mark, finder, pro, ai tool, online tool",AI Seo/Mark Finder Pro — Use this tool online to ai quickly and easily.,ai-seomark-finder-pro
Entertainment/Culture,NextGen Educ Aligner,Present,NextGen Educ Aligner helps users by providing functionality for nextgen educ aligner.,"nextgen, educ, aligner, ai tool, online tool",NextGen Educ Aligner — Use this tool online to nextgen quickly and easily.,nextgen-educ-aligner
Education/Learning,NextGen Desi Lab,Present,NextGen Desi Lab helps users by providing functionality for nextgen desi lab.,"nextgen, desi, lab, ai tool, online tool",NextGen Desi Lab — Use this tool online to nextgen quickly and easily.,nextgen-desi-lab
Developers/Coding,Cloud Heal Lab Service,Present,Cloud Heal Lab Service helps users by providing functionality for cloud heal lab service.,"cloud, heal, lab, service, ai tool, online tool",Cloud Heal Lab Service — Use this tool online to cloud quickly and easily.,cloud-heal-lab-service
Technology/Future,Instant Deve Analyzer,Future,Instant Deve Analyzer helps users by providing cutting-edge functionality for instant deve analyzer.,"instant, deve, analyzer, ai tool, online tool",Instant Deve Analyzer — Use this tool online to instant quickly and easily.,instant-deve-analyzer
IoT/Robotics,Generative Iot/ Finder,Present,Generative Iot/ Finder helps users by providing functionality for generative iot/ finder.,"generative, iot, finder, ai tool, online tool",Generative Iot/ Finder — Use this tool online to generative quickly and easily.,generative-iot-finder
Generative Science,Deve Composer Assistant,Present,Deve Composer Assistant helps users by providing functionality for deve composer assistant.,"deve, composer, assistant, ai tool, online tool",Deve Composer Assistant — Use this tool online to deve quickly and easily.,deve-composer-assistant
Climate/Environment,Smart Heal Assistant,Future,Smart Heal Assistant helps users by providing cutting-edge functionality for smart heal assistant.,"smart, heal, assistant, ai tool, online tool",Smart Heal Assistant — Use this tool online to smart quickly and easily.,smart-heal-assistant
SEO/Digital Marketing,Auto Spac Lab Builder,Present,Auto Spac Lab Builder helps users by providing functionality for auto spac lab builder.,"auto, spac, lab, builder, ai tool, online tool",Auto Spac Lab Builder — Use this tool online to auto quickly and easily.,auto-spac-lab-builder
Content Writing,Heal Dashboard Assistant,Present,Heal Dashboard Assistant helps users by providing functionality for heal dashboard assistant.,"heal, dashboard, assistant, ai tool, online tool",Heal Dashboard Assistant — Use this tool online to heal quickly and easily.,heal-dashboard-assistant
Space/Astronomy,Pers Composer X,Present,Pers Composer X helps users by providing functionality for pers composer x.,"pers, composer, ai tool, online tool",Pers Composer X — Use this tool online to pers quickly and easily.,pers-composer-x
Business/Finance,AI Spac Converter Pro,Present,AI Spac Converter Pro helps users by providing functionality for ai spac converter pro.,"spac, converter, pro, ai tool, online tool",AI Spac Converter Pro — Use this tool online to ai quickly and easily.,ai-spac-converter-pro
Climate/Environment,Heal Composer Analyzer,Future,Heal Composer Analyzer helps users by providing cutting-edge functionality for heal composer analyzer.,"heal, composer, analyzer, ai tool, online tool",Heal Composer Analyzer — Use this tool online to heal quickly and easily.,heal-composer-analyzer
Climate/Environment,Seo/Mark Manager Studio,Generative,Seo/Mark Manager Studio helps users by providing functionality for seo/mark manager studio.,"seo, mark, manager, studio, ai tool, online tool",Seo/Mark Manager Studio — Use this tool online to seo/mark quickly and easily.,seomark-manager-studio
Education/Learning,Smart Educ Editor,Present,Smart Educ Editor helps users by providing functionality for smart educ editor.,"smart, educ, editor, ai tool, online tool",Smart Educ Editor — Use this tool online to smart quickly and easily.,smart-educ-editor
Education/Learning,NextGen Heal Mixer,Generative,NextGen Heal Mixer helps users by providing functionality for nextgen heal mixer.,"nextgen, heal, mixer, ai tool, online tool",NextGen Heal Mixer — Use this tool online to nextgen quickly and easily.,nextgen-heal-mixer
Education/Learning,Auto Educ Detector Builder,Generative,Auto Educ Detector Builder helps users by providing functionality for auto educ detector builder.,"auto, educ, detector, builder, ai tool, online tool",Auto Educ Detector Builder — Use this tool online to auto quickly and easily.,auto-educ-detector-builder
Climate/Environment,Auto GeneScie Mapper Builder,Present,Auto GeneScie Mapper Builder helps users by providing functionality for auto genescie mapper builder.,"auto, genescie, mapper, builder, ai tool, online tool",Auto GeneScie Mapper Builder — Use this tool online to auto quickly and easily.,auto-genescie-mapper-builder
Entertainment/Culture,Desi Assistant Assistant,Generative,Desi Assistant Assistant helps users by providing functionality for desi assistant assistant.,"desi, assistant, assistant, ai tool, online tool",Desi Assistant Assistant — Use this tool online to desi quickly and easily.,desi-assistant-assistant
Generative Science,Seo/Mark Mapper 2.0,Present,Seo/Mark Mapper 2.0 helps users by providing functionality for seo/mark mapper 2.0.,"seo, mark, mapper, 2.0, ai tool, online tool",Seo/Mark Mapper 2.0 — Use this tool online to seo/mark quickly and easily.,seomark-mapper-20
Content Writing,Smart Deve Editor,Present,Smart Deve Editor helps users by providing functionality for smart deve editor.,"smart, deve, editor, ai tool, online tool",Smart Deve Editor — Use this tool online to smart quickly and easily.,smart-deve-editor
Generative Science,Desi Creator AI,Present,Desi Creator AI helps users by providing functionality for desi creator ai.,"desi, creator, ai tool, online tool",Desi Creator AI — Use this tool online to desi quickly and easily.,desi-creator-ai
Entertainment/Culture,Educ Toolkit Assistant,Present,Educ Toolkit Assistant helps users by providing functionality for educ toolkit assistant.,"educ, toolkit, assistant, ai tool, online tool",Educ Toolkit Assistant — Use this tool online to educ quickly and easily.,educ-toolkit-assistant
Developers/Coding,NextGen Seo/Mark Creator,Present,NextGen Seo/Mark Creator helps users by providing functionality for nextgen seo/mark creator.,"nextgen, seo, mark, creator, ai tool, online tool",NextGen Seo/Mark Creator — Use this tool online to nextgen quickly and easily.,nextgen-seomark-creator
Business/Finance,Smart Busi Manager,Generative,Smart Busi Manager helps users by providing functionality for smart busi manager.,"smart, busi, manager, ai tool, online tool",Smart Busi Manager — Use this tool online to smart quickly and easily.,smart-busi-manager
Technology/Future,Instant Busi Planner,Generative,Instant Busi Planner helps users by providing functionality for instant busi planner.,"instant, busi, planner, ai tool, online tool",Instant Busi Planner — Use this tool online to instant quickly and easily.,instant-busi-planner
SEO/Digital Marketing,Cloud Desi Tracker Service,Present,Cloud Desi Tracker Service helps users by providing functionality for cloud desi tracker service.,"cloud, desi, tracker, service, ai tool, online tool",Cloud Desi Tracker Service — Use this tool online to cloud quickly and easily.,cloud-desi-tracker-service
Design/Creative,Heal Mixer X,Future,Heal Mixer X helps users by providing cutting-edge functionality for heal mixer x.,"heal, mixer, ai tool, online tool",Heal Mixer X — Use this tool online to heal quickly and easily.,heal-mixer-x
Design/Creative,Auto VideTool Editor Builder,Present,Auto VideTool Editor Builder helps users by providing functionality for auto videtool editor builder.,"auto, videtool, editor, builder, ai tool, online tool",Auto VideTool Editor Builder — Use this tool online to auto quickly and easily.,auto-videtool-editor-builder
Video/Audio Tools,Smart Tech Planner,Present,Smart Tech Planner helps users by providing functionality for smart tech planner.,"smart, tech, planner, ai tool, online tool",Smart Tech Planner — Use this tool online to smart quickly and easily.,smart-tech-planner
Video/Audio Tools,Auto Gami Planner Builder,Present,Auto Gami Planner Builder helps users by providing functionality for auto gami planner builder.,"auto, gami, planner, builder, ai tool, online tool",Auto Gami Planner Builder — Use this tool online to auto quickly and easily.,auto-gami-planner-builder
Generative Science,VideTool Synth X,Present,VideTool Synth X helps users by providing functionality for videtool synth x.,"videtool, synth, ai tool, online tool",VideTool Synth X — Use this tool online to videtool quickly and easily.,videtool-synth-x
Developers/Coding,GeneScie Simulator AI,Present,GeneScie Simulator AI helps users by providing functionality for genescie simulator ai.,"genescie, simulator, ai tool, online tool",GeneScie Simulator AI — Use this tool online to genescie quickly and easily.,genescie-simulator-ai
HealthTech/BioTech,Virtual VideTool Aligner,Present,Virtual VideTool Aligner helps users by providing functionality for virtual videtool aligner.,"virtual, videtool, aligner, ai tool, online tool",Virtual VideTool Aligner — Use this tool online to virtual quickly and easily.,virtual-videtool-aligner
SEO/Digital Marketing,ContWrit Generator AI,Generative,ContWrit Generator AI helps users by providing functionality for contwrit generator ai.,"contwrit, generator, ai tool, online tool",ContWrit Generator AI — Use this tool online to contwrit quickly and easily.,contwrit-generator-ai
SEO/Digital Marketing,Cloud Spac Synth Service,Present,Cloud Spac Synth Service helps users by providing functionality for cloud spac synth service.,"cloud, spac, synth, service, ai tool, online tool",Cloud Spac Synth Service — Use this tool online to cloud quickly and easily.,cloud-spac-synth-service
Gaming/ARVR,Generative Desi Editor,Present,Generative Desi Editor helps users by providing functionality for generative desi editor.,"generative, desi, editor, ai tool, online tool",Generative Desi Editor — Use this tool online to generative quickly and easily.,generative-desi-editor
Gaming/ARVR,Smart Deve Generator,Generative,Smart Deve Generator helps users by providing functionality for smart deve generator.,"smart, deve, generator, ai tool, online tool",Smart Deve Generator — Use this tool online to smart quickly and easily.,smart-deve-generator
HealthTech/BioTech,Desi Converter Studio,Present,Desi Converter Studio helps users by providing functionality for desi converter studio.,"desi, converter, studio, ai tool, online tool",Desi Converter Studio — Use this tool online to desi quickly and easily.,desi-converter-studio
HealthTech/BioTech,Educ Editor AI,Future,Educ Editor AI helps users by providing cutting-edge functionality for educ editor ai.,"educ, editor, ai tool, online tool",Educ Editor AI — Use this tool online to educ quickly and easily.,educ-editor-ai
Space/Astronomy,Smart Spac Synth,Generative,Smart Spac Synth helps users by providing functionality for smart spac synth.,"smart, spac, synth, ai tool, online tool",Smart Spac Synth — Use this tool online to smart quickly and easily.,smart-spac-synth
Technology/Future,Pers Assistant 2.0,Present,Pers Assistant 2.0 helps users by providing functionality for pers assistant 2.0.,"pers, assistant, 2.0, ai tool, online tool",Pers Assistant 2.0 — Use this tool online to pers quickly and easily.,pers-assistant-20
SEO/Digital Marketing,Cloud Spac Mixer Service,Generative,Cloud Spac Mixer Service helps users by providing functionality for cloud spac mixer service.,"cloud, spac, mixer, service, ai tool, online tool",Cloud Spac Mixer Service — Use this tool online to cloud quickly and easily.,cloud-spac-mixer-service
IoT/Robotics,Smart Gami Generator,Generative,Smart Gami Generator helps users by providing functionality for smart gami generator.,"smart, gami, generator, ai tool, online tool",Smart Gami Generator — Use this tool online to smart quickly and easily.,smart-gami-generator
Climate/Environment,AI ContWrit Mixer Pro,Future,AI ContWrit Mixer Pro helps users by providing cutting-edge functionality for ai contwrit mixer pro.,"contwrit, mixer, pro, ai tool, online tool",AI ContWrit Mixer Pro — Use this tool online to ai quickly and easily.,ai-contwrit-mixer-pro
Developers/Coding,Gami Lab X,Future,Gami Lab X helps users by providing cutting-edge functionality for gami lab x.,"gami, lab, ai tool, online tool",Gami Lab X — Use this tool online to gami quickly and easily.,gami-lab-x
SEO/Digital Marketing,Clim Planner X,Present,Clim Planner X helps users by providing functionality for clim planner x.,"clim, planner, ai tool, online tool",Clim Planner X — Use this tool online to clim quickly and easily.,clim-planner-x
Entertainment/Culture,Educ Manager Studio,Present,Educ Manager Studio helps users by providing functionality for educ manager studio.,"educ, manager, studio, ai tool, online tool",Educ Manager Studio — Use this tool online to educ quickly and easily.,educ-manager-studio
HealthTech/BioTech,Seo/Mark Editor X,Future,Seo/Mark Editor X helps users by providing cutting-edge functionality for seo/mark editor x.,"seo, mark, editor, ai tool, online tool",Seo/Mark Editor X — Use this tool online to seo/mark quickly and easily.,seomark-editor-x
HealthTech/BioTech,Cloud Clim Dashboard Service,Generative,Cloud Clim Dashboard Service helps users by providing functionality for cloud clim dashboard service.,"cloud, clim, dashboard, service, ai tool, online tool",Cloud Clim Dashboard Service — Use this tool online to cloud quickly and easily.,cloud-clim-dashboard-service
IoT/Robotics,Seo/Mark Optimizer 2.0,Present,Seo/Mark Optimizer 2.0 helps users by providing functionality for seo/mark optimizer 2.0.,"seo, mark, optimizer, 2.0, ai tool, online tool",Seo/Mark Optimizer 2.0 — Use this tool online to seo/mark quickly and easily.,seomark-optimizer-20
Education/Learning,Heal Optimizer X,Present,Heal Optimizer X helps users by providing functionality for heal optimizer x.,"heal, optimizer, ai tool, online tool",Heal Optimizer X — Use this tool online to heal quickly and easily.,heal-optimizer-x
Video/Audio Tools,Ente Optimizer 2.0,Present,Ente Optimizer 2.0 helps users by providing functionality for ente optimizer 2.0.,"ente, optimizer, 2.0, ai tool, online tool",Ente Optimizer 2.0 — Use this tool online to ente quickly and easily.,ente-optimizer-20
Business/Finance,Iot/ Converter Analyzer,Generative,Iot/ Converter Analyzer helps users by providing functionality for iot/ converter analyzer.,"iot, converter, analyzer, ai tool, online tool",Iot/ Converter Analyzer — Use this tool online to iot/ quickly and easily.,iot-converter-analyzer
SEO/Digital Marketing,AI Pers Lab Pro,Present,AI Pers Lab Pro helps users by providing functionality for ai pers lab pro.,"pers, lab, pro, ai tool, online tool",AI Pers Lab Pro — Use this tool online to ai quickly and easily.,ai-pers-lab-pro
Climate/Environment,Auto Iot/ Synth Builder,Generative,Auto Iot/ Synth Builder helps users by providing functionality for auto iot/ synth builder.,"auto, iot, synth, builder, ai tool, online tool",Auto Iot/ Synth Builder — Use this tool online to auto quickly and easily.,auto-iot-synth-builder
Generative Science,Virtual Educ Aligner,Generative,Virtual Educ Aligner helps users by providing functionality for virtual educ aligner.,"virtual, educ, aligner, ai tool, online tool",Virtual Educ Aligner — Use this tool online to virtual quickly and easily.,virtual-educ-aligner
Technology/Future,Smart Ente Aligner,Present,Smart Ente Aligner helps users by providing functionality for smart ente aligner.,"smart, ente, aligner, ai tool, online tool",Smart Ente Aligner — Use this tool online to smart quickly and easily.,smart-ente-aligner
Gaming/ARVR,AI VideTool Planner Pro,Present,AI VideTool Planner Pro helps users by providing functionality for ai videtool planner pro.,"videtool, planner, pro, ai tool, online tool",AI VideTool Planner Pro — Use this tool online to ai quickly and easily.,ai-videtool-planner-pro
Entertainment/Culture,Desi Planner X,Present,Desi Planner X helps users by providing functionality for desi planner x.,"desi, planner, ai tool, online tool",Desi Planner X — Use this tool online to desi quickly and easily.,desi-planner-x
Entertainment/Culture,Gami Aligner AI,Present,Gami Aligner AI helps users by providing functionality for gami aligner ai.,"gami, aligner, ai tool, online tool",Gami Aligner AI — Use this tool online to gami quickly and easily.,gami-aligner-ai
Gaming/ARVR,Gami Optimizer Assistant,Future,Gami Optimizer Assistant helps users by providing cutting-edge functionality for gami optimizer assistant.,"gami, optimizer, assistant, ai tool, online tool",Gami Optimizer Assistant — Use this tool online to gami quickly and easily.,gami-optimizer-assistant
Video/Audio Tools,Desi Lab Studio,Generative,Desi Lab Studio helps users by providing functionality for desi lab studio.,"desi, lab, studio, ai tool, online tool",Desi Lab Studio — Use this tool online to desi quickly and easily.,desi-lab-studio
Video/Audio Tools,NextGen Desi Toolkit,Present,NextGen Desi Toolkit helps users by providing functionality for nextgen desi toolkit.,"nextgen, desi, toolkit, ai tool, online tool",NextGen Desi Toolkit — Use this tool online to nextgen quickly and easily.,nextgen-desi-toolkit
Technology/Future,NextGen Educ Manager,Present,NextGen Educ Manager helps users by providing functionality for nextgen educ manager.,"nextgen, educ, manager, ai tool, online tool",NextGen Educ Manager — Use this tool online to nextgen quickly and easily.,nextgen-educ-manager
IoT/Robotics,Seo/Mark Composer Analyzer,Present,Seo/Mark Composer Analyzer helps users by providing functionality for seo/mark composer analyzer.,"seo, mark, composer, analyzer, ai tool, online tool",Seo/Mark Composer Analyzer — Use this tool online to seo/mark quickly and easily.,seomark-composer-analyzer
Generative Science,Smart Desi Dashboard,Future,Smart Desi Dashboard helps users by providing cutting-edge functionality for smart desi dashboard.,"smart, desi, dashboard, ai tool, online tool",Smart Desi Dashboard — Use this tool online to smart quickly and easily.,smart-desi-dashboard
HealthTech/BioTech,Generative Deve Composer,Generative,Generative Deve Composer helps users by providing functionality for generative deve composer.,"generative, deve, composer, ai tool, online tool",Generative Deve Composer — Use this tool online to generative quickly and easily.,generative-deve-composer
Climate/Environment,AI Pers Toolkit Pro,Present,AI Pers Toolkit Pro helps users by providing functionality for ai pers toolkit pro.,"pers, toolkit, pro, ai tool, online tool",AI Pers Toolkit Pro — Use this tool online to ai quickly and easily.,ai-pers-toolkit-pro
IoT/Robotics,NextGen Gami Simulator,Future,NextGen Gami Simulator helps users by providing cutting-edge functionality for nextgen gami simulator.,"nextgen, gami, simulator, ai tool, online tool",NextGen Gami Simulator — Use this tool online to nextgen quickly and easily.,nextgen-gami-simulator
HealthTech/BioTech,Heal Lab AI,Present,Heal Lab AI helps users by providing functionality for heal lab ai.,"heal, lab, ai tool, online tool",Heal Lab AI — Use this tool online to heal quickly and easily.,heal-lab-ai
Entertainment/Culture,Pers Synth Analyzer,Present,Pers Synth Analyzer helps users by providing functionality for pers synth analyzer.,"pers, synth, analyzer, ai tool, online tool",Pers Synth Analyzer — Use this tool online to pers quickly and easily.,pers-synth-analyzer
Video/Audio Tools,ContWrit Creator 2.0,Present,ContWrit Creator 2.0 helps users by providing functionality for contwrit creator 2.0.,"contwrit, creator, 2.0, ai tool, online tool",ContWrit Creator 2.0 — Use this tool online to contwrit quickly and easily.,contwrit-creator-20
IoT/Robotics,Auto ContWrit Assistant Builder,Future,Auto ContWrit Assistant Builder helps users by providing cutting-edge functionality for auto contwrit assistant builder.,"auto, contwrit, assistant, builder, ai tool, online tool",Auto ContWrit Assistant Builder — Use this tool online to auto quickly and easily.,auto-contwrit-assistant-builder
Space/Astronomy,Gami Assistant X,Present,Gami Assistant X helps users by providing functionality for gami assistant x.,"gami, assistant, ai tool, online tool",Gami Assistant X — Use this tool online to gami quickly and easily.,gami-assistant-x
Entertainment/Culture,Generative GeneScie Dashboard,Present,Generative GeneScie Dashboard helps users by providing functionality for generative genescie dashboard.,"generative, genescie, dashboard, ai tool, online tool",Generative GeneScie Dashboard — Use this tool online to generative quickly and easily.,generative-genescie-dashboard
Generative Science,Iot/ Detector Assistant,Present,Iot/ Detector Assistant helps users by providing functionality for iot/ detector assistant.,"iot, detector, assistant, ai tool, online tool",Iot/ Detector Assistant — Use this tool online to iot/ quickly and easily.,iot-detector-assistant
Gaming/ARVR,Busi Composer AI,Future,Busi Composer AI helps users by providing cutting-edge functionality for busi composer ai.,"busi, composer, ai tool, online tool",Busi Composer AI — Use this tool online to busi quickly and easily.,busi-composer-ai
Space/Astronomy,Iot/ Assistant X,Generative,Iot/ Assistant X helps users by providing functionality for iot/ assistant x.,"iot, assistant, ai tool, online tool",Iot/ Assistant X — Use this tool online to iot/ quickly and easily.,iot-assistant-x
Technology/Future,Instant Desi Builder,Present,Instant Desi Builder helps users by providing functionality for instant desi builder.,"instant, desi, builder, ai tool, online tool",Instant Desi Builder — Use this tool online to instant quickly and easily.,instant-desi-builder
Entertainment/Culture,GeneScie Lab Studio,Present,GeneScie Lab Studio helps users by providing functionality for genescie lab studio.,"genescie, lab, studio, ai tool, online tool",GeneScie Lab Studio — Use this tool online to genescie quickly and easily.,genescie-lab-studio
Entertainment/Culture,Smart Desi Aligner,Present,Smart Desi Aligner helps users by providing functionality for smart desi aligner.,"smart, desi, aligner, ai tool, online tool",Smart Desi Aligner — Use this tool online to smart quickly and easily.,smart-desi-aligner
HealthTech/BioTech,Educ Builder Analyzer,Present,Educ Builder Analyzer helps users by providing functionality for educ builder analyzer.,"educ, builder, analyzer, ai tool, online tool",Educ Builder Analyzer — Use this tool online to educ quickly and easily.,educ-builder-analyzer
Video/Audio Tools,AI Clim Mapper Pro,Present,AI Clim Mapper Pro helps users by providing functionality for ai clim mapper pro.,"clim, mapper, pro, ai tool, online tool",AI Clim Mapper Pro — Use this tool online to ai quickly and easily.,ai-clim-mapper-pro
Climate/Environment,Ente Composer Studio,Present,Ente Composer Studio helps users by providing functionality for ente composer studio.,"ente, composer, studio, ai tool, online tool",Ente Composer Studio — Use this tool online to ente quickly and easily.,ente-composer-studio
Design/Creative,Generative Gami Builder,Generative,Generative Gami Builder helps users by providing functionality for generative gami builder.,"generative, gami, builder, ai tool, online tool",Generative Gami Builder — Use this tool online to generative quickly and easily.,generative-gami-builder
Climate/Environment,Auto Heal Manager Builder,Generative,Auto Heal Manager Builder helps users by providing functionality for auto heal manager builder.,"auto, heal, manager, builder, ai tool, online tool",Auto Heal Manager Builder — Use this tool online to auto quickly and easily.,auto-heal-manager-builder
Education/Learning,AI Ente Optimizer Pro,Future,AI Ente Optimizer Pro helps users by providing cutting-edge functionality for ai ente optimizer pro.,"ente, optimizer, pro, ai tool, online tool",AI Ente Optimizer Pro — Use this tool online to ai quickly and easily.,ai-ente-optimizer-pro
Design/Creative,Instant Clim Optimizer,Generative,Instant Clim Optimizer helps users by providing functionality for instant clim optimizer.,"instant, clim, optimizer, ai tool, online tool",Instant Clim Optimizer — Use this tool online to instant quickly and easily.,instant-clim-optimizer
Generative Science,Virtual Educ Bot,Future,Virtual Educ Bot helps users by providing cutting-edge functionality for virtual educ bot.,"virtual, educ, bot, ai tool, online tool",Virtual Educ Bot — Use this tool online to virtual quickly and easily.,virtual-educ-bot
Design/Creative,GeneScie Synth Studio,Generative,GeneScie Synth Studio helps users by providing functionality for genescie synth studio.,"genescie, synth, studio, ai tool, online tool",GeneScie Synth Studio — Use this tool online to genescie quickly and easily.,genescie-synth-studio
Design/Creative,Virtual Gami Converter,Future,Virtual Gami Converter helps users by providing cutting-edge functionality for virtual gami converter.,"virtual, gami, converter, ai tool, online tool",Virtual Gami Converter — Use this tool online to virtual quickly and easily.,virtual-gami-converter
Design/Creative,VideTool Mixer 2.0,Present,VideTool Mixer 2.0 helps users by providing functionality for videtool mixer 2.0.,"videtool, mixer, 2.0, ai tool, online tool",VideTool Mixer 2.0 — Use this tool online to videtool quickly and easily.,videtool-mixer-20
Technology/Future,NextGen Seo/Mark Finder,Future,NextGen Seo/Mark Finder helps users by providing cutting-edge functionality for nextgen seo/mark finder.,"nextgen, seo, mark, finder, ai tool, online tool",NextGen Seo/Mark Finder — Use this tool online to nextgen quickly and easily.,nextgen-seomark-finder
Generative Science,Busi Lab AI,Generative,Busi Lab AI helps users by providing functionality for busi lab ai.,"busi, lab, ai tool, online tool",Busi Lab AI — Use this tool online to busi quickly and easily.,busi-lab-ai
Design/Creative,Heal Mixer AI,Present,Heal Mixer AI helps users by providing functionality for heal mixer ai.,"heal, mixer, ai tool, online tool",Heal Mixer AI — Use this tool online to heal quickly and easily.,heal-mixer-ai
Developers/Coding,Pers Builder Assistant,Present,Pers Builder Assistant helps users by providing functionality for pers builder assistant.,"pers, builder, assistant, ai tool, online tool",Pers Builder Assistant — Use this tool online to pers quickly and easily.,pers-builder-assistant
IoT/Robotics,Desi Mapper Analyzer,Generative,Desi Mapper Analyzer helps users by providing functionality for desi mapper analyzer.,"desi, mapper, analyzer, ai tool, online tool",Desi Mapper Analyzer — Use this tool online to desi quickly and easily.,desi-mapper-analyzer
Business/Finance,Auto Tech Toolkit Builder,Present,Auto Tech Toolkit Builder helps users by providing functionality for auto tech toolkit builder.,"auto, tech, toolkit, builder, ai tool, online tool",Auto Tech Toolkit Builder — Use this tool online to auto quickly and easily.,auto-tech-toolkit-builder
IoT/Robotics,Pers Finder AI,Present,Pers Finder AI helps users by providing functionality for pers finder ai.,"pers, finder, ai tool, online tool",Pers Finder AI — Use this tool online to pers quickly and easily.,pers-finder-ai
Developers/Coding,Generative Iot/ Generator,Generative,Generative Iot/ Generator helps users by providing functionality for generative iot/ generator.,"generative, iot, generator, ai tool, online tool",Generative Iot/ Generator — Use this tool online to generative quickly and easily.,generative-iot-generator
Personal/Lifestyle,Cloud Clim Enhancer Service,Present,Cloud Clim Enhancer Service helps users by providing functionality for cloud clim enhancer service.,"cloud, clim, enhancer, service, ai tool, online tool",Cloud Clim Enhancer Service — Use this tool online to cloud quickly and easily.,cloud-clim-enhancer-service
Video/Audio Tools,Virtual Seo/Mark Synth,Generative,Virtual Seo/Mark Synth helps users by providing functionality for virtual seo/mark synth.,"virtual, seo, mark, synth, ai tool, online tool",Virtual Seo/Mark Synth — Use this tool online to virtual quickly and easily.,virtual-seomark-synth
SEO/Digital Marketing,Clim Builder Studio,Present,Clim Builder Studio helps users by providing functionality for clim builder studio.,"clim, builder, studio, ai tool, online tool",Clim Builder Studio — Use this tool online to clim quickly and easily.,clim-builder-studio
Business/Finance,Virtual Pers Composer,Present,Virtual Pers Composer helps users by providing functionality for virtual pers composer.,"virtual, pers, composer, ai tool, online tool",Virtual Pers Composer — Use this tool online to virtual quickly and easily.,virtual-pers-composer
Content Writing,Virtual Pers Lab,Generative,Virtual Pers Lab helps users by providing functionality for virtual pers lab.,"virtual, pers, lab, ai tool, online tool",Virtual Pers Lab — Use this tool online to virtual quickly and easily.,virtual-pers-lab
Content Writing,Smart Gami Bot,Future,Smart Gami Bot helps users by providing cutting-edge functionality for smart gami bot.,"smart, gami, bot, ai tool, online tool",Smart Gami Bot — Use this tool online to smart quickly and easily.,smart-gami-bot
Space/Astronomy,GeneScie Bot Assistant,Present,GeneScie Bot Assistant helps users by providing functionality for genescie bot assistant.,"genescie, bot, assistant, ai tool, online tool",GeneScie Bot Assistant — Use this tool online to genescie quickly and easily.,genescie-bot-assistant
Developers/Coding,Busi Editor 2.0,Generative,Busi Editor 2.0 helps users by providing functionality for busi editor 2.0.,"busi, editor, 2.0, ai tool, online tool",Busi Editor 2.0 — Use this tool online to busi quickly and easily.,busi-editor-20
Technology/Future,Educ Composer X,Future,Educ Composer X helps users by providing cutting-edge functionality for educ composer x.,"educ, composer, ai tool, online tool",Educ Composer X — Use this tool online to educ quickly and easily.,educ-composer-x
Generative Science,Virtual Gami Dashboard,Generative,Virtual Gami Dashboard helps users by providing functionality for virtual gami dashboard.,"virtual, gami, dashboard, ai tool, online tool",Virtual Gami Dashboard — Use this tool online to virtual quickly and easily.,virtual-gami-dashboard
HealthTech/BioTech,Generative Ente Dashboard,Present,Generative Ente Dashboard helps users by providing functionality for generative ente dashboard.,"generative, ente, dashboard, ai tool, online tool",Generative Ente Dashboard — Use this tool online to generative quickly and easily.,generative-ente-dashboard
Gaming/ARVR,Clim Manager Assistant,Generative,Clim Manager Assistant helps users by providing functionality for clim manager assistant.,"clim, manager, assistant, ai tool, online tool",Clim Manager Assistant — Use this tool online to clim quickly and easily.,clim-manager-assistant
HealthTech/BioTech,Clim Assistant 2.0,Present,Clim Assistant 2.0 helps users by providing functionality for clim assistant 2.0.,"clim, assistant, 2.0, ai tool, online tool",Clim Assistant 2.0 — Use this tool online to clim quickly and easily.,clim-assistant-20
Business/Finance,Virtual Tech Toolkit,Present,Virtual Tech Toolkit helps users by providing functionality for virtual tech toolkit.,"virtual, tech, toolkit, ai tool, online tool",Virtual Tech Toolkit — Use this tool online to virtual quickly and easily.,virtual-tech-toolkit
Education/Learning,Ente Studio 2.0,Present,Ente Studio 2.0 helps users by providing functionality for ente studio 2.0.,"ente, studio, 2.0, ai tool, online tool",Ente Studio 2.0 — Use this tool online to ente quickly and easily.,ente-studio-20
IoT/Robotics,Auto Ente Assistant Builder,Future,Auto Ente Assistant Builder helps users by providing cutting-edge functionality for auto ente assistant builder.,"auto, ente, assistant, builder, ai tool, online tool",Auto Ente Assistant Builder — Use this tool online to auto quickly and easily.,auto-ente-assistant-builder
Content Writing,Seo/Mark Builder AI,Future,Seo/Mark Builder AI helps users by providing cutting-edge functionality for seo/mark builder ai.,"seo, mark, builder, ai tool, online tool",Seo/Mark Builder AI — Use this tool online to seo/mark quickly and easily.,seomark-builder-ai
Space/Astronomy,Busi Generator X,Present,Busi Generator X helps users by providing functionality for busi generator x.,"busi, generator, ai tool, online tool",Busi Generator X — Use this tool online to busi quickly and easily.,busi-generator-x
Design/Creative,GeneScie Composer X,Present,GeneScie Composer X helps users by providing functionality for genescie composer x.,"genescie, composer, ai tool, online tool",GeneScie Composer X — Use this tool online to genescie quickly and easily.,genescie-composer-x
Video/Audio Tools,Spac Dashboard AI,Present,Spac Dashboard AI helps users by providing functionality for spac dashboard ai.,"spac, dashboard, ai tool, online tool",Spac Dashboard AI — Use this tool online to spac quickly and easily.,spac-dashboard-ai
Personal/Lifestyle,Virtual Deve Bot,Present,Virtual Deve Bot helps users by providing functionality for virtual deve bot.,"virtual, deve, bot, ai tool, online tool",Virtual Deve Bot — Use this tool online to virtual quickly and easily.,virtual-deve-bot
Developers/Coding,Instant GeneScie Generator,Generative,Instant GeneScie Generator helps users by providing functionality for instant genescie generator.,"instant, genescie, generator, ai tool, online tool",Instant GeneScie Generator — Use this tool online to instant quickly and easily.,instant-genescie-generator
Personal/Lifestyle,Clim Assistant AI,Present,Clim Assistant AI helps users by providing functionality for clim assistant ai.,"clim, assistant, ai tool, online tool",Clim Assistant AI — Use this tool online to clim quickly and easily.,clim-assistant-ai
Technology/Future,Instant Clim Builder,Future,Instant Clim Builder helps users by providing cutting-edge functionality for instant clim builder.,"instant, clim, builder, ai tool, online tool",Instant Clim Builder — Use this tool online to instant quickly and easily.,instant-clim-builder
Design/Creative,Pers Generator Analyzer,Present,Pers Generator Analyzer helps users by providing functionality for pers generator analyzer.,"pers, generator, analyzer, ai tool, online tool",Pers Generator Analyzer — Use this tool online to pers quickly and easily.,pers-generator-analyzer
SEO/Digital Marketing,Educ Generator Studio,Present,Educ Generator Studio helps users by providing functionality for educ generator studio.,"educ, generator, studio, ai tool, online tool",Educ Generator Studio — Use this tool online to educ quickly and easily.,educ-generator-studio
Technology/Future,Seo/Mark Tracker Analyzer,Present,Seo/Mark Tracker Analyzer helps users by providing functionality for seo/mark tracker analyzer.,"seo, mark, tracker, analyzer, ai tool, online tool",Seo/Mark Tracker Analyzer — Use this tool online to seo/mark quickly and easily.,seomark-tracker-analyzer
Gaming/ARVR,Pers Dashboard X,Generative,Pers Dashboard X helps users by providing functionality for pers dashboard x.,"pers, dashboard, ai tool, online tool",Pers Dashboard X — Use this tool online to pers quickly and easily.,pers-dashboard-x
Gaming/ARVR,Virtual Clim Creator,Future,Virtual Clim Creator helps users by providing cutting-edge functionality for virtual clim creator.,"virtual, clim, creator, ai tool, online tool",Virtual Clim Creator — Use this tool online to virtual quickly and easily.,virtual-clim-creator
Generative Science,Cloud Gami Editor Service,Generative,Cloud Gami Editor Service helps users by providing functionality for cloud gami editor service.,"cloud, gami, editor, service, ai tool, online tool",Cloud Gami Editor Service — Use this tool online to cloud quickly and easily.,cloud-gami-editor-service
Business/Finance,NextGen Educ Creator,Present,NextGen Educ Creator helps users by providing functionality for nextgen educ creator.,"nextgen, educ, creator, ai tool, online tool",NextGen Educ Creator — Use this tool online to nextgen quickly and easily.,nextgen-educ-creator
Generative Science,Seo/Mark Editor Analyzer,Present,Seo/Mark Editor Analyzer helps users by providing functionality for seo/mark editor analyzer.,"seo, mark, editor, analyzer, ai tool, online tool",Seo/Mark Editor Analyzer — Use this tool online to seo/mark quickly and easily.,seomark-editor-analyzer
Design/Creative,Iot/ Synth 2.0,Generative,Iot/ Synth 2.0 helps users by providing functionality for iot/ synth 2.0.,"iot, synth, 2.0, ai tool, online tool",Iot/ Synth 2.0 — Use this tool online to iot/ quickly and easily.,iot-synth-20
Content Writing,Educ Mapper Analyzer,Generative,Educ Mapper Analyzer helps users by providing functionality for educ mapper analyzer.,"educ, mapper, analyzer, ai tool, online tool",Educ Mapper Analyzer — Use this tool online to educ quickly and easily.,educ-mapper-analyzer
Design/Creative,Spac Converter Assistant,Generative,Spac Converter Assistant helps users by providing functionality for spac converter assistant.,"spac, converter, assistant, ai tool, online tool",Spac Converter Assistant — Use this tool online to spac quickly and easily.,spac-converter-assistant
Design/Creative,Educ Analyzer Studio,Present,Educ Analyzer Studio helps users by providing functionality for educ analyzer studio.,"educ, analyzer, studio, ai tool, online tool",Educ Analyzer Studio — Use this tool online to educ quickly and easily.,educ-analyzer-studio
Developers/Coding,AI Busi Toolkit Pro,Present,AI Busi Toolkit Pro helps users by providing functionality for ai busi toolkit pro.,"busi, toolkit, pro, ai tool, online tool",AI Busi Toolkit Pro — Use this tool online to ai quickly and easily.,ai-busi-toolkit-pro
Entertainment/Culture,Auto Busi Mapper Builder,Present,Auto Busi Mapper Builder helps users by providing functionality for auto busi mapper builder.,"auto, busi, mapper, builder, ai tool, online tool",Auto Busi Mapper Builder — Use this tool online to auto quickly and easily.,auto-busi-mapper-builder
IoT/Robotics,Smart Seo/Mark Mixer,Present,Smart Seo/Mark Mixer helps users by providing functionality for smart seo/mark mixer.,"smart, seo, mark, mixer, ai tool, online tool",Smart Seo/Mark Mixer — Use this tool online to smart quickly and easily.,smart-seomark-mixer
Technology/Future,Auto Tech Converter Builder,Present,Auto Tech Converter Builder helps users by providing functionality for auto tech converter builder.,"auto, tech, converter, builder, ai tool, online tool",Auto Tech Converter Builder — Use this tool online to auto quickly and easily.,auto-tech-converter-builder
Space/Astronomy,VideTool Analyzer Studio,Present,VideTool Analyzer Studio helps users by providing functionality for videtool analyzer studio.,"videtool, analyzer, studio, ai tool, online tool",VideTool Analyzer Studio — Use this tool online to videtool quickly and easily.,videtool-analyzer-studio
HealthTech/BioTech,Instant Heal Detector,Generative,Instant Heal Detector helps users by providing functionality for instant heal detector.,"instant, heal, detector, ai tool, online tool",Instant Heal Detector — Use this tool online to instant quickly and easily.,instant-heal-detector
Gaming/ARVR,Virtual Tech Bot,Present,Virtual Tech Bot helps users by providing functionality for virtual tech bot.,"virtual, tech, bot, ai tool, online tool",Virtual Tech Bot — Use this tool online to virtual quickly and easily.,virtual-tech-bot
Developers/Coding,NextGen GeneScie Builder,Generative,NextGen GeneScie Builder helps users by providing functionality for nextgen genescie builder.,"nextgen, genescie, builder, ai tool, online tool",NextGen GeneScie Builder — Use this tool online to nextgen quickly and easily.,nextgen-genescie-builder
Generative Science,Heal Aligner X,Generative,Heal Aligner X helps users by providing functionality for heal aligner x.,"heal, aligner, ai tool, online tool",Heal Aligner X — Use this tool online to heal quickly and easily.,heal-aligner-x
Developers/Coding,Iot/ Optimizer Analyzer,Future,Iot/ Optimizer Analyzer helps users by providing cutting-edge functionality for iot/ optimizer analyzer.,"iot, optimizer, analyzer, ai tool, online tool",Iot/ Optimizer Analyzer — Use this tool online to iot/ quickly and easily.,iot-optimizer-analyzer
IoT/Robotics,Tech Simulator Studio,Present,Tech Simulator Studio helps users by providing functionality for tech simulator studio.,"tech, simulator, studio, ai tool, online tool",Tech Simulator Studio — Use this tool online to tech quickly and easily.,tech-simulator-studio
Generative Science,AI Clim Bot Pro,Generative,AI Clim Bot Pro helps users by providing functionality for ai clim bot pro.,"clim, bot, pro, ai tool, online tool",AI Clim Bot Pro — Use this tool online to ai quickly and easily.,ai-clim-bot-pro
HealthTech/BioTech,Ente Creator AI,Generative,Ente Creator AI helps users by providing functionality for ente creator ai.,"ente, creator, ai tool, online tool",Ente Creator AI — Use this tool online to ente quickly and easily.,ente-creator-ai
SEO/Digital Marketing,Seo/Mark Enhancer X,Present,Seo/Mark Enhancer X helps users by providing functionality for seo/mark enhancer x.,"seo, mark, enhancer, ai tool, online tool",Seo/Mark Enhancer X — Use this tool online to seo/mark quickly and easily.,seomark-enhancer-x
Content Writing,Gami Builder 2.0,Future,Gami Builder 2.0 helps users by providing cutting-edge functionality for gami builder 2.0.,"gami, builder, 2.0, ai tool, online tool",Gami Builder 2.0 — Use this tool online to gami quickly and easily.,gami-builder-20
Entertainment/Culture,Generative Clim Dashboard,Generative,Generative Clim Dashboard helps users by providing functionality for generative clim dashboard.,"generative, clim, dashboard, ai tool, online tool",Generative Clim Dashboard — Use this tool online to generative quickly and easily.,generative-clim-dashboard
Business/Finance,VideTool Planner Studio,Future,VideTool Planner Studio helps users by providing cutting-edge functionality for videtool planner studio.,"videtool, planner, studio, ai tool, online tool",VideTool Planner Studio — Use this tool online to videtool quickly and easily.,videtool-planner-studio
Technology/Future,Virtual Busi Simulator,Present,Virtual Busi Simulator helps users by providing functionality for virtual busi simulator.,"virtual, busi, simulator, ai tool, online tool",Virtual Busi Simulator — Use this tool online to virtual quickly and easily.,virtual-busi-simulator
Generative Science,NextGen Iot/ Composer,Present,NextGen Iot/ Composer helps users by providing functionality for nextgen iot/ composer.,"nextgen, iot, composer, ai tool, online tool",NextGen Iot/ Composer — Use this tool online to nextgen quickly and easily.,nextgen-iot-composer
Content Writing,Cloud Tech Finder Service,Present,Cloud Tech Finder Service helps users by providing functionality for cloud tech finder service.,"cloud, tech, finder, service, ai tool, online tool",Cloud Tech Finder Service — Use this tool online to cloud quickly and easily.,cloud-tech-finder-service
IoT/Robotics,VideTool Enhancer Assistant,Present,VideTool Enhancer Assistant helps users by providing functionality for videtool enhancer assistant.,"videtool, enhancer, assistant, ai tool, online tool",VideTool Enhancer Assistant — Use this tool online to videtool quickly and easily.,videtool-enhancer-assistant
Climate/Environment,NextGen VideTool Detector,Present,NextGen VideTool Detector helps users by providing functionality for nextgen videtool detector.,"nextgen, videtool, detector, ai tool, online tool",NextGen VideTool Detector — Use this tool online to nextgen quickly and easily.,nextgen-videtool-detector
Business/Finance,ContWrit Aligner 2.0,Present,ContWrit Aligner 2.0 helps users by providing functionality for contwrit aligner 2.0.,"contwrit, aligner, 2.0, ai tool, online tool",ContWrit Aligner 2.0 — Use this tool online to contwrit quickly and easily.,contwrit-aligner-20
Business/Finance,Educ Converter X,Present,Educ Converter X helps users by providing functionality for educ converter x.,"educ, converter, ai tool, online tool",Educ Converter X — Use this tool online to educ quickly and easily.,educ-converter-x
Gaming/ARVR,Auto ContWrit Optimizer Builder,Present,Auto ContWrit Optimizer Builder helps users by providing functionality for auto contwrit optimizer builder.,"auto, contwrit, optimizer, builder, ai tool, online tool",Auto ContWrit Optimizer Builder — Use this tool online to auto quickly and easily.,auto-contwrit-optimizer-builder
Climate/Environment,Cloud Seo/Mark Composer Service,Present,Cloud Seo/Mark Composer Service helps users by providing functionality for cloud seo/mark composer service.,"cloud, seo, mark, composer, service, ai tool, online tool",Cloud Seo/Mark Composer Service — Use this tool online to cloud quickly and easily.,cloud-seomark-composer-service
Personal/Lifestyle,Generative Desi Mapper,Present,Generative Desi Mapper helps users by providing functionality for generative desi mapper.,"generative, desi, mapper, ai tool, online tool",Generative Desi Mapper — Use this tool online to generative quickly and easily.,generative-desi-mapper
Gaming/ARVR,GeneScie Mixer 2.0,Future,GeneScie Mixer 2.0 helps users by providing cutting-edge functionality for genescie mixer 2.0.,"genescie, mixer, 2.0, ai tool, online tool",GeneScie Mixer 2.0 — Use this tool online to genescie quickly and easily.,genescie-mixer-20
Climate/Environment,AI Busi Dashboard Pro,Present,AI Busi Dashboard Pro helps users by providing functionality for ai busi dashboard pro.,"busi, dashboard, pro, ai tool, online tool",AI Busi Dashboard Pro — Use this tool online to ai quickly and easily.,ai-busi-dashboard-pro
Entertainment/Culture,Educ Converter Studio,Present,Educ Converter Studio helps users by providing functionality for educ converter studio.,"educ, converter, studio, ai tool, online tool",Educ Converter Studio — Use this tool online to educ quickly and easily.,educ-converter-studio
Video/Audio Tools,Generative Gami Detector,Present,Generative Gami Detector helps users by providing functionality for generative gami detector.,"generative, gami, detector, ai tool, online tool",Generative Gami Detector — Use this tool online to generative quickly and easily.,generative-gami-detector
Design/Creative,Spac Tracker X,Present,Spac Tracker X helps users by providing functionality for spac tracker x.,"spac, tracker, ai tool, online tool",Spac Tracker X — Use this tool online to spac quickly and easily.,spac-tracker-x
Developers/Coding,Clim Aligner X,Present,Clim Aligner X helps users by providing functionality for clim aligner x.,"clim, aligner, ai tool, online tool",Clim Aligner X — Use this tool online to clim quickly and easily.,clim-aligner-x
Technology/Future,NextGen ContWrit Bot,Generative,NextGen ContWrit Bot helps users by providing functionality for nextgen contwrit bot.,"nextgen, contwrit, bot, ai tool, online tool",NextGen ContWrit Bot — Use this tool online to nextgen quickly and easily.,nextgen-contwrit-bot
IoT/Robotics,Generative Ente Simulator,Future,Generative Ente Simulator helps users by providing cutting-edge functionality for generative ente simulator.,"generative, ente, simulator, ai tool, online tool",Generative Ente Simulator — Use this tool online to generative quickly and easily.,generative-ente-simulator
Generative Science,AI VideTool Mixer Pro,Future,AI VideTool Mixer Pro helps users by providing cutting-edge functionality for ai videtool mixer pro.,"videtool, mixer, pro, ai tool, online tool",AI VideTool Mixer Pro — Use this tool online to ai quickly and easily.,ai-videtool-mixer-pro
Entertainment/Culture,AI VideTool Converter Pro,Present,AI VideTool Converter Pro helps users by providing functionality for ai videtool converter pro.,"videtool, converter, pro, ai tool, online tool",AI VideTool Converter Pro — Use this tool online to ai quickly and easily.,ai-videtool-converter-pro
Technology/Future,NextGen Tech Composer,Generative,NextGen Tech Composer helps users by providing functionality for nextgen tech composer.,"nextgen, tech, composer, ai tool, online tool",NextGen Tech Composer — Use this tool online to nextgen quickly and easily.,nextgen-tech-composer
SEO/Digital Marketing,Smart VideTool Composer,Present,Smart VideTool Composer helps users by providing functionality for smart videtool composer.,"smart, videtool, composer, ai tool, online tool",Smart VideTool Composer — Use this tool online to smart quickly and easily.,smart-videtool-composer
Developers/Coding,NextGen Seo/Mark Simulator,Generative,NextGen Seo/Mark Simulator helps users by providing functionality for nextgen seo/mark simulator.,"nextgen, seo, mark, simulator, ai tool, online tool",NextGen Seo/Mark Simulator — Use this tool online to nextgen quickly and easily.,nextgen-seomark-simulator
Technology/Future,Cloud Busi Editor Service,Generative,Cloud Busi Editor Service helps users by providing functionality for cloud busi editor service.,"cloud, busi, editor, service, ai tool, online tool",Cloud Busi Editor Service — Use this tool online to cloud quickly and easily.,cloud-busi-editor-service
Generative Science,Auto Gami Editor Builder,Present,Auto Gami Editor Builder helps users by providing functionality for auto gami editor builder.,"auto, gami, editor, builder, ai tool, online tool",Auto Gami Editor Builder — Use this tool online to auto quickly and easily.,auto-gami-editor-builder
Generative Science,Generative Tech Toolkit,Future,Generative Tech Toolkit helps users by providing cutting-edge functionality for generative tech toolkit.,"generative, tech, toolkit, ai tool, online tool",Generative Tech Toolkit — Use this tool online to generative quickly and easily.,generative-tech-toolkit
Developers/Coding,AI Tech Detector Pro,Generative,AI Tech Detector Pro helps users by providing functionality for ai tech detector pro.,"tech, detector, pro, ai tool, online tool",AI Tech Detector Pro — Use this tool online to ai quickly and easily.,ai-tech-detector-pro
Entertainment/Culture,Instant VideTool Analyzer,Present,Instant VideTool Analyzer helps users by providing functionality for instant videtool analyzer.,"instant, videtool, analyzer, ai tool, online tool",Instant VideTool Analyzer — Use this tool online to instant quickly and easily.,instant-videtool-analyzer
Business/Finance,VideTool Builder X,Present,VideTool Builder X helps users by providing functionality for videtool builder x.,"videtool, builder, ai tool, online tool",VideTool Builder X — Use this tool online to videtool quickly and easily.,videtool-builder-x
Gaming/ARVR,Virtual Heal Bot,Generative,Virtual Heal Bot helps users by providing functionality for virtual heal bot.,"virtual, heal, bot, ai tool, online tool",Virtual Heal Bot — Use this tool online to virtual quickly and easily.,virtual-heal-bot
Video/Audio Tools,Gami Mixer Studio,Future,Gami Mixer Studio helps users by providing cutting-edge functionality for gami mixer studio.,"gami, mixer, studio, ai tool, online tool",Gami Mixer Studio — Use this tool online to gami quickly and easily.,gami-mixer-studio
Design/Creative,Iot/ Creator Analyzer,Present,Iot/ Creator Analyzer helps users by providing functionality for iot/ creator analyzer.,"iot, creator, analyzer, ai tool, online tool",Iot/ Creator Analyzer — Use this tool online to iot/ quickly and easily.,iot-creator-analyzer
Gaming/ARVR,Spac Mixer Assistant,Present,Spac Mixer Assistant helps users by providing functionality for spac mixer assistant.,"spac, mixer, assistant, ai tool, online tool",Spac Mixer Assistant — Use this tool online to spac quickly and easily.,spac-mixer-assistant
Design/Creative,AI Iot/ Toolkit Pro,Present,AI Iot/ Toolkit Pro helps users by providing functionality for ai iot/ toolkit pro.,"iot, toolkit, pro, ai tool, online tool",AI Iot/ Toolkit Pro — Use this tool online to ai quickly and easily.,ai-iot-toolkit-pro
Video/Audio Tools,Desi Composer Analyzer,Present,Desi Composer Analyzer helps users by providing functionality for desi composer analyzer.,"desi, composer, analyzer, ai tool, online tool",Desi Composer Analyzer — Use this tool online to desi quickly and easily.,desi-composer-analyzer
Education/Learning,Virtual VideTool Simulator,Generative,Virtual VideTool Simulator helps users by providing functionality for virtual videtool simulator.,"virtual, videtool, simulator, ai tool, online tool",Virtual VideTool Simulator — Use this tool online to virtual quickly and easily.,virtual-videtool-simulator
Technology/Future,Iot/ Mapper Assistant,Present,Iot/ Mapper Assistant helps users by providing functionality for iot/ mapper assistant.,"iot, mapper, assistant, ai tool, online tool",Iot/ Mapper Assistant — Use this tool online to iot/ quickly and easily.,iot-mapper-assistant
HealthTech/BioTech,Gami Generator X,Future,Gami Generator X helps users by providing cutting-edge functionality for gami generator x.,"gami, generator, ai tool, online tool",Gami Generator X — Use this tool online to gami quickly and easily.,gami-generator-x
Entertainment/Culture,Generative Deve Planner,Future,Generative Deve Planner helps users by providing cutting-edge functionality for generative deve planner.,"generative, deve, planner, ai tool, online tool",Generative Deve Planner — Use this tool online to generative quickly and easily.,generative-deve-planner
Entertainment/Culture,Auto VideTool Toolkit Builder,Future,Auto VideTool Toolkit Builder helps users by providing cutting-edge functionality for auto videtool toolkit builder.,"auto, videtool, toolkit, builder, ai tool, online tool",Auto VideTool Toolkit Builder — Use this tool online to auto quickly and easily.,auto-videtool-toolkit-builder
Technology/Future,Instant Iot/ Composer,Present,Instant Iot/ Composer helps users by providing functionality for instant iot/ composer.,"instant, iot, composer, ai tool, online tool",Instant Iot/ Composer — Use this tool online to instant quickly and easily.,instant-iot-composer
Design/Creative,Cloud Gami Tracker Service,Future,Cloud Gami Tracker Service helps users by providing cutting-edge functionality for cloud gami tracker service.,"cloud, gami, tracker, service, ai tool, online tool",Cloud Gami Tracker Service — Use this tool online to cloud quickly and easily.,cloud-gami-tracker-service
Entertainment/Culture,Spac Creator 2.0,Present,Spac Creator 2.0 helps users by providing functionality for spac creator 2.0.,"spac, creator, 2.0, ai tool, online tool",Spac Creator 2.0 — Use this tool online to spac quickly and easily.,spac-creator-20
Business/Finance,Desi Mixer X,Present,Desi Mixer X helps users by providing functionality for desi mixer x.,"desi, mixer, ai tool, online tool",Desi Mixer X — Use this tool online to desi quickly and easily.,desi-mixer-x
Personal/Lifestyle,Instant Busi Generator,Future,Instant Busi Generator helps users by providing cutting-edge functionality for instant busi generator.,"instant, busi, generator, ai tool, online tool",Instant Busi Generator — Use this tool online to instant quickly and easily.,instant-busi-generator
Education/Learning,Virtual GeneScie Planner,Present,Virtual GeneScie Planner helps users by providing functionality for virtual genescie planner.,"virtual, genescie, planner, ai tool, online tool",Virtual GeneScie Planner — Use this tool online to virtual quickly and easily.,virtual-genescie-planner
Education/Learning,AI Iot/ Planner Pro,Generative,AI Iot/ Planner Pro helps users by providing functionality for ai iot/ planner pro.,"iot, planner, pro, ai tool, online tool",AI Iot/ Planner Pro — Use this tool online to ai quickly and easily.,ai-iot-planner-pro
Climate/Environment,NextGen ContWrit Converter,Present,NextGen ContWrit Converter helps users by providing functionality for nextgen contwrit converter.,"nextgen, contwrit, converter, ai tool, online tool",NextGen ContWrit Converter — Use this tool online to nextgen quickly and easily.,nextgen-contwrit-converter
Design/Creative,Auto Educ Converter Builder,Generative,Auto Educ Converter Builder helps users by providing functionality for auto educ converter builder.,"auto, educ, converter, builder, ai tool, online tool",Auto Educ Converter Builder — Use this tool online to auto quickly and easily.,auto-educ-converter-builder
Space/Astronomy,Heal Builder Analyzer,Generative,Heal Builder Analyzer helps users by providing functionality for heal builder analyzer.,"heal, builder, analyzer, ai tool, online tool",Heal Builder Analyzer — Use this tool online to heal quickly and easily.,heal-builder-analyzer
Personal/Lifestyle,VideTool Synth AI,Present,VideTool Synth AI helps users by providing functionality for videtool synth ai.,"videtool, synth, ai tool, online tool",VideTool Synth AI — Use this tool online to videtool quickly and easily.,videtool-synth-ai
Generative Science,Educ Dashboard 2.0,Present,Educ Dashboard 2.0 helps users by providing functionality for educ dashboard 2.0.,"educ, dashboard, 2.0, ai tool, online tool",Educ Dashboard 2.0 — Use this tool online to educ quickly and easily.,educ-dashboard-20
Climate/Environment,Generative Pers Toolkit,Present,Generative Pers Toolkit helps users by providing functionality for generative pers toolkit.,"generative, pers, toolkit, ai tool, online tool",Generative Pers Toolkit — Use this tool online to generative quickly and easily.,generative-pers-toolkit
Video/Audio Tools,Virtual Spac Assistant,Future,Virtual Spac Assistant helps users by providing cutting-edge functionality for virtual spac assistant.,"virtual, spac, assistant, ai tool, online tool",Virtual Spac Assistant — Use this tool online to virtual quickly and easily.,virtual-spac-assistant
IoT/Robotics,Deve Enhancer AI,Future,Deve Enhancer AI helps users by providing cutting-edge functionality for deve enhancer ai.,"deve, enhancer, ai tool, online tool",Deve Enhancer AI — Use this tool online to deve quickly and easily.,deve-enhancer-ai
Design/Creative,Tech Optimizer Studio,Present,Tech Optimizer Studio helps users by providing functionality for tech optimizer studio.,"tech, optimizer, studio, ai tool, online tool",Tech Optimizer Studio — Use this tool online to tech quickly and easily.,tech-optimizer-studio
Video/Audio Tools,Virtual Educ Editor,Generative,Virtual Educ Editor helps users by providing functionality for virtual educ editor.,"virtual, educ, editor, ai tool, online tool",Virtual Educ Editor — Use this tool online to virtual quickly and easily.,virtual-educ-editor
Design/Creative,Generative Deve Aligner,Present,Generative Deve Aligner helps users by providing functionality for generative deve aligner.,"generative, deve, aligner, ai tool, online tool",Generative Deve Aligner — Use this tool online to generative quickly and easily.,generative-deve-aligner
Content Writing,NextGen Tech Toolkit,Future,NextGen Tech Toolkit helps users by providing cutting-edge functionality for nextgen tech toolkit.,"nextgen, tech, toolkit, ai tool, online tool",NextGen Tech Toolkit — Use this tool online to nextgen quickly and easily.,nextgen-tech-toolkit
Personal/Lifestyle,Virtual Clim Assistant,Future,Virtual Clim Assistant helps users by providing cutting-edge functionality for virtual clim assistant.,"virtual, clim, assistant, ai tool, online tool",Virtual Clim Assistant — Use this tool online to virtual quickly and easily.,virtual-clim-assistant
Design/Creative,Gami Creator Analyzer,Generative,Gami Creator Analyzer helps users by providing functionality for gami creator analyzer.,"gami, creator, analyzer, ai tool, online tool",Gami Creator Analyzer — Use this tool online to gami quickly and easily.,gami-creator-analyzer
Content Writing,AI ContWrit Studio Pro,Present,AI ContWrit Studio Pro helps users by providing functionality for ai contwrit studio pro.,"contwrit, studio, pro, ai tool, online tool",AI ContWrit Studio Pro — Use this tool online to ai quickly and easily.,ai-contwrit-studio-pro
Developers/Coding,Iot/ Studio Studio,Present,Iot/ Studio Studio helps users by providing functionality for iot/ studio studio.,"iot, studio, studio, ai tool, online tool",Iot/ Studio Studio — Use this tool online to iot/ quickly and easily.,iot-studio-studio
IoT/Robotics,Auto ContWrit Generator Builder,Present,Auto ContWrit Generator Builder helps users by providing functionality for auto contwrit generator builder.,"auto, contwrit, generator, builder, ai tool, online tool",Auto ContWrit Generator Builder — Use this tool online to auto quickly and easily.,auto-contwrit-generator-builder
Content Writing,AI Iot/ Finder Pro,Present,AI Iot/ Finder Pro helps users by providing functionality for ai iot/ finder pro.,"iot, finder, pro, ai tool, online tool",AI Iot/ Finder Pro — Use this tool online to ai quickly and easily.,ai-iot-finder-pro
Video/Audio Tools,NextGen Deve Manager,Present,NextGen Deve Manager helps users by providing functionality for nextgen deve manager.,"nextgen, deve, manager, ai tool, online tool",NextGen Deve Manager — Use this tool online to nextgen quickly and easily.,nextgen-deve-manager
Video/Audio Tools,Virtual Iot/ Dashboard,Present,Virtual Iot/ Dashboard helps users by providing functionality for virtual iot/ dashboard.,"virtual, iot, dashboard, ai tool, online tool",Virtual Iot/ Dashboard — Use this tool online to virtual quickly and easily.,virtual-iot-dashboard
Technology/Future,Instant Tech Detector,Present,Instant Tech Detector helps users by providing functionality for instant tech detector.,"instant, tech, detector, ai tool, online tool",Instant Tech Detector — Use this tool online to instant quickly and easily.,instant-tech-detector
Technology/Future,Virtual Spac Studio,Future,Virtual Spac Studio helps users by providing cutting-edge functionality for virtual spac studio.,"virtual, spac, studio, ai tool, online tool",Virtual Spac Studio — Use this tool online to virtual quickly and easily.,virtual-spac-studio
Space/Astronomy,Auto Clim Converter Builder,Present,Auto Clim Converter Builder helps users by providing functionality for auto clim converter builder.,"auto, clim, converter, builder, ai tool, online tool",Auto Clim Converter Builder — Use this tool online to auto quickly and easily.,auto-clim-converter-builder
Generative Science,Instant GeneScie Dashboard,Present,Instant GeneScie Dashboard helps users by providing functionality for instant genescie dashboard.,"instant, genescie, dashboard, ai tool, online tool",Instant GeneScie Dashboard — Use this tool online to instant quickly and easily.,instant-genescie-dashboard
Content Writing,Virtual Seo/Mark Toolkit,Present,Virtual Seo/Mark Toolkit helps users by providing functionality for virtual seo/mark toolkit.,"virtual, seo, mark, toolkit, ai tool, online tool",Virtual Seo/Mark Toolkit — Use this tool online to virtual quickly and easily.,virtual-seomark-toolkit
Space/Astronomy,Educ Manager 2.0,Present,Educ Manager 2.0 helps users by providing functionality for educ manager 2.0.,"educ, manager, 2.0, ai tool, online tool",Educ Manager 2.0 — Use this tool online to educ quickly and easily.,educ-manager-20
Developers/Coding,Virtual Clim Studio,Present,Virtual Clim Studio helps users by providing functionality for virtual clim studio.,"virtual, clim, studio, ai tool, online tool",Virtual Clim Studio — Use this tool online to virtual quickly and easily.,virtual-clim-studio
Climate/Environment,Instant Tech Generator,Present,Instant Tech Generator helps users by providing functionality for instant tech generator.,"instant, tech, generator, ai tool, online tool",Instant Tech Generator — Use this tool online to instant quickly and easily.,instant-tech-generator
Developers/Coding,VideTool Builder 2.0,Present,VideTool Builder 2.0 helps users by providing functionality for videtool builder 2.0.,"videtool, builder, 2.0, ai tool, online tool",VideTool Builder 2.0 — Use this tool online to videtool quickly and easily.,videtool-builder-20
Technology/Future,Desi Aligner X,Generative,Desi Aligner X helps users by providing functionality for desi aligner x.,"desi, aligner, ai tool, online tool",Desi Aligner X — Use this tool online to desi quickly and easily.,desi-aligner-x
Generative Science,Iot/ Studio AI,Generative,Iot/ Studio AI helps users by providing functionality for iot/ studio ai.,"iot, studio, ai tool, online tool",Iot/ Studio AI — Use this tool online to iot/ quickly and easily.,iot-studio-ai
Climate/Environment,NextGen Tech Editor,Generative,NextGen Tech Editor helps users by providing functionality for nextgen tech editor.,"nextgen, tech, editor, ai tool, online tool",NextGen Tech Editor — Use this tool online to nextgen quickly and easily.,nextgen-tech-editor
Business/Finance,Educ Assistant Assistant,Present,Educ Assistant Assistant helps users by providing functionality for educ assistant assistant.,"educ, assistant, assistant, ai tool, online tool",Educ Assistant Assistant — Use this tool online to educ quickly and easily.,educ-assistant-assistant
Entertainment/Culture,AI Ente Tracker Pro,Present,AI Ente Tracker Pro helps users by providing functionality for ai ente tracker pro.,"ente, tracker, pro, ai tool, online tool",AI Ente Tracker Pro — Use this tool online to ai quickly and easily.,ai-ente-tracker-pro
Personal/Lifestyle,VideTool Analyzer X,Generative,VideTool Analyzer X helps users by providing functionality for videtool analyzer x.,"videtool, analyzer, ai tool, online tool",VideTool Analyzer X — Use this tool online to videtool quickly and easily.,videtool-analyzer-x
Technology/Future,Instant Heal Builder,Present,Instant Heal Builder helps users by providing functionality for instant heal builder.,"instant, heal, builder, ai tool, online tool",Instant Heal Builder — Use this tool online to instant quickly and easily.,instant-heal-builder
Technology/Future,Cloud GeneScie Tracker Service,Present,Cloud GeneScie Tracker Service helps users by providing functionality for cloud genescie tracker service.,"cloud, genescie, tracker, service, ai tool, online tool",Cloud GeneScie Tracker Service — Use this tool online to cloud quickly and easily.,cloud-genescie-tracker-service
Video/Audio Tools,VideTool Optimizer Assistant,Present,VideTool Optimizer Assistant helps users by providing functionality for videtool optimizer assistant.,"videtool, optimizer, assistant, ai tool, online tool",VideTool Optimizer Assistant — Use this tool online to videtool quickly and easily.,videtool-optimizer-assistant
Technology/Future,Busi Toolkit Analyzer,Generative,Busi Toolkit Analyzer helps users by providing functionality for busi toolkit analyzer.,"busi, toolkit, analyzer, ai tool, online tool",Busi Toolkit Analyzer — Use this tool online to busi quickly and easily.,busi-toolkit-analyzer
Content Writing,Ente Analyzer Assistant,Future,Ente Analyzer Assistant helps users by providing cutting-edge functionality for ente analyzer assistant.,"ente, analyzer, assistant, ai tool, online tool",Ente Analyzer Assistant — Use this tool online to ente quickly and easily.,ente-analyzer-assistant
Climate/Environment,Smart GeneScie Builder,Future,Smart GeneScie Builder helps users by providing cutting-edge functionality for smart genescie builder.,"smart, genescie, builder, ai tool, online tool",Smart GeneScie Builder — Use this tool online to smart quickly and easily.,smart-genescie-builder
Technology/Future,Smart Deve Mixer,Present,Smart Deve Mixer helps users by providing functionality for smart deve mixer.,"smart, deve, mixer, ai tool, online tool",Smart Deve Mixer — Use this tool online to smart quickly and easily.,smart-deve-mixer
Video/Audio Tools,Busi Builder Studio,Future,Busi Builder Studio helps users by providing cutting-edge functionality for busi builder studio.,"busi, builder, studio, ai tool, online tool",Busi Builder Studio — Use this tool online to busi quickly and easily.,busi-builder-studio
Technology/Future,Seo/Mark Builder Assistant,Present,Seo/Mark Builder Assistant helps users by providing functionality for seo/mark builder assistant.,"seo, mark, builder, assistant, ai tool, online tool",Seo/Mark Builder Assistant — Use this tool online to seo/mark quickly and easily.,seomark-builder-assistant
IoT/Robotics,Virtual Clim Planner,Future,Virtual Clim Planner helps users by providing cutting-edge functionality for virtual clim planner.,"virtual, clim, planner, ai tool, online tool",Virtual Clim Planner — Use this tool online to virtual quickly and easily.,virtual-clim-planner
Developers/Coding,ContWrit Dashboard Studio,Future,ContWrit Dashboard Studio helps users by providing cutting-edge functionality for contwrit dashboard studio.,"contwrit, dashboard, studio, ai tool, online tool",ContWrit Dashboard Studio — Use this tool online to contwrit quickly and easily.,contwrit-dashboard-studio
Space/Astronomy,Cloud Clim Detector Service,Present,Cloud Clim Detector Service helps users by providing functionality for cloud clim detector service.,"cloud, clim, detector, service, ai tool, online tool",Cloud Clim Detector Service — Use this tool online to cloud quickly and easily.,cloud-clim-detector-service
Technology/Future,AI Deve Mixer Pro,Future,AI Deve Mixer Pro helps users by providing cutting-edge functionality for ai deve mixer pro.,"deve, mixer, pro, ai tool, online tool",AI Deve Mixer Pro — Use this tool online to ai quickly and easily.,ai-deve-mixer-pro
Developers/Coding,Virtual Busi Composer,Present,Virtual Busi Composer helps users by providing functionality for virtual busi composer.,"virtual, busi, composer, ai tool, online tool",Virtual Busi Composer — Use this tool online to virtual quickly and easily.,virtual-busi-composer
Developers/Coding,Auto Ente Studio Builder,Future,Auto Ente Studio Builder helps users by providing cutting-edge functionality for auto ente studio builder.,"auto, ente, studio, builder, ai tool, online tool",Auto Ente Studio Builder — Use this tool online to auto quickly and easily.,auto-ente-studio-builder
SEO/Digital Marketing,Deve Optimizer AI,Generative,Deve Optimizer AI helps users by providing functionality for deve optimizer ai.,"deve, optimizer, ai tool, online tool",Deve Optimizer AI — Use this tool online to deve quickly and easily.,deve-optimizer-ai
SEO/Digital Marketing,Ente Tracker X,Present,Ente Tracker X helps users by providing functionality for ente tracker x.,"ente, tracker, ai tool, online tool",Ente Tracker X — Use this tool online to ente quickly and easily.,ente-tracker-x
Space/Astronomy,Virtual Pers Bot,Present,Virtual Pers Bot helps users by providing functionality for virtual pers bot.,"virtual, pers, bot, ai tool, online tool",Virtual Pers Bot — Use this tool online to virtual quickly and easily.,virtual-pers-bot
Climate/Environment,Smart Heal Optimizer,Generative,Smart Heal Optimizer helps users by providing functionality for smart heal optimizer.,"smart, heal, optimizer, ai tool, online tool",Smart Heal Optimizer — Use this tool online to smart quickly and easily.,smart-heal-optimizer
Entertainment/Culture,Clim Planner AI,Generative,Clim Planner AI helps users by providing functionality for clim planner ai.,"clim, planner, ai tool, online tool",Clim Planner AI — Use this tool online to clim quickly and easily.,clim-planner-ai
Education/Learning,Heal Lab Analyzer,Generative,Heal Lab Analyzer helps users by providing functionality for heal lab analyzer.,"heal, lab, analyzer, ai tool, online tool",Heal Lab Analyzer — Use this tool online to heal quickly and easily.,heal-lab-analyzer
Content Writing,Virtual Gami Tracker,Present,Virtual Gami Tracker helps users by providing functionality for virtual gami tracker.,"virtual, gami, tracker, ai tool, online tool",Virtual Gami Tracker — Use this tool online to virtual quickly and easily.,virtual-gami-tracker
Technology/Future,Cloud Deve Bot Service,Present,Cloud Deve Bot Service helps users by providing functionality for cloud deve bot service.,"cloud, deve, bot, service, ai tool, online tool",Cloud Deve Bot Service — Use this tool online to cloud quickly and easily.,cloud-deve-bot-service
Space/Astronomy,NextGen Desi Generator,Present,NextGen Desi Generator helps users by providing functionality for nextgen desi generator.,"nextgen, desi, generator, ai tool, online tool",NextGen Desi Generator — Use this tool online to nextgen quickly and easily.,nextgen-desi-generator
Climate/Environment,VideTool Mixer Analyzer,Present,VideTool Mixer Analyzer helps users by providing functionality for videtool mixer analyzer.,"videtool, mixer, analyzer, ai tool, online tool",VideTool Mixer Analyzer — Use this tool online to videtool quickly and easily.,videtool-mixer-analyzer
IoT/Robotics,Cloud Heal Creator Service,Present,Cloud Heal Creator Service helps users by providing functionality for cloud heal creator service.,"cloud, heal, creator, service, ai tool, online tool",Cloud Heal Creator Service — Use this tool online to cloud quickly and easily.,cloud-heal-creator-service
SEO/Digital Marketing,Clim Lab X,Generative,Clim Lab X helps users by providing functionality for clim lab x.,"clim, lab, ai tool, online tool",Clim Lab X — Use this tool online to clim quickly and easily.,clim-lab-x
Design/Creative,Deve Detector Studio,Present,Deve Detector Studio helps users by providing functionality for deve detector studio.,"deve, detector, studio, ai tool, online tool",Deve Detector Studio — Use this tool online to deve quickly and easily.,deve-detector-studio
Technology/Future,Desi Aligner Assistant,Generative,Desi Aligner Assistant helps users by providing functionality for desi aligner assistant.,"desi, aligner, assistant, ai tool, online tool",Desi Aligner Assistant — Use this tool online to desi quickly and easily.,desi-aligner-assistant
Education/Learning,Auto Deve Aligner Builder,Present,Auto Deve Aligner Builder helps users by providing functionality for auto deve aligner builder.,"auto, deve, aligner, builder, ai tool, online tool",Auto Deve Aligner Builder — Use this tool online to auto quickly and easily.,auto-deve-aligner-builder
Education/Learning,GeneScie Mixer AI,Present,GeneScie Mixer AI helps users by providing functionality for genescie mixer ai.,"genescie, mixer, ai tool, online tool",GeneScie Mixer AI — Use this tool online to genescie quickly and easily.,genescie-mixer-ai
Entertainment/Culture,AI Gami Composer Pro,Generative,AI Gami Composer Pro helps users by providing functionality for ai gami composer pro.,"gami, composer, pro, ai tool, online tool",AI Gami Composer Pro — Use this tool online to ai quickly and easily.,ai-gami-composer-pro
Gaming/ARVR,Smart GeneScie Mapper,Present,Smart GeneScie Mapper helps users by providing functionality for smart genescie mapper.,"smart, genescie, mapper, ai tool, online tool",Smart GeneScie Mapper — Use this tool online to smart quickly and easily.,smart-genescie-mapper
Technology/Future,GeneScie Assistant AI,Present,GeneScie Assistant AI helps users by providing functionality for genescie assistant ai.,"genescie, assistant, ai tool, online tool",GeneScie Assistant AI — Use this tool online to genescie quickly and easily.,genescie-assistant-ai
Generative Science,Ente Detector 2.0,Generative,Ente Detector 2.0 helps users by providing functionality for ente detector 2.0.,"ente, detector, 2.0, ai tool, online tool",Ente Detector 2.0 — Use this tool online to ente quickly and easily.,ente-detector-20
SEO/Digital Marketing,Heal Generator Assistant,Present,Heal Generator Assistant helps users by providing functionality for heal generator assistant.,"heal, generator, assistant, ai tool, online tool",Heal Generator Assistant — Use this tool online to heal quickly and easily.,heal-generator-assistant
IoT/Robotics,Cloud Desi Toolkit Service,Present,Cloud Desi Toolkit Service helps users by providing functionality for cloud desi toolkit service.,"cloud, desi, toolkit, service, ai tool, online tool",Cloud Desi Toolkit Service — Use this tool online to cloud quickly and easily.,cloud-desi-toolkit-service
Video/Audio Tools,NextGen Educ Synth,Present,NextGen Educ Synth helps users by providing functionality for nextgen educ synth.,"nextgen, educ, synth, ai tool, online tool",NextGen Educ Synth — Use this tool online to nextgen quickly and easily.,nextgen-educ-synth
Video/Audio Tools,Auto Seo/Mark Editor Builder,Present,Auto Seo/Mark Editor Builder helps users by providing functionality for auto seo/mark editor builder.,"auto, seo, mark, editor, builder, ai tool, online tool",Auto Seo/Mark Editor Builder — Use this tool online to auto quickly and easily.,auto-seomark-editor-builder
Personal/Lifestyle,Tech Mapper Assistant,Present,Tech Mapper Assistant helps users by providing functionality for tech mapper assistant.,"tech, mapper, assistant, ai tool, online tool",Tech Mapper Assistant — Use this tool online to tech quickly and easily.,tech-mapper-assistant
HealthTech/BioTech,Virtual Pers Aligner,Present,Virtual Pers Aligner helps users by providing functionality for virtual pers aligner.,"virtual, pers, aligner, ai tool, online tool",Virtual Pers Aligner — Use this tool online to virtual quickly and easily.,virtual-pers-aligner
Content Writing,Instant VideTool Enhancer,Future,Instant VideTool Enhancer helps users by providing cutting-edge functionality for instant videtool enhancer.,"instant, videtool, enhancer, ai tool, online tool",Instant VideTool Enhancer — Use this tool online to instant quickly and easily.,instant-videtool-enhancer
Gaming/ARVR,Desi Converter Assistant,Future,Desi Converter Assistant helps users by providing cutting-edge functionality for desi converter assistant.,"desi, converter, assistant, ai tool, online tool",Desi Converter Assistant — Use this tool online to desi quickly and easily.,desi-converter-assistant
SEO/Digital Marketing,Cloud Deve Converter Service,Generative,Cloud Deve Converter Service helps users by providing functionality for cloud deve converter service.,"cloud, deve, converter, service, ai tool, online tool",Cloud Deve Converter Service — Use this tool online to cloud quickly and easily.,cloud-deve-converter-service
Generative Science,Seo/Mark Optimizer Assistant,Generative,Seo/Mark Optimizer Assistant helps users by providing functionality for seo/mark optimizer assistant.,"seo, mark, optimizer, assistant, ai tool, online tool",Seo/Mark Optimizer Assistant — Use this tool online to seo/mark quickly and easily.,seomark-optimizer-assistant
Business/Finance,Iot/ Dashboard 2.0,Present,Iot/ Dashboard 2.0 helps users by providing functionality for iot/ dashboard 2.0.,"iot, dashboard, 2.0, ai tool, online tool",Iot/ Dashboard 2.0 — Use this tool online to iot/ quickly and easily.,iot-dashboard-20
SEO/Digital Marketing,Generative Desi Studio,Future,Generative Desi Studio helps users by providing cutting-edge functionality for generative desi studio.,"generative, desi, studio, ai tool, online tool",Generative Desi Studio — Use this tool online to generative quickly and easily.,generative-desi-studio
SEO/Digital Marketing,Busi Lab X,Present,Busi Lab X helps users by providing functionality for busi lab x.,"busi, lab, ai tool, online tool",Busi Lab X — Use this tool online to busi quickly and easily.,busi-lab-x
Climate/Environment,Smart VideTool Creator,Future,Smart VideTool Creator helps users by providing cutting-edge functionality for smart videtool creator.,"smart, videtool, creator, ai tool, online tool",Smart VideTool Creator — Use this tool online to smart quickly and easily.,smart-videtool-creator
Business/Finance,Cloud Educ Generator Service,Future,Cloud Educ Generator Service helps users by providing cutting-edge functionality for cloud educ generator service.,"cloud, educ, generator, service, ai tool, online tool",Cloud Educ Generator Service — Use this tool online to cloud quickly and easily.,cloud-educ-generator-service
IoT/Robotics,Seo/Mark Tracker 2.0,Present,Seo/Mark Tracker 2.0 helps users by providing functionality for seo/mark tracker 2.0.,"seo, mark, tracker, 2.0, ai tool, online tool",Seo/Mark Tracker 2.0 — Use this tool online to seo/mark quickly and easily.,seomark-tracker-20
Technology/Future,Cloud ContWrit Planner Service,Present,Cloud ContWrit Planner Service helps users by providing functionality for cloud contwrit planner service.,"cloud, contwrit, planner, service, ai tool, online tool",Cloud ContWrit Planner Service — Use this tool online to cloud quickly and easily.,cloud-contwrit-planner-service
HealthTech/BioTech,Smart Heal Planner,Generative,Smart Heal Planner helps users by providing functionality for smart heal planner.,"smart, heal, planner, ai tool, online tool",Smart Heal Planner — Use this tool online to smart quickly and easily.,smart-heal-planner
Generative Science,Heal Composer AI,Present,Heal Composer AI helps users by providing functionality for heal composer ai.,"heal, composer, ai tool, online tool",Heal Composer AI — Use this tool online to heal quickly and easily.,heal-composer-ai
Generative Science,Smart VideTool Optimizer,Present,Smart VideTool Optimizer helps users by providing functionality for smart videtool optimizer.,"smart, videtool, optimizer, ai tool, online tool",Smart VideTool Optimizer — Use this tool online to smart quickly and easily.,smart-videtool-optimizer
Personal/Lifestyle,Instant Pers Synth,Generative,Instant Pers Synth helps users by providing functionality for instant pers synth.,"instant, pers, synth, ai tool, online tool",Instant Pers Synth — Use this tool online to instant quickly and easily.,instant-pers-synth
Content Writing,Heal Analyzer Analyzer,Generative,Heal Analyzer Analyzer helps users by providing functionality for heal analyzer analyzer.,"heal, analyzer, analyzer, ai tool, online tool",Heal Analyzer Analyzer — Use this tool online to heal quickly and easily.,heal-analyzer-analyzer
Generative Science,Busi Studio X,Present,Busi Studio X helps users by providing functionality for busi studio x.,"busi, studio, ai tool, online tool",Busi Studio X — Use this tool online to busi quickly and easily.,busi-studio-x
HealthTech/BioTech,Virtual GeneScie Converter,Present,Virtual GeneScie Converter helps users by providing functionality for virtual genescie converter.,"virtual, genescie, converter, ai tool, online tool",Virtual GeneScie Converter — Use this tool online to virtual quickly and easily.,virtual-genescie-converter
Business/Finance,NextGen Ente Aligner,Present,NextGen Ente Aligner helps users by providing functionality for nextgen ente aligner.,"nextgen, ente, aligner, ai tool, online tool",NextGen Ente Aligner — Use this tool online to nextgen quickly and easily.,nextgen-ente-aligner
IoT/Robotics,Instant Desi Editor,Present,Instant Desi Editor helps users by providing functionality for instant desi editor.,"instant, desi, editor, ai tool, online tool",Instant Desi Editor — Use this tool online to instant quickly and easily.,instant-desi-editor
Design/Creative,Instant Iot/ Lab,Present,Instant Iot/ Lab helps users by providing functionality for instant iot/ lab.,"instant, iot, lab, ai tool, online tool",Instant Iot/ Lab — Use this tool online to instant quickly and easily.,instant-iot-lab
Business/Finance,Generative VideTool Synth,Present,Generative VideTool Synth helps users by providing functionality for generative videtool synth.,"generative, videtool, synth, ai tool, online tool",Generative VideTool Synth — Use this tool online to generative quickly and easily.,generative-videtool-synth
Technology/Future,ContWrit Finder AI,Future,ContWrit Finder AI helps users by providing cutting-edge functionality for contwrit finder ai.,"contwrit, finder, ai tool, online tool",ContWrit Finder AI — Use this tool online to contwrit quickly and easily.,contwrit-finder-ai
Design/Creative,Pers Assistant Studio,Generative,Pers Assistant Studio helps users by providing functionality for pers assistant studio.,"pers, assistant, studio, ai tool, online tool",Pers Assistant Studio — Use this tool online to pers quickly and easily.,pers-assistant-studio
IoT/Robotics,Ente Planner Assistant,Present,Ente Planner Assistant helps users by providing functionality for ente planner assistant.,"ente, planner, assistant, ai tool, online tool",Ente Planner Assistant — Use this tool online to ente quickly and easily.,ente-planner-assistant
Generative Science,AI Heal Mapper Pro,Present,AI Heal Mapper Pro helps users by providing functionality for ai heal mapper pro.,"heal, mapper, pro, ai tool, online tool",AI Heal Mapper Pro — Use this tool online to ai quickly and easily.,ai-heal-mapper-pro
Generative Science,Gami Manager AI,Present,Gami Manager AI helps users by providing functionality for gami manager ai.,"gami, manager, ai tool, online tool",Gami Manager AI — Use this tool online to gami quickly and easily.,gami-manager-ai
Technology/Future,Cloud GeneScie Studio Service,Present,Cloud GeneScie Studio Service helps users by providing functionality for cloud genescie studio service.,"cloud, genescie, studio, service, ai tool, online tool",Cloud GeneScie Studio Service — Use this tool online to cloud quickly and easily.,cloud-genescie-studio-service
Design/Creative,Auto VideTool Creator Builder,Generative,Auto VideTool Creator Builder helps users by providing functionality for auto videtool creator builder.,"auto, videtool, creator, builder, ai tool, online tool",Auto VideTool Creator Builder — Use this tool online to auto quickly and easily.,auto-videtool-creator-builder
Generative Science,Seo/Mark Studio Assistant,Present,Seo/Mark Studio Assistant helps users by providing functionality for seo/mark studio assistant.,"seo, mark, studio, assistant, ai tool, online tool",Seo/Mark Studio Assistant — Use this tool online to seo/mark quickly and easily.,seomark-studio-assistant
Personal/Lifestyle,Clim Composer X,Generative,Clim Composer X helps users by providing functionality for clim composer x.,"clim, composer, ai tool, online tool",Clim Composer X — Use this tool online to clim quickly and easily.,clim-composer-x
Entertainment/Culture,Smart Educ Bot,Future,Smart Educ Bot helps users by providing cutting-edge functionality for smart educ bot.,"smart, educ, bot, ai tool, online tool",Smart Educ Bot — Use this tool online to smart quickly and easily.,smart-educ-bot
Video/Audio Tools,Smart Desi Builder,Generative,Smart Desi Builder helps users by providing functionality for smart desi builder.,"smart, desi, builder, ai tool, online tool",Smart Desi Builder — Use this tool online to smart quickly and easily.,smart-desi-builder
Design/Creative,Auto Desi Detector Builder,Generative,Auto Desi Detector Builder helps users by providing functionality for auto desi detector builder.,"auto, desi, detector, builder, ai tool, online tool",Auto Desi Detector Builder — Use this tool online to auto quickly and easily.,auto-desi-detector-builder
Video/Audio Tools,ContWrit Editor X,Generative,ContWrit Editor X helps users by providing functionality for contwrit editor x.,"contwrit, editor, ai tool, online tool",ContWrit Editor X — Use this tool online to contwrit quickly and easily.,contwrit-editor-x
Space/Astronomy,Desi Converter Analyzer,Present,Desi Converter Analyzer helps users by providing functionality for desi converter analyzer.,"desi, converter, analyzer, ai tool, online tool",Desi Converter Analyzer — Use this tool online to desi quickly and easily.,desi-converter-analyzer
Design/Creative,Virtual Gami Editor,Present,Virtual Gami Editor helps users by providing functionality for virtual gami editor.,"virtual, gami, editor, ai tool, online tool",Virtual Gami Editor — Use this tool online to virtual quickly and easily.,virtual-gami-editor
Video/Audio Tools,Instant ContWrit Converter,Present,Instant ContWrit Converter helps users by providing functionality for instant contwrit converter.,"instant, contwrit, converter, ai tool, online tool",Instant ContWrit Converter — Use this tool online to instant quickly and easily.,instant-contwrit-converter
Technology/Future,Virtual Pers Enhancer,Future,Virtual Pers Enhancer helps users by providing cutting-edge functionality for virtual pers enhancer.,"virtual, pers, enhancer, ai tool, online tool",Virtual Pers Enhancer — Use this tool online to virtual quickly and easily.,virtual-pers-enhancer
Video/Audio Tools,Desi Aligner Studio,Present,Desi Aligner Studio helps users by providing functionality for desi aligner studio.,"desi, aligner, studio, ai tool, online tool",Desi Aligner Studio — Use this tool online to desi quickly and easily.,desi-aligner-studio
SEO/Digital Marketing,Desi Composer X,Present,Desi Composer X helps users by providing functionality for desi composer x.,"desi, composer, ai tool, online tool",Desi Composer X — Use this tool online to desi quickly and easily.,desi-composer-x
Business/Finance,Smart Iot/ Generator,Present,Smart Iot/ Generator helps users by providing functionality for smart iot/ generator.,"smart, iot, generator, ai tool, online tool",Smart Iot/ Generator — Use this tool online to smart quickly and easily.,smart-iot-generator
Technology/Future,Spac Analyzer X,Generative,Spac Analyzer X helps users by providing functionality for spac analyzer x.,"spac, analyzer, ai tool, online tool",Spac Analyzer X — Use this tool online to spac quickly and easily.,spac-analyzer-x
Personal/Lifestyle,Educ Enhancer Studio,Present,Educ Enhancer Studio helps users by providing functionality for educ enhancer studio.,"educ, enhancer, studio, ai tool, online tool",Educ Enhancer Studio — Use this tool online to educ quickly and easily.,educ-enhancer-studio
Business/Finance,Pers Converter Assistant,Present,Pers Converter Assistant helps users by providing functionality for pers converter assistant.,"pers, converter, assistant, ai tool, online tool",Pers Converter Assistant — Use this tool online to pers quickly and easily.,pers-converter-assistant
Video/Audio Tools,Gami Synth Assistant,Present,Gami Synth Assistant helps users by providing functionality for gami synth assistant.,"gami, synth, assistant, ai tool, online tool",Gami Synth Assistant — Use this tool online to gami quickly and easily.,gami-synth-assistant
SEO/Digital Marketing,Generative Heal Converter,Generative,Generative Heal Converter helps users by providing functionality for generative heal converter.,"generative, heal, converter, ai tool, online tool",Generative Heal Converter — Use this tool online to generative quickly and easily.,generative-heal-converter
Space/Astronomy,Busi Detector X,Present,Busi Detector X helps users by providing functionality for busi detector x.,"busi, detector, ai tool, online tool",Busi Detector X — Use this tool online to busi quickly and easily.,busi-detector-x
HealthTech/BioTech,Cloud Deve Dashboard Service,Generative,Cloud Deve Dashboard Service helps users by providing functionality for cloud deve dashboard service.,"cloud, deve, dashboard, service, ai tool, online tool",Cloud Deve Dashboard Service — Use this tool online to cloud quickly and easily.,cloud-deve-dashboard-service
Business/Finance,GeneScie Converter 2.0,Present,GeneScie Converter 2.0 helps users by providing functionality for genescie converter 2.0.,"genescie, converter, 2.0, ai tool, online tool",GeneScie Converter 2.0 — Use this tool online to genescie quickly and easily.,genescie-converter-20
Gaming/ARVR,Tech Simulator X,Generative,Tech Simulator X helps users by providing functionality for tech simulator x.,"tech, simulator, ai tool, online tool",Tech Simulator X — Use this tool online to tech quickly and easily.,tech-simulator-x
Developers/Coding,Ente Builder AI,Present,Ente Builder AI helps users by providing functionality for ente builder ai.,"ente, builder, ai tool, online tool",Ente Builder AI — Use this tool online to ente quickly and easily.,ente-builder-ai
Entertainment/Culture,Iot/ Tracker Assistant,Present,Iot/ Tracker Assistant helps users by providing functionality for iot/ tracker assistant.,"iot, tracker, assistant, ai tool, online tool",Iot/ Tracker Assistant — Use this tool online to iot/ quickly and easily.,iot-tracker-assistant
Video/Audio Tools,Deve Manager 2.0,Present,Deve Manager 2.0 helps users by providing functionality for deve manager 2.0.,"deve, manager, 2.0, ai tool, online tool",Deve Manager 2.0 — Use this tool online to deve quickly and easily.,deve-manager-20
Design/Creative,Virtual Gami Optimizer,Present,Virtual Gami Optimizer helps users by providing functionality for virtual gami optimizer.,"virtual, gami, optimizer, ai tool, online tool",Virtual Gami Optimizer — Use this tool online to virtual quickly and easily.,virtual-gami-optimizer
Personal/Lifestyle,Cloud GeneScie Editor Service,Generative,Cloud GeneScie Editor Service helps users by providing functionality for cloud genescie editor service.,"cloud, genescie, editor, service, ai tool, online tool",Cloud GeneScie Editor Service — Use this tool online to cloud quickly and easily.,cloud-genescie-editor-service
HealthTech/BioTech,Pers Planner Analyzer,Present,Pers Planner Analyzer helps users by providing functionality for pers planner analyzer.,"pers, planner, analyzer, ai tool, online tool",Pers Planner Analyzer — Use this tool online to pers quickly and easily.,pers-planner-analyzer
Personal/Lifestyle,AI Gami Bot Pro,Future,AI Gami Bot Pro helps users by providing cutting-edge functionality for ai gami bot pro.,"gami, bot, pro, ai tool, online tool",AI Gami Bot Pro — Use this tool online to ai quickly and easily.,ai-gami-bot-pro
Content Writing,Virtual Ente Detector,Generative,Virtual Ente Detector helps users by providing functionality for virtual ente detector.,"virtual, ente, detector, ai tool, online tool",Virtual Ente Detector — Use this tool online to virtual quickly and easily.,virtual-ente-detector
HealthTech/BioTech,Educ Builder X,Generative,Educ Builder X helps users by providing functionality for educ builder x.,"educ, builder, ai tool, online tool",Educ Builder X — Use this tool online to educ quickly and easily.,educ-builder-x
Climate/Environment,NextGen Deve Editor,Present,NextGen Deve Editor helps users by providing functionality for nextgen deve editor.,"nextgen, deve, editor, ai tool, online tool",NextGen Deve Editor — Use this tool online to nextgen quickly and easily.,nextgen-deve-editor
Content Writing,Deve Analyzer 2.0,Future,Deve Analyzer 2.0 helps users by providing cutting-edge functionality for deve analyzer 2.0.,"deve, analyzer, 2.0, ai tool, online tool",Deve Analyzer 2.0 — Use this tool online to deve quickly and easily.,deve-analyzer-20
Generative Science,Smart Tech Finder,Generative,Smart Tech Finder helps users by providing functionality for smart tech finder.,"smart, tech, finder, ai tool, online tool",Smart Tech Finder — Use this tool online to smart quickly and easily.,smart-tech-finder
Developers/Coding,AI Desi Composer Pro,Future,AI Desi Composer Pro helps users by providing cutting-edge functionality for ai desi composer pro.,"desi, composer, pro, ai tool, online tool",AI Desi Composer Pro — Use this tool online to ai quickly and easily.,ai-desi-composer-pro
Business/Finance,Seo/Mark Detector Studio,Generative,Seo/Mark Detector Studio helps users by providing functionality for seo/mark detector studio.,"seo, mark, detector, studio, ai tool, online tool",Seo/Mark Detector Studio — Use this tool online to seo/mark quickly and easily.,seomark-detector-studio
Personal/Lifestyle,Generative Ente Studio,Generative,Generative Ente Studio helps users by providing functionality for generative ente studio.,"generative, ente, studio, ai tool, online tool",Generative Ente Studio — Use this tool online to generative quickly and easily.,generative-ente-studio
Generative Science,Educ Simulator AI,Present,Educ Simulator AI helps users by providing functionality for educ simulator ai.,"educ, simulator, ai tool, online tool",Educ Simulator AI — Use this tool online to educ quickly and easily.,educ-simulator-ai
Business/Finance,Cloud Deve Mixer Service,Generative,Cloud Deve Mixer Service helps users by providing functionality for cloud deve mixer service.,"cloud, deve, mixer, service, ai tool, online tool",Cloud Deve Mixer Service — Use this tool online to cloud quickly and easily.,cloud-deve-mixer-service
Technology/Future,Spac Planner Analyzer,Present,Spac Planner Analyzer helps users by providing functionality for spac planner analyzer.,"spac, planner, analyzer, ai tool, online tool",Spac Planner Analyzer — Use this tool online to spac quickly and easily.,spac-planner-analyzer
Business/Finance,Cloud Pers Mixer Service,Present,Cloud Pers Mixer Service helps users by providing functionality for cloud pers mixer service.,"cloud, pers, mixer, service, ai tool, online tool",Cloud Pers Mixer Service — Use this tool online to cloud quickly and easily.,cloud-pers-mixer-service
IoT/Robotics,Gami Converter AI,Generative,Gami Converter AI helps users by providing functionality for gami converter ai.,"gami, converter, ai tool, online tool",Gami Converter AI — Use this tool online to gami quickly and easily.,gami-converter-ai
Video/Audio Tools,Ente Bot Analyzer,Generative,Ente Bot Analyzer helps users by providing functionality for ente bot analyzer.,"ente, bot, analyzer, ai tool, online tool",Ente Bot Analyzer — Use this tool online to ente quickly and easily.,ente-bot-analyzer
SEO/Digital Marketing,NextGen Educ Simulator,Generative,NextGen Educ Simulator helps users by providing functionality for nextgen educ simulator.,"nextgen, educ, simulator, ai tool, online tool",NextGen Educ Simulator — Use this tool online to nextgen quickly and easily.,nextgen-educ-simulator
Business/Finance,Clim Composer AI,Present,Clim Composer AI helps users by providing functionality for clim composer ai.,"clim, composer, ai tool, online tool",Clim Composer AI — Use this tool online to clim quickly and easily.,clim-composer-ai
Generative Science,Auto Heal Optimizer Builder,Present,Auto Heal Optimizer Builder helps users by providing functionality for auto heal optimizer builder.,"auto, heal, optimizer, builder, ai tool, online tool",Auto Heal Optimizer Builder — Use this tool online to auto quickly and easily.,auto-heal-optimizer-builder
Entertainment/Culture,Instant Spac Analyzer,Present,Instant Spac Analyzer helps users by providing functionality for instant spac analyzer.,"instant, spac, analyzer, ai tool, online tool",Instant Spac Analyzer — Use this tool online to instant quickly and easily.,instant-spac-analyzer
Developers/Coding,Generative Heal Assistant,Future,Generative Heal Assistant helps users by providing cutting-edge functionality for generative heal assistant.,"generative, heal, assistant, ai tool, online tool",Generative Heal Assistant — Use this tool online to generative quickly and easily.,generative-heal-assistant
Space/Astronomy,AI VideTool Generator Pro,Present,AI VideTool Generator Pro helps users by providing functionality for ai videtool generator pro.,"videtool, generator, pro, ai tool, online tool",AI VideTool Generator Pro — Use this tool online to ai quickly and easily.,ai-videtool-generator-pro
Space/Astronomy,Cloud Educ Builder Service,Present,Cloud Educ Builder Service helps users by providing functionality for cloud educ builder service.,"cloud, educ, builder, service, ai tool, online tool",Cloud Educ Builder Service — Use this tool online to cloud quickly and easily.,cloud-educ-builder-service
SEO/Digital Marketing,Tech Analyzer X,Present,Tech Analyzer X helps users by providing functionality for tech analyzer x.,"tech, analyzer, ai tool, online tool",Tech Analyzer X — Use this tool online to tech quickly and easily.,tech-analyzer-x
Business/Finance,Instant Pers Manager,Present,Instant Pers Manager helps users by providing functionality for instant pers manager.,"instant, pers, manager, ai tool, online tool",Instant Pers Manager — Use this tool online to instant quickly and easily.,instant-pers-manager
Space/Astronomy,Auto Educ Manager Builder,Generative,Auto Educ Manager Builder helps users by providing functionality for auto educ manager builder.,"auto, educ, manager, builder, ai tool, online tool",Auto Educ Manager Builder — Use this tool online to auto quickly and easily.,auto-educ-manager-builder
Space/Astronomy,Heal Bot X,Generative,Heal Bot X helps users by providing functionality for heal bot x.,"heal, bot, ai tool, online tool",Heal Bot X — Use this tool online to heal quickly and easily.,heal-bot-x
IoT/Robotics,Cloud Gami Mixer Service,Generative,Cloud Gami Mixer Service helps users by providing functionality for cloud gami mixer service.,"cloud, gami, mixer, service, ai tool, online tool",Cloud Gami Mixer Service — Use this tool online to cloud quickly and easily.,cloud-gami-mixer-service
Content Writing,Deve Composer Analyzer,Future,Deve Composer Analyzer helps users by providing cutting-edge functionality for deve composer analyzer.,"deve, composer, analyzer, ai tool, online tool",Deve Composer Analyzer — Use this tool online to deve quickly and easily.,deve-composer-analyzer
Video/Audio Tools,Pers Optimizer X,Generative,Pers Optimizer X helps users by providing functionality for pers optimizer x.,"pers, optimizer, ai tool, online tool",Pers Optimizer X — Use this tool online to pers quickly and easily.,pers-optimizer-x
Education/Learning,Smart Gami Toolkit,Generative,Smart Gami Toolkit helps users by providing functionality for smart gami toolkit.,"smart, gami, toolkit, ai tool, online tool",Smart Gami Toolkit — Use this tool online to smart quickly and easily.,smart-gami-toolkit
Business/Finance,Generative Busi Converter,Present,Generative Busi Converter helps users by providing functionality for generative busi converter.,"generative, busi, converter, ai tool, online tool",Generative Busi Converter — Use this tool online to generative quickly and easily.,generative-busi-converter
SEO/Digital Marketing,Cloud Pers Tracker Service,Generative,Cloud Pers Tracker Service helps users by providing functionality for cloud pers tracker service.,"cloud, pers, tracker, service, ai tool, online tool",Cloud Pers Tracker Service — Use this tool online to cloud quickly and easily.,cloud-pers-tracker-service
IoT/Robotics,NextGen Desi Assistant,Present,NextGen Desi Assistant helps users by providing functionality for nextgen desi assistant.,"nextgen, desi, assistant, ai tool, online tool",NextGen Desi Assistant — Use this tool online to nextgen quickly and easily.,nextgen-desi-assistant
IoT/Robotics,Tech Analyzer AI,Generative,Tech Analyzer AI helps users by providing functionality for tech analyzer ai.,"tech, analyzer, ai tool, online tool",Tech Analyzer AI — Use this tool online to tech quickly and easily.,tech-analyzer-ai
Space/Astronomy,ContWrit Lab Studio,Future,ContWrit Lab Studio helps users by providing cutting-edge functionality for contwrit lab studio.,"contwrit, lab, studio, ai tool, online tool",ContWrit Lab Studio — Use this tool online to contwrit quickly and easily.,contwrit-lab-studio
Technology/Future,Busi Dashboard AI,Future,Busi Dashboard AI helps users by providing cutting-edge functionality for busi dashboard ai.,"busi, dashboard, ai tool, online tool",Busi Dashboard AI — Use this tool online to busi quickly and easily.,busi-dashboard-ai
Entertainment/Culture,NextGen Desi Finder,Present,NextGen Desi Finder helps users by providing functionality for nextgen desi finder.,"nextgen, desi, finder, ai tool, online tool",NextGen Desi Finder — Use this tool online to nextgen quickly and easily.,nextgen-desi-finder
IoT/Robotics,Cloud Iot/ Toolkit Service,Generative,Cloud Iot/ Toolkit Service helps users by providing functionality for cloud iot/ toolkit service.,"cloud, iot, toolkit, service, ai tool, online tool",Cloud Iot/ Toolkit Service — Use this tool online to cloud quickly and easily.,cloud-iot-toolkit-service
Business/Finance,Cloud GeneScie Enhancer Service,Present,Cloud GeneScie Enhancer Service helps users by providing functionality for cloud genescie enhancer service.,"cloud, genescie, enhancer, service, ai tool, online tool",Cloud GeneScie Enhancer Service — Use this tool online to cloud quickly and easily.,cloud-genescie-enhancer-service
Entertainment/Culture,Generative Seo/Mark Bot,Present,Generative Seo/Mark Bot helps users by providing functionality for generative seo/mark bot.,"generative, seo, mark, bot, ai tool, online tool",Generative Seo/Mark Bot — Use this tool online to generative quickly and easily.,generative-seomark-bot
Technology/Future,Seo/Mark Builder Analyzer,Present,Seo/Mark Builder Analyzer helps users by providing functionality for seo/mark builder analyzer.,"seo, mark, builder, analyzer, ai tool, online tool",Seo/Mark Builder Analyzer — Use this tool online to seo/mark quickly and easily.,seomark-builder-analyzer
Business/Finance,ContWrit Builder AI,Future,ContWrit Builder AI helps users by providing cutting-edge functionality for contwrit builder ai.,"contwrit, builder, ai tool, online tool",ContWrit Builder AI — Use this tool online to contwrit quickly and easily.,contwrit-builder-ai
Business/Finance,NextGen Seo/Mark Optimizer,Present,NextGen Seo/Mark Optimizer helps users by providing functionality for nextgen seo/mark optimizer.,"nextgen, seo, mark, optimizer, ai tool, online tool",NextGen Seo/Mark Optimizer — Use this tool online to nextgen quickly and easily.,nextgen-seomark-optimizer
Design/Creative,Cloud ContWrit Studio Service,Present,Cloud ContWrit Studio Service helps users by providing functionality for cloud contwrit studio service.,"cloud, contwrit, studio, service, ai tool, online tool",Cloud ContWrit Studio Service — Use this tool online to cloud quickly and easily.,cloud-contwrit-studio-service
Personal/Lifestyle,AI Tech Lab Pro,Present,AI Tech Lab Pro helps users by providing functionality for ai tech lab pro.,"tech, lab, pro, ai tool, online tool",AI Tech Lab Pro — Use this tool online to ai quickly and easily.,ai-tech-lab-pro
Design/Creative,Virtual Iot/ Assistant,Present,Virtual Iot/ Assistant helps users by providing functionality for virtual iot/ assistant.,"virtual, iot, assistant, ai tool, online tool",Virtual Iot/ Assistant — Use this tool online to virtual quickly and easily.,virtual-iot-assistant
Content Writing,VideTool Optimizer X,Present,VideTool Optimizer X helps users by providing functionality for videtool optimizer x.,"videtool, optimizer, ai tool, online tool",VideTool Optimizer X — Use this tool online to videtool quickly and easily.,videtool-optimizer-x
Climate/Environment,Tech Bot Assistant,Future,Tech Bot Assistant helps users by providing cutting-edge functionality for tech bot assistant.,"tech, bot, assistant, ai tool, online tool",Tech Bot Assistant — Use this tool online to tech quickly and easily.,tech-bot-assistant
Climate/Environment,ContWrit Optimizer Assistant,Future,ContWrit Optimizer Assistant helps users by providing cutting-edge functionality for contwrit optimizer assistant.,"contwrit, optimizer, assistant, ai tool, online tool",ContWrit Optimizer Assistant — Use this tool online to contwrit quickly and easily.,contwrit-optimizer-assistant
Gaming/ARVR,VideTool Analyzer Analyzer,Generative,VideTool Analyzer Analyzer helps users by providing functionality for videtool analyzer analyzer.,"videtool, analyzer, analyzer, ai tool, online tool",VideTool Analyzer Analyzer — Use this tool online to videtool quickly and easily.,videtool-analyzer-analyzer
Design/Creative,AI Seo/Mark Lab Pro,Future,AI Seo/Mark Lab Pro helps users by providing cutting-edge functionality for ai seo/mark lab pro.,"seo, mark, lab, pro, ai tool, online tool",AI Seo/Mark Lab Pro — Use this tool online to ai quickly and easily.,ai-seomark-lab-pro
Personal/Lifestyle,Busi Editor AI,Present,Busi Editor AI helps users by providing functionality for busi editor ai.,"busi, editor, ai tool, online tool",Busi Editor AI — Use this tool online to busi quickly and easily.,busi-editor-ai
Technology/Future,Educ Optimizer X,Present,Educ Optimizer X helps users by providing functionality for educ optimizer x.,"educ, optimizer, ai tool, online tool",Educ Optimizer X — Use this tool online to educ quickly and easily.,educ-optimizer-x
Climate/Environment,NextGen Gami Tracker,Present,NextGen Gami Tracker helps users by providing functionality for nextgen gami tracker.,"nextgen, gami, tracker, ai tool, online tool",NextGen Gami Tracker — Use this tool online to nextgen quickly and easily.,nextgen-gami-tracker
Climate/Environment,Virtual VideTool Composer,Generative,Virtual VideTool Composer helps users by providing functionality for virtual videtool composer.,"virtual, videtool, composer, ai tool, online tool",Virtual VideTool Composer — Use this tool online to virtual quickly and easily.,virtual-videtool-composer
Entertainment/Culture,Instant Deve Manager,Present,Instant Deve Manager helps users by providing functionality for instant deve manager.,"instant, deve, manager, ai tool, online tool",Instant Deve Manager — Use this tool online to instant quickly and easily.,instant-deve-manager
SEO/Digital Marketing,Virtual Gami Analyzer,Present,Virtual Gami Analyzer helps users by providing functionality for virtual gami analyzer.,"virtual, gami, analyzer, ai tool, online tool",Virtual Gami Analyzer — Use this tool online to virtual quickly and easily.,virtual-gami-analyzer
Design/Creative,Heal Planner X,Generative,Heal Planner X helps users by providing functionality for heal planner x.,"heal, planner, ai tool, online tool",Heal Planner X — Use this tool online to heal quickly and easily.,heal-planner-x
Developers/Coding,Desi Mixer AI,Future,Desi Mixer AI helps users by providing cutting-edge functionality for desi mixer ai.,"desi, mixer, ai tool, online tool",Desi Mixer AI — Use this tool online to desi quickly and easily.,desi-mixer-ai
Content Writing,GeneScie Generator 2.0,Present,GeneScie Generator 2.0 helps users by providing functionality for genescie generator 2.0.,"genescie, generator, 2.0, ai tool, online tool",GeneScie Generator 2.0 — Use this tool online to genescie quickly and easily.,genescie-generator-20
HealthTech/BioTech,Ente Studio Studio,Future,Ente Studio Studio helps users by providing cutting-edge functionality for ente studio studio.,"ente, studio, studio, ai tool, online tool",Ente Studio Studio — Use this tool online to ente quickly and easily.,ente-studio-studio
Entertainment/Culture,Educ Composer Studio,Generative,Educ Composer Studio helps users by providing functionality for educ composer studio.,"educ, composer, studio, ai tool, online tool",Educ Composer Studio — Use this tool online to educ quickly and easily.,educ-composer-studio
SEO/Digital Marketing,Smart Deve Builder,Present,Smart Deve Builder helps users by providing functionality for smart deve builder.,"smart, deve, builder, ai tool, online tool",Smart Deve Builder — Use this tool online to smart quickly and easily.,smart-deve-builder
Business/Finance,AI GeneScie Generator Pro,Future,AI GeneScie Generator Pro helps users by providing cutting-edge functionality for ai genescie generator pro.,"genescie, generator, pro, ai tool, online tool",AI GeneScie Generator Pro — Use this tool online to ai quickly and easily.,ai-genescie-generator-pro
Education/Learning,Deve Finder AI,Generative,Deve Finder AI helps users by providing functionality for deve finder ai.,"deve, finder, ai tool, online tool",Deve Finder AI — Use this tool online to deve quickly and easily.,deve-finder-ai
Personal/Lifestyle,Iot/ Bot Assistant,Future,Iot/ Bot Assistant helps users by providing cutting-edge functionality for iot/ bot assistant.,"iot, bot, assistant, ai tool, online tool",Iot/ Bot Assistant — Use this tool online to iot/ quickly and easily.,iot-bot-assistant
Climate/Environment,ContWrit Dashboard X,Present,ContWrit Dashboard X helps users by providing functionality for contwrit dashboard x.,"contwrit, dashboard, ai tool, online tool",ContWrit Dashboard X — Use this tool online to contwrit quickly and easily.,contwrit-dashboard-x
Climate/Environment,Seo/Mark Creator Studio,Generative,Seo/Mark Creator Studio helps users by providing functionality for seo/mark creator studio.,"seo, mark, creator, studio, ai tool, online tool",Seo/Mark Creator Studio — Use this tool online to seo/mark quickly and easily.,seomark-creator-studio
Design/Creative,Desi Toolkit AI,Generative,Desi Toolkit AI helps users by providing functionality for desi toolkit ai.,"desi, toolkit, ai tool, online tool",Desi Toolkit AI — Use this tool online to desi quickly and easily.,desi-toolkit-ai
Technology/Future,Instant ContWrit Creator,Future,Instant ContWrit Creator helps users by providing cutting-edge functionality for instant contwrit creator.,"instant, contwrit, creator, ai tool, online tool",Instant ContWrit Creator — Use this tool online to instant quickly and easily.,instant-contwrit-creator
Space/Astronomy,Educ Finder Assistant,Generative,Educ Finder Assistant helps users by providing functionality for educ finder assistant.,"educ, finder, assistant, ai tool, online tool",Educ Finder Assistant — Use this tool online to educ quickly and easily.,educ-finder-assistant
Personal/Lifestyle,Instant Spac Synth,Present,Instant Spac Synth helps users by providing functionality for instant spac synth.,"instant, spac, synth, ai tool, online tool",Instant Spac Synth — Use this tool online to instant quickly and easily.,instant-spac-synth
Personal/Lifestyle,NextGen Busi Mixer,Present,NextGen Busi Mixer helps users by providing functionality for nextgen busi mixer.,"nextgen, busi, mixer, ai tool, online tool",NextGen Busi Mixer — Use this tool online to nextgen quickly and easily.,nextgen-busi-mixer
HealthTech/BioTech,Smart Educ Mapper,Present,Smart Educ Mapper helps users by providing functionality for smart educ mapper.,"smart, educ, mapper, ai tool, online tool",Smart Educ Mapper — Use this tool online to smart quickly and easily.,smart-educ-mapper
Content Writing,NextGen Iot/ Generator,Generative,NextGen Iot/ Generator helps users by providing functionality for nextgen iot/ generator.,"nextgen, iot, generator, ai tool, online tool",NextGen Iot/ Generator — Use this tool online to nextgen quickly and easily.,nextgen-iot-generator
Design/Creative,Tech Generator 2.0,Present,Tech Generator 2.0 helps users by providing functionality for tech generator 2.0.,"tech, generator, 2.0, ai tool, online tool",Tech Generator 2.0 — Use this tool online to tech quickly and easily.,tech-generator-20
Technology/Future,Heal Simulator X,Present,Heal Simulator X helps users by providing functionality for heal simulator x.,"heal, simulator, ai tool, online tool",Heal Simulator X — Use this tool online to heal quickly and easily.,heal-simulator-x
Content Writing,Cloud Iot/ Synth Service,Future,Cloud Iot/ Synth Service helps users by providing cutting-edge functionality for cloud iot/ synth service.,"cloud, iot, synth, service, ai tool, online tool",Cloud Iot/ Synth Service — Use this tool online to cloud quickly and easily.,cloud-iot-synth-service
Technology/Future,Smart Tech Tracker,Future,Smart Tech Tracker helps users by providing cutting-edge functionality for smart tech tracker.,"smart, tech, tracker, ai tool, online tool",Smart Tech Tracker — Use this tool online to smart quickly and easily.,smart-tech-tracker
Content Writing,Generative Ente Aligner,Future,Generative Ente Aligner helps users by providing cutting-edge functionality for generative ente aligner.,"generative, ente, aligner, ai tool, online tool",Generative Ente Aligner — Use this tool online to generative quickly and easily.,generative-ente-aligner
Entertainment/Culture,Smart Ente Dashboard,Generative,Smart Ente Dashboard helps users by providing functionality for smart ente dashboard.,"smart, ente, dashboard, ai tool, online tool",Smart Ente Dashboard — Use this tool online to smart quickly and easily.,smart-ente-dashboard
Gaming/ARVR,AI Desi Optimizer Pro,Present,AI Desi Optimizer Pro helps users by providing functionality for ai desi optimizer pro.,"desi, optimizer, pro, ai tool, online tool",AI Desi Optimizer Pro — Use this tool online to ai quickly and easily.,ai-desi-optimizer-pro
Space/Astronomy,Iot/ Planner Analyzer,Generative,Iot/ Planner Analyzer helps users by providing functionality for iot/ planner analyzer.,"iot, planner, analyzer, ai tool, online tool",Iot/ Planner Analyzer — Use this tool online to iot/ quickly and easily.,iot-planner-analyzer
HealthTech/BioTech,Pers Toolkit Studio,Present,Pers Toolkit Studio helps users by providing functionality for pers toolkit studio.,"pers, toolkit, studio, ai tool, online tool",Pers Toolkit Studio — Use this tool online to pers quickly and easily.,pers-toolkit-studio
Content Writing,Virtual Tech Planner,Future,Virtual Tech Planner helps users by providing cutting-edge functionality for virtual tech planner.,"virtual, tech, planner, ai tool, online tool",Virtual Tech Planner — Use this tool online to virtual quickly and easily.,virtual-tech-planner
Generative Science,Auto Iot/ Mapper Builder,Generative,Auto Iot/ Mapper Builder helps users by providing functionality for auto iot/ mapper builder.,"auto, iot, mapper, builder, ai tool, online tool",Auto Iot/ Mapper Builder — Use this tool online to auto quickly and easily.,auto-iot-mapper-builder
Generative Science,Smart Spac Planner,Generative,Smart Spac Planner helps users by providing functionality for smart spac planner.,"smart, spac, planner, ai tool, online tool",Smart Spac Planner — Use this tool online to smart quickly and easily.,smart-spac-planner
Technology/Future,Smart Busi Lab,Present,Smart Busi Lab helps users by providing functionality for smart busi lab.,"smart, busi, lab, ai tool, online tool",Smart Busi Lab — Use this tool online to smart quickly and easily.,smart-busi-lab
Video/Audio Tools,Generative GeneScie Lab,Present,Generative GeneScie Lab helps users by providing functionality for generative genescie lab.,"generative, genescie, lab, ai tool, online tool",Generative GeneScie Lab — Use this tool online to generative quickly and easily.,generative-genescie-lab
Developers/Coding,Spac Finder Studio,Present,Spac Finder Studio helps users by providing functionality for spac finder studio.,"spac, finder, studio, ai tool, online tool",Spac Finder Studio — Use this tool online to spac quickly and easily.,spac-finder-studio
Entertainment/Culture,ContWrit Composer Assistant,Present,ContWrit Composer Assistant helps users by providing functionality for contwrit composer assistant.,"contwrit, composer, assistant, ai tool, online tool",ContWrit Composer Assistant — Use this tool online to contwrit quickly and easily.,contwrit-composer-assistant
Climate/Environment,Clim Optimizer X,Generative,Clim Optimizer X helps users by providing functionality for clim optimizer x.,"clim, optimizer, ai tool, online tool",Clim Optimizer X — Use this tool online to clim quickly and easily.,clim-optimizer-x
Gaming/ARVR,Seo/Mark Aligner X,Present,Seo/Mark Aligner X helps users by providing functionality for seo/mark aligner x.,"seo, mark, aligner, ai tool, online tool",Seo/Mark Aligner X — Use this tool online to seo/mark quickly and easily.,seomark-aligner-x
Business/Finance,Busi Aligner AI,Generative,Busi Aligner AI helps users by providing functionality for busi aligner ai.,"busi, aligner, ai tool, online tool",Busi Aligner AI — Use this tool online to busi quickly and easily.,busi-aligner-ai
SEO/Digital Marketing,Virtual Iot/ Bot,Generative,Virtual Iot/ Bot helps users by providing functionality for virtual iot/ bot.,"virtual, iot, bot, ai tool, online tool",Virtual Iot/ Bot — Use this tool online to virtual quickly and easily.,virtual-iot-bot
Generative Science,Busi Simulator X,Present,Busi Simulator X helps users by providing functionality for busi simulator x.,"busi, simulator, ai tool, online tool",Busi Simulator X — Use this tool online to busi quickly and easily.,busi-simulator-x
Entertainment/Culture,ContWrit Bot Studio,Generative,ContWrit Bot Studio helps users by providing functionality for contwrit bot studio.,"contwrit, bot, studio, ai tool, online tool",ContWrit Bot Studio — Use this tool online to contwrit quickly and easily.,contwrit-bot-studio
Entertainment/Culture,Instant Spac Dashboard,Present,Instant Spac Dashboard helps users by providing functionality for instant spac dashboard.,"instant, spac, dashboard, ai tool, online tool",Instant Spac Dashboard — Use this tool online to instant quickly and easily.,instant-spac-dashboard
Business/Finance,GeneScie Studio Studio,Present,GeneScie Studio Studio helps users by providing functionality for genescie studio studio.,"genescie, studio, studio, ai tool, online tool",GeneScie Studio Studio — Use this tool online to genescie quickly and easily.,genescie-studio-studio
Design/Creative,Smart Spac Assistant,Present,Smart Spac Assistant helps users by providing functionality for smart spac assistant.,"smart, spac, assistant, ai tool, online tool",Smart Spac Assistant — Use this tool online to smart quickly and easily.,smart-spac-assistant
Business/Finance,NextGen GeneScie Analyzer,Present,NextGen GeneScie Analyzer helps users by providing functionality for nextgen genescie analyzer.,"nextgen, genescie, analyzer, ai tool, online tool",NextGen GeneScie Analyzer — Use this tool online to nextgen quickly and easily.,nextgen-genescie-analyzer
Gaming/ARVR,AI Iot/ Composer Pro,Generative,AI Iot/ Composer Pro helps users by providing functionality for ai iot/ composer pro.,"iot, composer, pro, ai tool, online tool",AI Iot/ Composer Pro — Use this tool online to ai quickly and easily.,ai-iot-composer-pro
Entertainment/Culture,Virtual Clim Tracker,Present,Virtual Clim Tracker helps users by providing functionality for virtual clim tracker.,"virtual, clim, tracker, ai tool, online tool",Virtual Clim Tracker — Use this tool online to virtual quickly and easily.,virtual-clim-tracker
Design/Creative,Spac Editor 2.0,Generative,Spac Editor 2.0 helps users by providing functionality for spac editor 2.0.,"spac, editor, 2.0, ai tool, online tool",Spac Editor 2.0 — Use this tool online to spac quickly and easily.,spac-editor-20
Business/Finance,Spac Composer AI,Present,Spac Composer AI helps users by providing functionality for spac composer ai.,"spac, composer, ai tool, online tool",Spac Composer AI — Use this tool online to spac quickly and easily.,spac-composer-ai
Climate/Environment,Virtual Educ Composer,Present,Virtual Educ Composer helps users by providing functionality for virtual educ composer.,"virtual, educ, composer, ai tool, online tool",Virtual Educ Composer — Use this tool online to virtual quickly and easily.,virtual-educ-composer
Technology/Future,Instant Seo/Mark Editor,Generative,Instant Seo/Mark Editor helps users by providing functionality for instant seo/mark editor.,"instant, seo, mark, editor, ai tool, online tool",Instant Seo/Mark Editor — Use this tool online to instant quickly and easily.,instant-seomark-editor
SEO/Digital Marketing,AI GeneScie Mixer Pro,Future,AI GeneScie Mixer Pro helps users by providing cutting-edge functionality for ai genescie mixer pro.,"genescie, mixer, pro, ai tool, online tool",AI GeneScie Mixer Pro — Use this tool online to ai quickly and easily.,ai-genescie-mixer-pro
Business/Finance,Pers Builder 2.0,Present,Pers Builder 2.0 helps users by providing functionality for pers builder 2.0.,"pers, builder, 2.0, ai tool, online tool",Pers Builder 2.0 — Use this tool online to pers quickly and easily.,pers-builder-20
Personal/Lifestyle,AI Gami Aligner Pro,Present,AI Gami Aligner Pro helps users by providing functionality for ai gami aligner pro.,"gami, aligner, pro, ai tool, online tool",AI Gami Aligner Pro — Use this tool online to ai quickly and easily.,ai-gami-aligner-pro
Generative Science,Busi Composer X,Present,Busi Composer X helps users by providing functionality for busi composer x.,"busi, composer, ai tool, online tool",Busi Composer X — Use this tool online to busi quickly and easily.,busi-composer-x
Climate/Environment,Heal Studio AI,Generative,Heal Studio AI helps users by providing functionality for heal studio ai.,"heal, studio, ai tool, online tool",Heal Studio AI — Use this tool online to heal quickly and easily.,heal-studio-ai
Technology/Future,Clim Manager 2.0,Generative,Clim Manager 2.0 helps users by providing functionality for clim manager 2.0.,"clim, manager, 2.0, ai tool, online tool",Clim Manager 2.0 — Use this tool online to clim quickly and easily.,clim-manager-20
Technology/Future,Auto Seo/Mark Composer Builder,Future,Auto Seo/Mark Composer Builder helps users by providing cutting-edge functionality for auto seo/mark composer builder.,"auto, seo, mark, composer, builder, ai tool, online tool",Auto Seo/Mark Composer Builder — Use this tool online to auto quickly and easily.,auto-seomark-composer-builder
Developers/Coding,Auto Pers Analyzer Builder,Generative,Auto Pers Analyzer Builder helps users by providing functionality for auto pers analyzer builder.,"auto, pers, analyzer, builder, ai tool, online tool",Auto Pers Analyzer Builder — Use this tool online to auto quickly and easily.,auto-pers-analyzer-builder
Developers/Coding,Cloud Iot/ Finder Service,Generative,Cloud Iot/ Finder Service helps users by providing functionality for cloud iot/ finder service.,"cloud, iot, finder, service, ai tool, online tool",Cloud Iot/ Finder Service — Use this tool online to cloud quickly and easily.,cloud-iot-finder-service
Education/Learning,ContWrit Simulator X,Future,ContWrit Simulator X helps users by providing cutting-edge functionality for contwrit simulator x.,"contwrit, simulator, ai tool, online tool",ContWrit Simulator X — Use this tool online to contwrit quickly and easily.,contwrit-simulator-x
Business/Finance,Instant Pers Finder,Present,Instant Pers Finder helps users by providing functionality for instant pers finder.,"instant, pers, finder, ai tool, online tool",Instant Pers Finder — Use this tool online to instant quickly and easily.,instant-pers-finder
Gaming/ARVR,Cloud Ente Editor Service,Present,Cloud Ente Editor Service helps users by providing functionality for cloud ente editor service.,"cloud, ente, editor, service, ai tool, online tool",Cloud Ente Editor Service — Use this tool online to cloud quickly and easily.,cloud-ente-editor-service
Design/Creative,Auto ContWrit Editor Builder,Generative,Auto ContWrit Editor Builder helps users by providing functionality for auto contwrit editor builder.,"auto, contwrit, editor, builder, ai tool, online tool",Auto ContWrit Editor Builder — Use this tool online to auto quickly and easily.,auto-contwrit-editor-builder
SEO/Digital Marketing,Tech Detector X,Present,Tech Detector X helps users by providing functionality for tech detector x.,"tech, detector, ai tool, online tool",Tech Detector X — Use this tool online to tech quickly and easily.,tech-detector-x
Education/Learning,Generative Ente Toolkit,Present,Generative Ente Toolkit helps users by providing functionality for generative ente toolkit.,"generative, ente, toolkit, ai tool, online tool",Generative Ente Toolkit — Use this tool online to generative quickly and easily.,generative-ente-toolkit
Gaming/ARVR,Generative Pers Enhancer,Future,Generative Pers Enhancer helps users by providing cutting-edge functionality for generative pers enhancer.,"generative, pers, enhancer, ai tool, online tool",Generative Pers Enhancer — Use this tool online to generative quickly and easily.,generative-pers-enhancer
Business/Finance,Ente Simulator Studio,Generative,Ente Simulator Studio helps users by providing functionality for ente simulator studio.,"ente, simulator, studio, ai tool, online tool",Ente Simulator Studio — Use this tool online to ente quickly and easily.,ente-simulator-studio
Entertainment/Culture,Instant Tech Converter,Present,Instant Tech Converter helps users by providing functionality for instant tech converter.,"instant, tech, converter, ai tool, online tool",Instant Tech Converter — Use this tool online to instant quickly and easily.,instant-tech-converter
HealthTech/BioTech,Tech Synth AI,Generative,Tech Synth AI helps users by providing functionality for tech synth ai.,"tech, synth, ai tool, online tool",Tech Synth AI — Use this tool online to tech quickly and easily.,tech-synth-ai
Content Writing,Spac Mapper Studio,Present,Spac Mapper Studio helps users by providing functionality for spac mapper studio.,"spac, mapper, studio, ai tool, online tool",Spac Mapper Studio — Use this tool online to spac quickly and easily.,spac-mapper-studio
Business/Finance,Cloud GeneScie Composer Service,Present,Cloud GeneScie Composer Service helps users by providing functionality for cloud genescie composer service.,"cloud, genescie, composer, service, ai tool, online tool",Cloud GeneScie Composer Service — Use this tool online to cloud quickly and easily.,cloud-genescie-composer-service
Gaming/ARVR,Instant Clim Synth,Present,Instant Clim Synth helps users by providing functionality for instant clim synth.,"instant, clim, synth, ai tool, online tool",Instant Clim Synth — Use this tool online to instant quickly and easily.,instant-clim-synth
Developers/Coding,Clim Generator AI,Generative,Clim Generator AI helps users by providing functionality for clim generator ai.,"clim, generator, ai tool, online tool",Clim Generator AI — Use this tool online to clim quickly and easily.,clim-generator-ai
Education/Learning,Spac Builder AI,Present,Spac Builder AI helps users by providing functionality for spac builder ai.,"spac, builder, ai tool, online tool",Spac Builder AI — Use this tool online to spac quickly and easily.,spac-builder-ai
Space/Astronomy,GeneScie Dashboard X,Generative,GeneScie Dashboard X helps users by providing functionality for genescie dashboard x.,"genescie, dashboard, ai tool, online tool",GeneScie Dashboard X — Use this tool online to genescie quickly and easily.,genescie-dashboard-x
Generative Science,Cloud Spac Mapper Service,Present,Cloud Spac Mapper Service helps users by providing functionality for cloud spac mapper service.,"cloud, spac, mapper, service, ai tool, online tool",Cloud Spac Mapper Service — Use this tool online to cloud quickly and easily.,cloud-spac-mapper-service
HealthTech/BioTech,Heal Creator 2.0,Present,Heal Creator 2.0 helps users by providing functionality for heal creator 2.0.,"heal, creator, 2.0, ai tool, online tool",Heal Creator 2.0 — Use this tool online to heal quickly and easily.,heal-creator-20
Personal/Lifestyle,Educ Enhancer 2.0,Present,Educ Enhancer 2.0 helps users by providing functionality for educ enhancer 2.0.,"educ, enhancer, 2.0, ai tool, online tool",Educ Enhancer 2.0 — Use this tool online to educ quickly and easily.,educ-enhancer-20
IoT/Robotics,Auto ContWrit Toolkit Builder,Generative,Auto ContWrit Toolkit Builder helps users by providing functionality for auto contwrit toolkit builder.,"auto, contwrit, toolkit, builder, ai tool, online tool",Auto ContWrit Toolkit Builder — Use this tool online to auto quickly and easily.,auto-contwrit-toolkit-builder
Personal/Lifestyle,ContWrit Tracker Studio,Future,ContWrit Tracker Studio helps users by providing cutting-edge functionality for contwrit tracker studio.,"contwrit, tracker, studio, ai tool, online tool",ContWrit Tracker Studio — Use this tool online to contwrit quickly and easily.,contwrit-tracker-studio
HealthTech/BioTech,ContWrit Optimizer Studio,Generative,ContWrit Optimizer Studio helps users by providing functionality for contwrit optimizer studio.,"contwrit, optimizer, studio, ai tool, online tool",ContWrit Optimizer Studio — Use this tool online to contwrit quickly and easily.,contwrit-optimizer-studio
Video/Audio Tools,Virtual Heal Toolkit,Future,Virtual Heal Toolkit helps users by providing cutting-edge functionality for virtual heal toolkit.,"virtual, heal, toolkit, ai tool, online tool",Virtual Heal Toolkit — Use this tool online to virtual quickly and easily.,virtual-heal-toolkit
Developers/Coding,Educ Planner X,Present,Educ Planner X helps users by providing functionality for educ planner x.,"educ, planner, ai tool, online tool",Educ Planner X — Use this tool online to educ quickly and easily.,educ-planner-x
Design/Creative,Iot/ Finder 2.0,Present,Iot/ Finder 2.0 helps users by providing functionality for iot/ finder 2.0.,"iot, finder, 2.0, ai tool, online tool",Iot/ Finder 2.0 — Use this tool online to iot/ quickly and easily.,iot-finder-20
IoT/Robotics,AI GeneScie Studio Pro,Generative,AI GeneScie Studio Pro helps users by providing functionality for ai genescie studio pro.,"genescie, studio, pro, ai tool, online tool",AI GeneScie Studio Pro — Use this tool online to ai quickly and easily.,ai-genescie-studio-pro
Personal/Lifestyle,GeneScie Lab Assistant,Future,GeneScie Lab Assistant helps users by providing cutting-edge functionality for genescie lab assistant.,"genescie, lab, assistant, ai tool, online tool",GeneScie Lab Assistant — Use this tool online to genescie quickly and easily.,genescie-lab-assistant
Content Writing,NextGen Iot/ Converter,Generative,NextGen Iot/ Converter helps users by providing functionality for nextgen iot/ converter.,"nextgen, iot, converter, ai tool, online tool",NextGen Iot/ Converter — Use this tool online to nextgen quickly and easily.,nextgen-iot-converter
Personal/Lifestyle,Desi Finder X,Present,Desi Finder X helps users by providing functionality for desi finder x.,"desi, finder, ai tool, online tool",Desi Finder X — Use this tool online to desi quickly and easily.,desi-finder-x
Developers/Coding,NextGen Pers Creator,Generative,NextGen Pers Creator helps users by providing functionality for nextgen pers creator.,"nextgen, pers, creator, ai tool, online tool",NextGen Pers Creator — Use this tool online to nextgen quickly and easily.,nextgen-pers-creator
Design/Creative,Desi Planner Assistant,Present,Desi Planner Assistant helps users by providing functionality for desi planner assistant.,"desi, planner, assistant, ai tool, online tool",Desi Planner Assistant — Use this tool online to desi quickly and easily.,desi-planner-assistant
Design/Creative,Generative Iot/ Planner,Present,Generative Iot/ Planner helps users by providing functionality for generative iot/ planner.,"generative, iot, planner, ai tool, online tool",Generative Iot/ Planner — Use this tool online to generative quickly and easily.,generative-iot-planner
Education/Learning,Auto Heal Editor Builder,Present,Auto Heal Editor Builder helps users by providing functionality for auto heal editor builder.,"auto, heal, editor, builder, ai tool, online tool",Auto Heal Editor Builder — Use this tool online to auto quickly and easily.,auto-heal-editor-builder
Gaming/ARVR,GeneScie Editor X,Present,GeneScie Editor X helps users by providing functionality for genescie editor x.,"genescie, editor, ai tool, online tool",GeneScie Editor X — Use this tool online to genescie quickly and easily.,genescie-editor-x
Content Writing,Tech Converter X,Future,Tech Converter X helps users by providing cutting-edge functionality for tech converter x.,"tech, converter, ai tool, online tool",Tech Converter X — Use this tool online to tech quickly and easily.,tech-converter-x
Space/Astronomy,AI Heal Manager Pro,Present,AI Heal Manager Pro helps users by providing functionality for ai heal manager pro.,"heal, manager, pro, ai tool, online tool",AI Heal Manager Pro — Use this tool online to ai quickly and easily.,ai-heal-manager-pro
Design/Creative,Busi Synth Assistant,Present,Busi Synth Assistant helps users by providing functionality for busi synth assistant.,"busi, synth, assistant, ai tool, online tool",Busi Synth Assistant — Use this tool online to busi quickly and easily.,busi-synth-assistant
Gaming/ARVR,Smart GeneScie Creator,Present,Smart GeneScie Creator helps users by providing functionality for smart genescie creator.,"smart, genescie, creator, ai tool, online tool",Smart GeneScie Creator — Use this tool online to smart quickly and easily.,smart-genescie-creator
SEO/Digital Marketing,Generative Heal Studio,Generative,Generative Heal Studio helps users by providing functionality for generative heal studio.,"generative, heal, studio, ai tool, online tool",Generative Heal Studio — Use this tool online to generative quickly and easily.,generative-heal-studio
Design/Creative,Cloud Desi Converter Service,Future,Cloud Desi Converter Service helps users by providing cutting-edge functionality for cloud desi converter service.,"cloud, desi, converter, service, ai tool, online tool",Cloud Desi Converter Service — Use this tool online to cloud quickly and easily.,cloud-desi-converter-service
Education/Learning,Ente Optimizer X,Present,Ente Optimizer X helps users by providing functionality for ente optimizer x.,"ente, optimizer, ai tool, online tool",Ente Optimizer X — Use this tool online to ente quickly and easily.,ente-optimizer-x
Generative Science,Busi Dashboard Studio,Generative,Busi Dashboard Studio helps users by providing functionality for busi dashboard studio.,"busi, dashboard, studio, ai tool, online tool",Busi Dashboard Studio — Use this tool online to busi quickly and easily.,busi-dashboard-studio
IoT/Robotics,Seo/Mark Lab Assistant,Present,Seo/Mark Lab Assistant helps users by providing functionality for seo/mark lab assistant.,"seo, mark, lab, assistant, ai tool, online tool",Seo/Mark Lab Assistant — Use this tool online to seo/mark quickly and easily.,seomark-lab-assistant
Design/Creative,Generative Iot/ Mapper,Present,Generative Iot/ Mapper helps users by providing functionality for generative iot/ mapper.,"generative, iot, mapper, ai tool, online tool",Generative Iot/ Mapper — Use this tool online to generative quickly and easily.,generative-iot-mapper
Entertainment/Culture,Generative Iot/ Optimizer,Future,Generative Iot/ Optimizer helps users by providing cutting-edge functionality for generative iot/ optimizer.,"generative, iot, optimizer, ai tool, online tool",Generative Iot/ Optimizer — Use this tool online to generative quickly and easily.,generative-iot-optimizer
IoT/Robotics,Busi Assistant Studio,Present,Busi Assistant Studio helps users by providing functionality for busi assistant studio.,"busi, assistant, studio, ai tool, online tool",Busi Assistant Studio — Use this tool online to busi quickly and easily.,busi-assistant-studio
Developers/Coding,Virtual Heal Lab,Present,Virtual Heal Lab helps users by providing functionality for virtual heal lab.,"virtual, heal, lab, ai tool, online tool",Virtual Heal Lab — Use this tool online to virtual quickly and easily.,virtual-heal-lab
Gaming/ARVR,Virtual Ente Analyzer,Generative,Virtual Ente Analyzer helps users by providing functionality for virtual ente analyzer.,"virtual, ente, analyzer, ai tool, online tool",Virtual Ente Analyzer — Use this tool online to virtual quickly and easily.,virtual-ente-analyzer
Gaming/ARVR,NextGen GeneScie Manager,Present,NextGen GeneScie Manager helps users by providing functionality for nextgen genescie manager.,"nextgen, genescie, manager, ai tool, online tool",NextGen GeneScie Manager — Use this tool online to nextgen quickly and easily.,nextgen-genescie-manager
Video/Audio Tools,Virtual Seo/Mark Optimizer,Present,Virtual Seo/Mark Optimizer helps users by providing functionality for virtual seo/mark optimizer.,"virtual, seo, mark, optimizer, ai tool, online tool",Virtual Seo/Mark Optimizer — Use this tool online to virtual quickly and easily.,virtual-seomark-optimizer
Personal/Lifestyle,Virtual VideTool Assistant,Present,Virtual VideTool Assistant helps users by providing functionality for virtual videtool assistant.,"virtual, videtool, assistant, ai tool, online tool",Virtual VideTool Assistant — Use this tool online to virtual quickly and easily.,virtual-videtool-assistant
Video/Audio Tools,Cloud Tech Lab Service,Present,Cloud Tech Lab Service helps users by providing functionality for cloud tech lab service.,"cloud, tech, lab, service, ai tool, online tool",Cloud Tech Lab Service — Use this tool online to cloud quickly and easily.,cloud-tech-lab-service
Entertainment/Culture,Auto Busi Toolkit Builder,Present,Auto Busi Toolkit Builder helps users by providing functionality for auto busi toolkit builder.,"auto, busi, toolkit, builder, ai tool, online tool",Auto Busi Toolkit Builder — Use this tool online to auto quickly and easily.,auto-busi-toolkit-builder
Business/Finance,Smart Gami Builder,Present,Smart Gami Builder helps users by providing functionality for smart gami builder.,"smart, gami, builder, ai tool, online tool",Smart Gami Builder — Use this tool online to smart quickly and easily.,smart-gami-builder
Education/Learning,Ente Generator Studio,Future,Ente Generator Studio helps users by providing cutting-edge functionality for ente generator studio.,"ente, generator, studio, ai tool, online tool",Ente Generator Studio — Use this tool online to ente quickly and easily.,ente-generator-studio
IoT/Robotics,Deve Synth X,Present,Deve Synth X helps users by providing functionality for deve synth x.,"deve, synth, ai tool, online tool",Deve Synth X — Use this tool online to deve quickly and easily.,deve-synth-x
Business/Finance,Instant Heal Composer,Present,Instant Heal Composer helps users by providing functionality for instant heal composer.,"instant, heal, composer, ai tool, online tool",Instant Heal Composer — Use this tool online to instant quickly and easily.,instant-heal-composer
Developers/Coding,Spac Bot X,Present,Spac Bot X helps users by providing functionality for spac bot x.,"spac, bot, ai tool, online tool",Spac Bot X — Use this tool online to spac quickly and easily.,spac-bot-x
Content Writing,Cloud Seo/Mark Manager Service,Present,Cloud Seo/Mark Manager Service helps users by providing functionality for cloud seo/mark manager service.,"cloud, seo, mark, manager, service, ai tool, online tool",Cloud Seo/Mark Manager Service — Use this tool online to cloud quickly and easily.,cloud-seomark-manager-service
Technology/Future,AI Educ Simulator Pro,Present,AI Educ Simulator Pro helps users by providing functionality for ai educ simulator pro.,"educ, simulator, pro, ai tool, online tool",AI Educ Simulator Pro — Use this tool online to ai quickly and easily.,ai-educ-simulator-pro
HealthTech/BioTech,Educ Converter 2.0,Generative,Educ Converter 2.0 helps users by providing functionality for educ converter 2.0.,"educ, converter, 2.0, ai tool, online tool",Educ Converter 2.0 — Use this tool online to educ quickly and easily.,educ-converter-20
Climate/Environment,Generative Deve Tracker,Present,Generative Deve Tracker helps users by providing functionality for generative deve tracker.,"generative, deve, tracker, ai tool, online tool",Generative Deve Tracker — Use this tool online to generative quickly and easily.,generative-deve-tracker
Design/Creative,Auto ContWrit Converter Builder,Present,Auto ContWrit Converter Builder helps users by providing functionality for auto contwrit converter builder.,"auto, contwrit, converter, builder, ai tool, online tool",Auto ContWrit Converter Builder — Use this tool online to auto quickly and easily.,auto-contwrit-converter-builder
IoT/Robotics,Busi Editor Assistant,Present,Busi Editor Assistant helps users by providing functionality for busi editor assistant.,"busi, editor, assistant, ai tool, online tool",Busi Editor Assistant — Use this tool online to busi quickly and easily.,busi-editor-assistant
Content Writing,Smart VideTool Aligner,Present,Smart VideTool Aligner helps users by providing functionality for smart videtool aligner.,"smart, videtool, aligner, ai tool, online tool",Smart VideTool Aligner — Use this tool online to smart quickly and easily.,smart-videtool-aligner
Climate/Environment,Iot/ Converter AI,Present,Iot/ Converter AI helps users by providing functionality for iot/ converter ai.,"iot, converter, ai tool, online tool",Iot/ Converter AI — Use this tool online to iot/ quickly and easily.,iot-converter-ai
Design/Creative,Auto Heal Dashboard Builder,Present,Auto Heal Dashboard Builder helps users by providing functionality for auto heal dashboard builder.,"auto, heal, dashboard, builder, ai tool, online tool",Auto Heal Dashboard Builder — Use this tool online to auto quickly and easily.,auto-heal-dashboard-builder
Space/Astronomy,Deve Mapper Analyzer,Present,Deve Mapper Analyzer helps users by providing functionality for deve mapper analyzer.,"deve, mapper, analyzer, ai tool, online tool",Deve Mapper Analyzer — Use this tool online to deve quickly and easily.,deve-mapper-analyzer
Developers/Coding,NextGen Ente Builder,Present,NextGen Ente Builder helps users by providing functionality for nextgen ente builder.,"nextgen, ente, builder, ai tool, online tool",NextGen Ente Builder — Use this tool online to nextgen quickly and easily.,nextgen-ente-builder
Space/Astronomy,Virtual GeneScie Manager,Generative,Virtual GeneScie Manager helps users by providing functionality for virtual genescie manager.,"virtual, genescie, manager, ai tool, online tool",Virtual GeneScie Manager — Use this tool online to virtual quickly and easily.,virtual-genescie-manager
Space/Astronomy,Spac Manager 2.0,Present,Spac Manager 2.0 helps users by providing functionality for spac manager 2.0.,"spac, manager, 2.0, ai tool, online tool",Spac Manager 2.0 — Use this tool online to spac quickly and easily.,spac-manager-20
Design/Creative,Seo/Mark Tracker X,Present,Seo/Mark Tracker X helps users by providing functionality for seo/mark tracker x.,"seo, mark, tracker, ai tool, online tool",Seo/Mark Tracker X — Use this tool online to seo/mark quickly and easily.,seomark-tracker-x
Technology/Future,NextGen Gami Composer,Present,NextGen Gami Composer helps users by providing functionality for nextgen gami composer.,"nextgen, gami, composer, ai tool, online tool",NextGen Gami Composer — Use this tool online to nextgen quickly and easily.,nextgen-gami-composer
Climate/Environment,ContWrit Detector 2.0,Present,ContWrit Detector 2.0 helps users by providing functionality for contwrit detector 2.0.,"contwrit, detector, 2.0, ai tool, online tool",ContWrit Detector 2.0 — Use this tool online to contwrit quickly and easily.,contwrit-detector-20
Developers/Coding,Desi Mapper 2.0,Present,Desi Mapper 2.0 helps users by providing functionality for desi mapper 2.0.,"desi, mapper, 2.0, ai tool, online tool",Desi Mapper 2.0 — Use this tool online to desi quickly and easily.,desi-mapper-20
Space/Astronomy,Virtual Deve Mapper,Future,Virtual Deve Mapper helps users by providing cutting-edge functionality for virtual deve mapper.,"virtual, deve, mapper, ai tool, online tool",Virtual Deve Mapper — Use this tool online to virtual quickly and easily.,virtual-deve-mapper
Design/Creative,Educ Mixer X,Future,Educ Mixer X helps users by providing cutting-edge functionality for educ mixer x.,"educ, mixer, ai tool, online tool",Educ Mixer X — Use this tool online to educ quickly and easily.,educ-mixer-x
Education/Learning,Smart VideTool Enhancer,Generative,Smart VideTool Enhancer helps users by providing functionality for smart videtool enhancer.,"smart, videtool, enhancer, ai tool, online tool",Smart VideTool Enhancer — Use this tool online to smart quickly and easily.,smart-videtool-enhancer
Content Writing,Auto Seo/Mark Tracker Builder,Future,Auto Seo/Mark Tracker Builder helps users by providing cutting-edge functionality for auto seo/mark tracker builder.,"auto, seo, mark, tracker, builder, ai tool, online tool",Auto Seo/Mark Tracker Builder — Use this tool online to auto quickly and easily.,auto-seomark-tracker-builder
Technology/Future,Virtual ContWrit Creator,Generative,Virtual ContWrit Creator helps users by providing functionality for virtual contwrit creator.,"virtual, contwrit, creator, ai tool, online tool",Virtual ContWrit Creator — Use this tool online to virtual quickly and easily.,virtual-contwrit-creator
Gaming/ARVR,GeneScie Composer 2.0,Generative,GeneScie Composer 2.0 helps users by providing functionality for genescie composer 2.0.,"genescie, composer, 2.0, ai tool, online tool",GeneScie Composer 2.0 — Use this tool online to genescie quickly and easily.,genescie-composer-20
